gender,age,debt,married,bank_customer,education,ethnicity,years_employed,prior_default,employed,credit_score,drivers_license,citizen,zip_code,income,approved,cibil_score,monthly_income,existing_emi,employment_type,city_tier,debt_to_income,monthly_surplus,credit_history_months
a,23.38,11.0,y,p,aa,v,4.71,t,f,0,f,g,120,0,0,524,11622,186,salaried,tier_3,0.016,11436,57
b,36.5,5.5,u,g,i,bb,5.21,f,f,0,f,g,210,687,0,559,42558,18395,self_employed,tier_2,0.4322,24163,65
b,18.0,4.46,u,g,c,v,0.0,f,f,0,f,s,80,0,0,494,27292,9065,business,tier_1,0.3321,18227,8
a,23.85,1.04,y,p,ff,ff,0.57,t,t,3,f,g,180,147,0,302,20107,763,business,tier_3,0.0379,19344,15
a,39.59,5.0,u,g,cc,v,13.57,t,f,0,t,g,980,0,0,528,16852,943,salaried,tier_2,0.056,15909,170
b,24.18,11.25,u,g,c,v,2.68,t,t,17,f,g,200,1208,1,776,144050,12653,freelancer,tier_1,0.0878,131397,50
b,49.13,3.75,u,g,i,bb,0.59,f,f,0,f,g,100,2,0,300,15613,2428,salaried,tier_1,0.1555,13185,11
b,48.65,2.5,u,g,m,bb,2.63,t,t,12,t,g,410,2510,1,874,132518,4111,salaried,tier_1,0.031,128407,36
b,23.15,0.875,u,g,q,v,4.41,t,t,2,t,g,520,2000,1,800,150713,9425,salaried,tier_1,0.0625,141288,72
b,66.34,11.0,u,g,e,z,20.01,t,t,7,t,g,22,0,1,665,139541,53486,business,tier_2,0.3833,86055,241
b,27.74,4.5,y,p,c,bb,2.77,f,f,0,f,g,200,1210,0,453,19811,2865,salaried,tier_1,0.1446,16946,56
a,18.0,9.5,u,g,aa,v,1.96,f,t,10,t,g,0,10,0,357,15379,3956,salaried,tier_1,0.2572,11423,26
b,61.34,12.75,y,p,c,h,4.62,t,f,0,f,g,112,0,0,316,28911,11084,salaried,tier_1,0.3834,17827,78
b,18.0,7.0,u,g,e,v,1.09,f,f,0,f,g,600,0,0,577,17121,4786,business,tier_2,0.2795,12335,30
b,29.52,4.0,y,p,i,h,6.22,t,t,2,t,g,75,0,0,383,25673,13130,salaried,tier_2,0.5114,12543,75
b,49.14,6.5,u,g,q,h,5.66,t,f,0,t,g,350,0,1,743,66548,8594,salaried,tier_1,0.1291,57954,83
a,18.0,0.375,l,gg,cc,ff,10.35,f,f,0,t,s,300,0,1,696,24352,2549,business,tier_2,0.1047,21803,130
a,30.98,5.5,u,g,k,v,5.7,f,f,0,t,s,100,0,0,547,17961,1214,business,tier_2,0.0676,16747,79
a,27.88,0.375,u,g,q,v,0.86,t,t,4,f,g,80,0,1,679,97128,18539,salaried,tier_1,0.1909,78589,30
b,22.2,1.54,u,g,k,v,0.0,f,f,0,t,g,356,0,0,300,12111,2440,self_employed,tier_3,0.2015,9671,23
a,23.61,0.335,u,g,q,v,0.54,f,f,0,f,s,160,0,0,556,41141,10328,salaried,tier_1,0.251,30813,8
b,33.23,3.165,y,p,x,v,3.57,t,t,3,t,g,380,0,1,799,42648,7831,salaried,tier_3,0.1836,34817,42
a,23.01,1.75,y,p,j,j,0.0,f,f,0,f,g,160,0,0,543,29676,2056,freelancer,tier_2,0.0693,27620,12
a,41.72,10.0,u,g,q,h,1.31,t,f,0,f,g,29,837,1,900,170857,61956,salaried,tier_2,0.3626,108901,23
b,24.21,0.415,y,p,c,v,0.14,f,t,2,f,g,128,6,0,514,40228,4187,freelancer,tier_2,0.1041,36041,9
b,28.77,1.085,y,p,c,v,0.0,f,f,0,f,g,170,179,0,391,31597,4969,salaried,tier_1,0.1573,26628,20
b,24.59,1.0,u,g,c,v,1.13,t,f,0,f,s,300,0,1,673,23588,2277,business,tier_1,0.0965,21311,20
a,49.91,1.335,u,g,i,o,0.48,f,f,0,f,g,0,120,0,548,27054,7736,salaried,tier_3,0.2859,19318,20
b,23.88,0.58,u,g,c,v,0.66,t,t,7,t,g,96,5124,1,709,162281,47469,business,tier_2,0.2925,114812,22
b,20.37,7.0,u,g,c,v,1.91,t,t,3,f,g,200,1391,1,746,25159,372,salaried,tier_1,0.0148,24787,27
b,34.21,4.5,u,g,x,h,5.36,f,f,0,t,s,711,0,1,765,85710,20430,salaried,tier_2,0.2384,65280,78
b,35.27,1.75,u,g,w,bb,0.13,t,f,0,t,g,163,0,0,332,26629,228,business,tier_3,0.0086,26401,5
b,39.89,5.0,u,g,cc,v,3.77,t,t,10,t,g,0,0,1,739,29927,9750,self_employed,tier_2,0.3258,20177,57
b,33.06,4.04,y,p,i,bb,8.42,t,t,7,t,g,195,0,1,786,37836,6622,salaried,tier_1,0.175,31214,118
b,28.51,0.75,u,g,c,h,4.72,t,t,3,t,g,312,150,1,697,38225,10871,salaried,tier_1,0.2844,27354,65
a,44.8,3.0,u,g,c,v,2.61,t,t,8,t,g,396,4159,1,892,44303,18607,salaried,tier_1,0.42,25696,31
a,19.02,11.0,u,g,x,h,0.52,t,t,11,f,g,0,3000,1,761,92967,26609,salaried,tier_3,0.2862,66358,27
b,43.0,2.25,u,g,i,bb,1.13,t,f,0,f,g,560,0,0,591,15394,1656,salaried,tier_1,0.1076,13738,28
b,47.89,6.5,u,g,q,h,5.6,t,f,0,t,g,350,0,1,749,70349,8887,salaried,tier_1,0.1263,61462,76
b,18.0,4.0,y,p,w,v,1.39,t,t,2,t,g,120,1000,1,713,108194,2507,salaried,tier_2,0.0232,105687,19
b,35.09,0.75,y,p,d,v,0.82,f,f,0,f,g,240,3,0,507,30161,6773,business,tier_2,0.2246,23388,28
b,25.65,11.25,u,g,c,v,2.86,t,t,17,f,g,200,1208,1,784,143164,10295,freelancer,tier_1,0.0719,132869,56
b,41.53,0.0,u,g,c,bb,15.04,t,f,0,f,g,0,0,1,805,96152,29295,salaried,tier_2,0.3047,66857,198
b,18.0,10.0,u,g,w,h,0.0,f,t,1,f,g,120,1,0,627,34016,2690,business,tier_2,0.0791,31326,5
a,67.95,6.0,u,g,ff,ff,0.0,f,f,0,f,s,0,0,0,559,28198,7911,self_employed,tier_3,0.2806,20287,12
b,18.0,2.46,u,g,c,n,0.8,f,t,2,t,g,160,587,0,711,41757,8406,business,tier_2,0.2013,33351,9
a,34.23,2.5,y,p,c,v,2.33,f,f,0,t,g,0,2,0,689,20560,2256,business,tier_1,0.1097,18304,48
b,48.93,6.04,u,g,k,v,0.0,f,f,0,f,g,0,2690,1,873,110411,33047,freelancer,tier_1,0.2993,77364,1
b,38.48,21.5,u,g,e,z,20.11,t,t,11,f,g,0,1200,1,865,64280,17431,self_employed,tier_2,0.2712,46849,253
b,27.07,0.54,u,g,k,ff,0.4,f,f,0,f,g,100,0,0,478,20152,5296,freelancer,tier_1,0.2628,14856,15
b,37.01,0.21,u,g,k,v,0.0,t,f,0,t,g,280,0,1,843,27123,8140,salaried,tier_1,0.3001,18983,18
b,42.78,1.335,u,g,d,v,0.0,f,f,0,f,g,168,0,0,541,19514,1953,business,tier_2,0.1001,17561,11
a,30.21,3.54,u,g,i,bb,0.84,t,f,0,t,g,171,0,0,300,39495,8714,freelancer,tier_2,0.2206,30781,27
b,22.87,11.46,u,g,k,v,1.83,f,f,0,t,g,100,1212,0,319,11632,4175,salaried,tier_2,0.3589,7457,30
b,40.87,2.5,y,p,i,h,10.43,f,f,0,t,s,200,0,0,333,16935,1935,business,tier_3,0.1143,15000,126
a,28.58,1.665,u,g,ff,ff,0.0,f,f,0,f,g,340,1,0,525,21742,986,business,tier_1,0.0454,20756,12
a,26.23,1.25,u,g,ff,ff,0.0,t,f,0,f,g,80,0,0,328,36738,12449,freelancer,tier_2,0.3389,24289,13
a,22.86,10.75,u,g,q,v,0.46,t,t,5,t,g,0,560,1,644,32339,10401,salaried,tier_2,0.3216,21938,17
b,59.3,14.5,u,g,ff,ff,18.11,t,t,15,t,g,0,1000,1,814,24880,6994,self_employed,tier_3,0.2811,17886,220
a,26.54,1.5,u,g,m,v,1.98,t,f,0,f,s,368,0,0,427,32226,1614,business,tier_2,0.0501,30612,31
b,29.48,6.5,u,g,cc,v,3.22,t,t,8,f,g,330,1200,1,647,99214,2215,salaried,tier_3,0.0223,96999,47
a,70.0,6.0,u,g,ff,ff,0.0,f,f,0,f,s,0,0,0,558,26020,5358,self_employed,tier_3,0.2059,20662,18
a,57.36,4.46,u,g,q,h,3.02,t,t,6,f,g,43,560,1,856,28433,7489,self_employed,tier_3,0.2634,20944,44
b,18.0,3.125,u,g,w,v,0.24,f,t,1,f,g,0,6,0,388,45312,1257,salaried,tier_2,0.0277,44055,13
b,25.62,0.75,u,g,c,bb,0.18,t,f,0,f,g,349,23,1,745,54277,1732,business,tier_1,0.0319,52545,2
b,28.1,3.5,u,g,w,v,3.68,t,t,3,t,g,329,0,0,508,45895,14962,salaried,tier_3,0.326,30933,67
a,64.43,0.165,u,g,ff,ff,0.0,t,t,1,f,g,232,100,1,808,152001,5636,business,tier_2,0.0371,146365,11
b,36.69,2.5,u,g,i,v,0.83,f,f,0,t,g,210,0,0,472,28470,1002,salaried,tier_2,0.0352,27468,12
a,29.07,15.0,y,p,e,z,0.0,t,f,0,f,g,0,13212,1,704,87268,7324,self_employed,tier_1,0.0839,79944,18
b,20.0,9.5,u,g,q,v,0.91,t,f,0,t,g,60,400,1,816,47985,5382,salaried,tier_3,0.1122,42603,26
b,35.5,2.5,u,g,k,v,4.02,t,t,7,f,g,150,1270,1,829,45880,5382,salaried,tier_1,0.1173,40498,54
b,23.87,0.585,y,p,cc,h,0.29,f,f,0,f,g,240,1,0,531,16357,7809,freelancer,tier_3,0.4774,8548,19
b,18.0,4.46,u,g,c,v,0.6,f,f,0,f,s,80,0,0,509,26767,8253,business,tier_1,0.3083,18514,9
b,24.33,11.5,u,g,i,v,0.27,f,f,0,f,g,0,0,0,490,12440,1202,business,tier_1,0.0966,11238,13
b,70.0,19.0,y,p,ff,ff,0.0,f,t,2,f,g,0,351,0,680,19519,651,salaried,tier_1,0.0334,18868,19
a,50.54,0.0,y,p,ff,ff,0.49,f,f,0,f,g,0,0,0,331,12281,874,salaried,tier_1,0.0712,11407,23
b,28.75,1.29,u,g,k,h,0.01,f,f,0,t,s,140,0,0,459,16093,7179,salaried,tier_2,0.4461,8914,8
b,35.37,2.0,u,g,i,v,0.0,f,f,0,t,g,221,0,0,521,19680,4808,salaried,tier_1,0.2443,14872,3
b,36.91,2.04,u,g,w,v,0.0,t,f,0,t,g,400,5800,1,898,78058,4274,self_employed,tier_2,0.0548,73784,13
a,18.0,9.54,u,g,aa,v,0.32,t,f,0,f,g,100,0,1,838,72483,19585,salaried,tier_2,0.2702,52898,24
b,40.3,0.96,u,g,x,v,2.29,t,f,0,f,g,510,600,1,748,105223,6518,salaried,tier_1,0.0619,98705,48
a,22.27,0.585,y,p,ff,ff,0.2,f,f,0,f,g,120,87,0,341,11135,73,salaried,tier_3,0.0066,11062,11
b,37.39,1.71,u,g,x,v,0.04,t,t,5,t,g,480,0,1,687,23838,7365,self_employed,tier_3,0.309,16473,12
b,34.8,9.17,u,g,c,v,4.12,t,t,12,t,g,0,221,1,794,112524,30490,salaried,tier_2,0.271,82034,53
b,45.35,2.0,u,g,m,v,1.58,t,t,2,t,g,0,15,1,684,93715,558,self_employed,tier_2,0.006,93157,19
a,45.32,10.5,u,g,q,v,5.22,t,t,7,t,g,0,0,1,748,24774,2,business,tier_1,0.0001,24772,75
b,28.17,4.25,u,g,cc,v,4.4,t,t,1,t,g,120,0,1,711,39096,687,salaried,tier_2,0.0176,38409,63
b,47.18,12.0,u,g,m,v,15.62,t,f,0,f,s,110,0,1,722,159347,68139,salaried,tier_2,0.4276,91208,198
a,29.55,5.5,u,g,k,v,5.16,f,f,0,t,s,100,0,0,552,15635,1157,business,tier_2,0.074,14478,73
b,34.85,5.0,u,g,c,bb,2.64,t,t,6,f,g,0,367,1,681,44709,217,salaried,tier_2,0.0049,44492,35
b,41.06,3.29,u,g,m,v,3.81,f,f,0,t,s,400,0,0,419,10228,2202,freelancer,tier_2,0.2153,8026,54
a,24.68,0.875,u,g,x,h,0.89,t,f,0,t,g,160,5860,1,900,77945,23135,self_employed,tier_1,0.2968,54810,33
a,23.87,0.79,y,p,q,v,1.6,t,t,2,t,g,80,400,1,670,147645,12949,self_employed,tier_2,0.0877,134696,41
b,23.38,11.0,u,g,w,v,1.67,t,t,1,f,g,80,278,1,691,22257,1211,freelancer,tier_1,0.0544,21046,25
b,41.76,1.75,u,g,k,v,0.02,t,f,0,f,g,160,0,0,450,13648,3278,salaried,tier_3,0.2402,10370,23
b,36.59,2.54,u,g,ff,ff,0.0,f,f,0,f,g,0,1000,0,412,40355,3488,salaried,tier_3,0.0864,36867,10
b,32.99,2.835,u,g,ff,ff,0.27,f,t,5,f,g,176,146,0,450,27677,3223,self_employed,tier_3,0.1165,24454,8
a,52.53,0.165,u,g,ff,ff,0.0,f,f,0,t,s,62,27,0,642,30005,6037,salaried,tier_1,0.2012,23968,0
b,18.0,0.165,u,g,d,v,0.57,f,f,0,t,s,280,0,0,624,12646,2510,salaried,tier_2,0.1985,10136,9
b,30.7,2.04,y,p,x,h,0.25,f,f,0,f,g,128,1,0,616,34914,12083,salaried,tier_3,0.3461,22831,10
a,61.37,5.0,u,g,aa,v,4.33,t,t,4,f,g,0,99,1,855,32634,1039,freelancer,tier_2,0.0318,31595,64
b,20.04,7.5,u,g,aa,v,1.2,t,t,1,f,g,80,9800,1,769,109208,6004,salaried,tier_2,0.055,103204,23
b,33.67,9.17,u,g,c,v,4.19,t,t,12,t,g,0,221,1,848,98789,31537,salaried,tier_2,0.3192,67252,55
b,56.45,18.5,u,g,d,bb,15.47,t,t,17,t,g,0,0,1,805,152095,9560,business,tier_1,0.0629,142535,198
a,26.6,13.5,u,g,q,h,5.22,t,t,2,f,g,0,5000,1,787,24496,7258,self_employed,tier_1,0.2963,17238,69
b,27.38,9.335,u,g,q,h,6.0,t,t,6,f,g,381,168,1,868,21579,6156,business,tier_3,0.2853,15423,95
b,51.2,7.585,u,g,i,bb,7.1,t,t,15,t,g,0,5000,1,838,89972,31020,self_employed,tier_3,0.3448,58952,101
b,32.97,4.46,u,g,cc,h,5.89,t,t,3,f,g,311,300,1,838,98366,22326,self_employed,tier_2,0.227,76040,84
a,25.26,2.085,u,g,c,h,2.99,t,f,0,t,g,360,1,0,320,22818,3925,salaried,tier_3,0.172,18893,37
b,25.3,1.25,u,g,c,v,0.0,f,f,0,f,g,110,0,0,470,34599,10098,self_employed,tier_3,0.2919,24501,3
a,31.17,1.75,y,p,k,v,1.32,f,f,0,t,g,280,0,0,463,19855,2603,self_employed,tier_1,0.1311,17252,35
b,23.54,12.0,u,g,k,v,2.18,t,t,2,t,g,120,5,0,661,34330,1460,business,tier_2,0.0425,32870,26
b,31.25,0.165,y,p,c,h,2.77,t,t,1,t,g,432,8000,1,730,38078,5989,business,tier_3,0.1573,32089,41
b,25.75,0.335,u,g,k,h,3.24,f,f,0,t,g,340,0,0,369,19910,2355,salaried,tier_1,0.1183,17555,38
b,70.0,19.0,y,p,ff,ff,0.0,f,t,2,f,g,0,351,0,693,16606,624,salaried,tier_1,0.0376,15982,14
a,18.23,1.25,u,g,c,v,0.0,f,f,0,f,g,0,0,0,623,20487,4487,salaried,tier_3,0.219,16000,9
b,22.11,5.625,u,g,w,v,1.84,t,f,0,f,s,120,0,1,785,90907,23679,self_employed,tier_1,0.2605,67228,22
a,37.57,5.5,u,g,q,v,0.0,t,f,0,t,g,228,0,1,708,85157,20453,salaried,tier_2,0.2402,64704,4
a,24.77,2.085,u,g,c,h,2.53,t,f,0,t,g,360,1,0,343,28711,4023,salaried,tier_3,0.1401,24688,47
b,21.67,0.125,y,p,k,v,0.52,f,f,0,f,g,200,70,0,305,26587,952,self_employed,tier_2,0.0358,25635,19
b,23.87,3.0,u,g,c,v,1.22,f,t,1,f,g,0,22,0,466,45773,5549,self_employed,tier_2,0.1212,40224,30
b,24.25,11.5,u,g,i,v,3.39,t,t,9,f,g,56,742,1,692,102086,14583,self_employed,tier_3,0.1429,87503,63
a,47.65,10.5,u,g,q,v,5.22,t,t,7,t,g,0,0,1,707,23196,3,business,tier_1,0.0001,23193,80
b,48.15,4.25,u,g,m,v,0.53,t,f,0,t,g,225,0,1,793,49054,14373,freelancer,tier_2,0.293,34681,16
b,36.48,1.08,u,g,m,v,0.69,f,f,0,f,s,28,0,0,661,12336,433,freelancer,tier_3,0.0351,11903,31
b,18.0,0.04,u,g,c,v,0.0,f,f,0,f,g,0,0,1,823,30517,12972,business,tier_2,0.4251,17545,22
b,21.75,11.0,u,g,x,v,0.4,t,t,6,f,g,121,0,1,669,51835,914,self_employed,tier_3,0.0176,50921,14
b,34.87,5.25,u,g,w,v,0.0,f,f,0,t,g,290,6,1,854,57217,448,salaried,tier_2,0.0078,56769,12
b,37.24,1.75,y,p,c,bb,0.52,t,f,0,t,g,164,400,0,673,27210,9662,self_employed,tier_2,0.3551,17548,7
b,18.0,4.0,y,p,w,v,2.22,t,t,2,t,g,120,1000,1,693,108777,2513,salaried,tier_2,0.0231,106264,46
b,22.81,1.25,u,g,c,v,0.69,f,f,0,f,g,110,0,0,447,44894,8731,self_employed,tier_3,0.1945,36163,26
b,22.12,7.5,u,g,aa,v,1.18,t,t,1,f,g,80,9800,1,757,113311,7973,salaried,tier_2,0.0704,105338,20
b,25.21,1.5,y,p,w,v,0.1,t,f,0,t,g,260,1065,1,704,170706,17783,business,tier_2,0.1042,152923,19
a,37.02,0.915,u,g,aa,v,1.21,t,t,4,f,g,0,1583,1,727,50321,14844,business,tier_1,0.295,35477,27
b,29.13,1.5,u,g,w,v,1.96,t,t,11,t,g,434,35,1,862,28579,1928,salaried,tier_3,0.0675,26651,25
b,37.53,3.335,u,g,w,v,3.71,t,t,14,f,g,383,1344,1,713,161578,34765,salaried,tier_3,0.2152,126813,51
a,59.87,16.5,u,g,q,v,11.21,t,f,0,t,g,21,10561,1,701,89850,14473,freelancer,tier_2,0.1611,75377,136
b,41.35,5.0,u,g,q,h,4.78,t,t,6,t,g,470,0,1,772,74480,16232,self_employed,tier_3,0.2179,58248,60
b,34.39,4.5,u,g,aa,v,0.77,t,f,0,t,g,240,0,0,517,26637,617,freelancer,tier_2,0.0232,26020,24
b,19.15,1.25,y,p,k,v,0.5,f,f,0,f,g,140,4,0,655,27726,1404,salaried,tier_1,0.0506,26322,16
b,70.0,17.75,u,g,ff,ff,0.0,t,f,0,t,g,0,0,1,746,104218,16068,self_employed,tier_1,0.1542,88150,2
a,28.77,1.75,y,p,k,v,0.81,f,f,0,t,g,280,0,0,449,18899,2696,self_employed,tier_1,0.1427,16203,15
b,18.0,3.29,u,g,i,v,0.1,f,f,0,t,g,140,2,0,614,10785,429,freelancer,tier_3,0.0398,10356,2
b,54.59,18.5,u,g,d,bb,15.11,t,t,17,t,g,0,0,1,789,152928,9132,business,tier_1,0.0597,143796,192
a,19.48,5.0,y,p,ff,ff,0.0,f,f,0,f,g,0,0,0,645,32444,358,salaried,tier_2,0.011,32086,6
a,29.25,15.0,y,p,e,z,0.0,t,f,0,f,g,0,13212,1,683,99966,7940,self_employed,tier_1,0.0794,92026,15
b,43.02,1.335,u,g,d,v,0.29,f,f,0,f,g,168,0,0,499,15365,2864,business,tier_2,0.1864,12501,6
b,26.46,4.5,y,p,c,bb,2.85,f,f,0,f,g,200,1210,0,438,15348,3291,salaried,tier_1,0.2144,12057,45
a,30.63,10.665,u,g,q,h,0.0,f,t,12,t,g,129,3,0,369,17227,299,self_employed,tier_3,0.0174,16928,6
b,39.51,0.835,u,g,ff,ff,0.32,t,f,0,f,g,130,1,0,671,13534,1724,business,tier_1,0.1274,11810,10
b,24.62,2.0,u,g,e,dd,0.0,f,t,2,f,g,320,1300,0,642,27558,1015,business,tier_2,0.0368,26543,20
b,18.75,9.25,u,g,c,v,1.84,t,t,3,t,g,40,28,1,712,26007,8139,business,tier_2,0.313,17868,42
b,21.77,7.5,u,g,aa,v,1.35,t,t,1,f,g,80,9800,1,801,91662,7282,salaried,tier_2,0.0794,84380,25
b,36.23,4.04,y,p,i,bb,8.11,t,t,7,t,g,195,0,1,765,33127,7923,salaried,tier_1,0.2392,25204,99
a,46.2,3.0,u,g,x,v,14.09,t,t,2,t,g,519,1704,1,750,27610,2481,salaried,tier_1,0.0899,25129,176
a,52.98,6.5,u,g,i,bb,2.8,f,f,0,t,g,73,0,0,431,12823,5350,salaried,tier_2,0.4172,7473,54
b,39.26,1.25,y,p,w,v,0.0,f,f,0,f,g,0,195,0,633,15815,3664,self_employed,tier_3,0.2317,12151,5
a,31.42,3.125,u,g,ff,ff,2.9,f,t,2,t,g,200,4,0,377,24465,8014,salaried,tier_2,0.3276,16451,35
b,28.77,0.5,u,g,d,h,0.24,f,f,0,t,s,252,0,0,687,21468,6020,business,tier_1,0.2804,15448,23
b,31.49,4.0,y,p,cc,v,1.23,f,f,0,t,g,120,0,0,581,17896,5590,salaried,tier_3,0.3124,12306,30
b,58.36,1.54,u,g,q,v,0.0,t,f,0,t,g,260,0,1,797,157309,21513,salaried,tier_2,0.1368,135796,2
b,28.16,14.5,u,g,d,v,0.0,f,f,0,f,g,0,286,0,641,26566,8968,salaried,tier_1,0.3376,17598,7
b,22.42,11.5,u,g,i,v,0.39,f,f,0,f,g,0,0,0,483,11239,1403,business,tier_1,0.1248,9836,4
b,32.78,0.335,y,p,cc,v,0.01,f,f,0,f,g,180,0,0,425,38774,6182,business,tier_2,0.1594,32592,6
b,21.71,10.085,y,p,e,h,0.98,f,f,0,f,g,260,0,0,658,45034,14149,salaried,tier_3,0.3142,30885,34
a,26.93,12.5,u,g,d,v,0.55,f,f,0,t,g,180,1062,0,366,28699,8890,business,tier_3,0.3098,19809,24
a,47.02,3.0,u,g,x,v,13.8,t,t,2,t,g,519,1704,1,740,21586,2338,salaried,tier_1,0.1083,19248,173
b,19.27,10.0,y,p,c,v,2.79,t,f,0,f,s,40,0,1,713,37740,5368,salaried,tier_1,0.1422,32372,55
b,39.0,5.0,u,g,i,bb,0.43,f,f,0,f,g,550,0,0,657,38460,9130,self_employed,tier_3,0.2374,29330,9
a,53.92,7.0,u,g,aa,h,3.36,f,f,0,f,g,0,0,0,509,11612,2281,salaried,tier_2,0.1964,9331,58
a,25.29,0.875,u,g,x,h,0.55,t,f,0,t,g,160,5860,1,885,80720,23599,self_employed,tier_1,0.2924,57121,27
b,37.99,10.125,u,g,x,v,2.97,t,t,6,f,g,520,196,1,900,39393,4487,salaried,tier_1,0.1139,34906,48
b,51.1,6.5,u,g,k,v,6.13,t,t,15,f,g,0,11202,1,672,28381,9569,business,tier_2,0.3372,18812,88
a,28.38,1.665,u,g,q,v,2.91,t,f,0,t,g,440,0,0,540,30694,799,salaried,tier_2,0.026,29895,34
a,22.11,1.835,u,g,j,j,0.0,f,t,1,f,g,200,53,0,356,38285,490,salaried,tier_1,0.0128,37795,1
b,35.94,5.25,u,g,w,v,0.06,f,f,0,t,g,290,6,1,862,54313,568,salaried,tier_2,0.0105,53745,23
b,18.0,0.835,u,g,m,v,0.0,t,f,0,f,s,200,0,0,365,16655,1279,freelancer,tier_2,0.0768,15376,16
b,33.59,3.165,u,g,x,h,3.61,t,f,0,t,g,680,0,0,384,25480,4058,salaried,tier_3,0.1593,21422,64
a,22.74,0.335,u,g,q,v,1.09,f,f,0,f,s,160,0,0,529,38302,7218,salaried,tier_1,0.1884,31084,24
b,32.9,5.085,y,p,i,bb,1.33,f,f,0,t,g,480,0,0,353,12563,3319,self_employed,tier_2,0.2642,9244,18
b,52.14,6.5,u,g,k,v,6.78,t,t,15,f,g,0,11202,1,718,23052,10475,business,tier_2,0.4544,12577,102
b,27.09,0.335,u,g,k,h,3.61,f,f,0,t,g,340,0,0,357,16334,2232,salaried,tier_1,0.1366,14102,62
b,22.36,9.0,u,g,aa,v,0.05,f,f,0,f,g,0,0,0,589,20258,1091,salaried,tier_2,0.0539,19167,1
a,27.01,1.5,u,g,m,v,1.59,t,f,0,f,s,368,0,0,399,26416,1594,business,tier_2,0.0603,24822,29
b,51.33,6.5,u,g,k,v,6.79,t,t,15,f,g,0,11202,1,697,25044,9400,business,tier_2,0.3753,15644,95
a,59.87,4.46,u,g,q,h,3.09,t,t,6,f,g,43,560,1,847,22906,6424,self_employed,tier_3,0.2805,16482,42
a,18.42,10.21,u,g,ff,ff,0.2,f,f,0,f,g,0,50,0,648,10340,1099,salaried,tier_3,0.1063,9241,12
b,18.0,5.5,u,g,k,v,0.41,t,f,0,f,g,80,0,1,835,129120,25741,self_employed,tier_3,0.1994,103379,20
b,24.62,0.75,u,g,c,bb,0.3,t,f,0,f,g,349,23,1,723,45128,1444,business,tier_1,0.032,43684,19
a,46.76,3.0,u,g,x,v,14.32,t,t,2,t,g,519,1704,1,756,27750,1785,salaried,tier_1,0.0643,25965,194
a,53.76,6.5,u,g,i,bb,2.75,f,f,0,t,g,73,0,0,431,11216,3994,salaried,tier_2,0.3561,7222,56
b,20.5,1.085,u,g,q,v,1.29,f,f,0,f,g,108,7,0,572,20432,2063,freelancer,tier_3,0.101,18369,15
a,36.93,2.5,u,g,i,h,0.0,f,f,0,f,g,260,246,0,544,18440,5428,self_employed,tier_1,0.2944,13012,7
b,32.76,5.5,u,g,q,h,5.79,t,t,12,t,g,408,1000,1,728,49049,4732,salaried,tier_1,0.0965,44317,92
b,38.54,2.04,u,g,w,v,0.0,t,f,0,t,g,400,5800,1,877,76801,4773,self_employed,tier_2,0.0621,72028,4
b,57.94,2.71,u,g,c,v,2.0,f,f,0,t,g,320,0,0,481,40200,12595,freelancer,tier_3,0.3133,27605,39
b,18.71,11.045,u,g,c,v,1.8,f,f,0,t,g,136,0,0,387,32328,7166,salaried,tier_3,0.2217,25162,37
b,24.42,0.875,u,g,m,v,0.1,f,t,4,f,g,254,1950,0,411,16825,880,self_employed,tier_2,0.0523,15945,10
b,40.16,4.25,u,g,c,bb,6.41,t,t,16,f,g,117,1210,1,862,47795,11926,self_employed,tier_3,0.2495,35869,90
a,29.52,1.04,u,g,c,v,2.04,t,t,5,t,g,300,1430,1,677,167734,51663,freelancer,tier_1,0.308,116071,42
b,24.28,11.0,u,g,q,v,2.96,t,t,7,t,g,100,809,1,813,39687,5856,business,tier_1,0.1476,33831,35
a,26.06,2.54,y,p,ff,ff,0.45,f,f,0,t,g,180,60,0,715,27944,2195,salaried,tier_3,0.0785,25749,14
b,21.8,2.75,u,g,ff,ff,4.28,f,f,0,f,g,160,25,0,634,39033,921,self_employed,tier_2,0.0236,38112,65
b,27.25,0.54,u,g,w,v,0.4,f,t,1,f,g,272,444,0,409,32523,7136,freelancer,tier_1,0.2194,25387,5
b,37.07,2.665,u,g,cc,v,0.24,f,f,0,t,g,0,501,0,669,24822,2223,salaried,tier_2,0.0896,22599,14
a,21.24,10.25,u,g,q,v,0.45,t,t,2,t,g,49,0,1,716,34974,4129,business,tier_1,0.1181,30845,28
b,34.92,1.75,u,g,w,bb,0.01,t,f,0,t,g,163,0,0,316,27342,206,business,tier_3,0.0075,27136,7
a,30.69,6.5,u,g,c,bb,3.99,t,t,7,t,g,0,3065,1,826,35956,2321,salaried,tier_1,0.0646,33635,52
b,34.99,0.42,y,p,w,v,0.21,f,f,0,t,g,309,2,0,659,10870,1720,business,tier_3,0.1582,9150,20
b,29.69,9.335,u,g,q,h,5.46,t,t,6,f,g,381,168,1,900,23736,5402,business,tier_3,0.2276,18334,67
b,35.64,4.25,u,g,i,bb,3.56,t,t,2,f,g,274,610,1,748,38727,12368,business,tier_3,0.3194,26359,61
b,42.21,0.205,u,g,i,h,5.11,t,f,0,f,g,400,0,1,661,22803,1080,salaried,tier_2,0.0474,21723,77
b,42.7,4.085,u,g,aa,v,0.19,f,f,0,f,g,108,100,0,391,26140,3281,salaried,tier_2,0.1255,22859,24
b,22.96,13.335,y,p,aa,v,0.0,f,f,0,t,g,120,475,0,326,15672,2545,business,tier_2,0.1624,13127,2
b,41.17,1.25,u,g,m,v,13.91,f,t,1,t,g,352,112,0,710,28305,7719,business,tier_1,0.2727,20586,184
b,19.78,1.085,u,g,q,v,1.32,f,f,0,f,g,108,7,0,569,18037,2270,freelancer,tier_3,0.1259,15767,20
b,26.07,0.54,u,g,k,ff,0.03,f,f,0,f,g,100,0,0,505,17510,4964,freelancer,tier_1,0.2835,12546,1
b,36.06,1.75,u,g,w,bb,0.53,t,f,0,t,g,163,0,0,300,32797,200,business,tier_3,0.0061,32597,20
a,59.46,10.0,u,g,q,v,4.27,t,t,14,f,g,0,1602,1,799,110074,22984,self_employed,tier_3,0.2088,87090,56
b,37.97,6.5,u,g,m,h,4.1,t,t,12,t,g,93,0,1,678,23741,817,salaried,tier_3,0.0344,22924,55
b,22.74,2.54,y,p,c,h,2.78,t,f,0,f,g,0,0,1,880,79356,10826,salaried,tier_2,0.1364,68530,38
a,29.25,10.665,u,g,q,h,0.53,f,t,12,t,g,129,3,0,382,19464,327,self_employed,tier_3,0.0168,19137,10
b,40.99,6.0,u,g,m,v,1.42,t,t,5,t,g,108,1097,1,720,156959,15690,salaried,tier_2,0.1,141269,20
b,36.17,2.0,u,g,i,v,0.0,f,f,0,t,g,221,0,0,537,16118,5201,salaried,tier_1,0.3227,10917,1
b,18.0,7.25,u,g,m,v,0.22,f,t,1,f,g,100,1,0,565,20029,7150,self_employed,tier_2,0.357,12879,6
b,20.15,9.25,u,g,c,v,1.27,t,t,3,t,g,40,28,1,721,25293,9132,business,tier_2,0.361,16161,25
a,23.17,11.5,y,p,j,j,0.37,t,t,11,t,g,0,0,1,895,23368,3871,salaried,tier_3,0.1657,19497,17
b,26.8,1.0,u,g,aa,v,0.52,f,f,0,f,g,200,0,0,417,29327,3934,self_employed,tier_3,0.1341,25393,18
a,22.87,4.5,u,g,w,v,0.89,f,f,0,t,g,360,6,0,425,10335,38,self_employed,tier_2,0.0037,10297,18
a,22.38,8.5,u,g,c,v,0.0,f,f,0,f,g,0,351,0,657,22209,4089,salaried,tier_2,0.1841,18120,14
b,37.34,10.125,y,p,k,v,0.01,f,f,0,f,g,160,0,0,706,32389,7821,self_employed,tier_3,0.2415,24568,14
a,28.66,6.5,u,g,c,bb,4.4,t,t,7,t,g,0,3065,1,784,29750,1989,salaried,tier_1,0.0669,27761,71
b,28.22,0.54,u,g,k,ff,0.0,f,f,0,f,g,100,0,0,514,17549,5812,freelancer,tier_1,0.3312,11737,13
a,30.04,3.75,u,g,c,v,0.22,f,t,1,t,g,40,154,0,503,18121,5470,self_employed,tier_1,0.3019,12651,17
b,20.46,0.25,u,g,q,v,0.56,f,f,0,f,g,200,0,0,300,34655,3266,salaried,tier_1,0.0942,31389,27
a,58.97,4.46,u,g,q,h,2.93,t,t,6,f,g,43,560,1,825,28548,5677,self_employed,tier_3,0.1989,22871,45
b,22.42,0.25,y,p,c,h,0.18,f,f,0,f,g,280,204,0,628,22945,5278,salaried,tier_3,0.23,17667,13
a,21.57,10.5,y,p,x,h,0.08,f,f,0,t,g,154,32,0,662,11295,2391,business,tier_2,0.2117,8904,21
b,19.48,0.205,u,g,aa,v,0.0,f,f,0,f,g,280,750,0,444,23529,7474,self_employed,tier_3,0.3177,16055,6
b,26.96,2.0,u,g,d,v,0.42,f,f,0,t,g,80,0,0,622,36764,16615,salaried,tier_3,0.4519,20149,12
b,29.12,1.585,u,g,cc,h,1.35,t,t,12,t,g,583,713,1,749,127566,13471,self_employed,tier_1,0.1056,114095,22
a,62.56,16.5,u,g,q,v,11.11,t,f,0,t,g,21,10561,1,710,106880,12866,freelancer,tier_2,0.1204,94014,134
b,52.89,0.5,y,p,k,h,4.38,t,f,0,f,g,180,314,1,745,171008,6001,salaried,tier_2,0.0351,165007,60
b,39.57,10.125,u,g,x,v,2.11,t,t,6,f,g,520,196,1,880,32105,4346,salaried,tier_1,0.1354,27759,33
b,25.0,12.0,u,g,k,v,1.96,t,t,2,t,g,120,5,0,696,31467,1138,business,tier_2,0.0362,30329,27
b,26.22,2.71,y,p,cc,v,5.12,t,t,1,f,g,211,0,1,708,53628,11551,self_employed,tier_1,0.2154,42077,63
b,49.03,6.5,u,g,q,h,6.31,t,f,0,t,g,350,0,1,739,82839,6636,salaried,tier_1,0.0801,76203,77
b,27.64,1.25,u,g,w,v,1.52,f,f,0,f,g,200,0,0,495,17582,4610,self_employed,tier_3,0.2622,12972,24
a,28.53,3.04,y,p,x,h,2.92,t,t,1,f,g,70,0,1,683,23521,1577,business,tier_2,0.067,21944,36
b,36.4,2.5,u,g,w,v,0.0,t,f,0,t,g,239,200,1,723,71069,13299,salaried,tier_2,0.1871,57770,16
a,22.35,9.0,u,g,q,v,8.94,t,t,5,t,g,120,0,1,694,37232,1042,salaried,tier_1,0.028,36190,113
b,31.79,4.0,y,p,cc,v,1.56,f,f,0,t,g,120,0,0,608,19710,5535,salaried,tier_3,0.2808,14175,18
b,20.18,10.415,y,p,aa,v,0.28,t,f,0,f,g,120,375,0,578,10853,1624,salaried,tier_1,0.1496,9229,24
b,21.96,9.0,u,g,aa,v,0.0,f,f,0,f,g,0,0,0,596,17303,1398,salaried,tier_2,0.0808,15905,12
a,26.6,1.25,u,g,ff,ff,0.28,f,t,1,f,g,92,300,0,321,33617,361,salaried,tier_1,0.0107,33256,4
b,22.84,0.0,u,g,k,v,0.67,f,t,11,f,s,0,0,0,513,19656,6019,business,tier_1,0.3062,13637,11
b,41.0,2.25,y,p,x,h,9.55,t,f,0,t,g,176,0,0,649,34363,10255,self_employed,tier_1,0.2984,24108,119
a,20.95,10.5,y,p,x,h,0.0,f,f,0,t,g,154,32,0,627,12915,2769,business,tier_2,0.2144,10146,9
b,28.87,13.75,u,g,w,v,6.1,t,f,0,t,g,487,500,1,705,48397,11503,salaried,tier_2,0.2377,36894,93
b,37.56,7.0,u,g,q,h,11.75,t,t,7,t,g,300,5,0,393,18489,8057,salaried,tier_2,0.4358,10432,142
b,36.52,3.165,u,g,x,h,3.77,t,f,0,t,g,680,0,0,406,26207,5305,salaried,tier_3,0.2024,20902,68
b,20.3,9.25,u,g,c,v,1.74,t,t,3,t,g,40,28,1,713,21838,8763,business,tier_2,0.4013,13075,43
b,24.35,12.0,u,g,k,v,1.88,t,t,2,t,g,120,5,0,693,30400,1185,business,tier_2,0.039,29215,39
a,69.3,15.0,u,g,e,z,0.34,t,t,14,f,g,0,3376,1,663,79709,7432,business,tier_3,0.0932,72277,24
b,37.54,2.0,u,g,i,v,0.54,f,f,0,t,g,221,0,0,563,16203,4431,salaried,tier_1,0.2735,11772,14
a,32.56,0.54,u,g,cc,v,0.2,t,f,0,f,g,440,11177,1,729,54209,10922,self_employed,tier_2,0.2015,43287,15
a,39.06,10.0,u,g,q,h,1.72,t,f,0,f,g,29,837,1,867,153769,54555,salaried,tier_2,0.3548,99214,30
b,20.68,0.79,u,g,w,v,0.75,f,t,1,f,g,420,283,0,626,28391,7424,salaried,tier_2,0.2615,20967,21
b,21.64,0.125,y,p,k,v,0.5,f,f,0,f,g,200,70,0,304,21568,924,self_employed,tier_2,0.0428,20644,19
a,20.88,1.75,y,p,j,j,0.14,f,f,0,f,g,160,0,0,573,27887,1874,freelancer,tier_2,0.0672,26013,7
a,25.27,0.67,u,g,aa,h,1.62,t,f,0,f,g,400,0,0,402,30913,4810,self_employed,tier_1,0.1556,26103,31
b,29.32,2.835,u,g,ff,ff,0.12,f,t,5,f,g,176,146,0,456,28169,3932,self_employed,tier_3,0.1396,24237,10
a,27.94,13.5,u,g,q,h,5.08,t,t,2,f,g,0,5000,1,779,26608,7753,self_employed,tier_1,0.2914,18855,74
b,21.64,10.04,u,g,x,v,0.0,t,t,9,f,g,60,396,1,882,80827,23196,business,tier_3,0.287,57631,13
a,25.82,2.54,y,p,ff,ff,0.0,f,f,0,t,g,180,60,0,657,22018,1598,salaried,tier_3,0.0726,20420,0
a,30.69,10.665,u,g,q,h,0.0,f,t,12,t,g,129,3,0,376,18074,306,self_employed,tier_3,0.0169,17768,17
b,48.36,7.585,u,g,i,bb,7.66,t,t,15,t,g,0,5000,1,824,100266,30196,self_employed,tier_3,0.3012,70070,113
b,25.29,0.415,y,p,c,v,0.0,f,t,2,f,g,128,6,0,537,38431,4584,freelancer,tier_2,0.1193,33847,12
a,18.0,4.415,y,p,c,h,2.76,t,f,0,f,g,240,0,1,686,169481,31570,business,tier_2,0.1863,137911,49
b,27.2,12.5,u,g,aa,bb,0.51,f,f,0,t,g,720,0,0,432,32947,4811,self_employed,tier_1,0.146,28136,20
b,24.65,1.0,u,g,c,v,0.87,t,f,0,f,s,300,0,1,703,26479,1747,business,tier_1,0.066,24732,21
a,23.46,11.75,u,g,x,h,0.07,t,t,2,t,g,300,551,1,673,159644,13793,business,tier_3,0.0864,145851,3
b,25.34,0.25,u,g,i,bb,0.0,t,f,0,t,g,0,0,1,725,74138,717,self_employed,tier_2,0.0097,73421,22
a,24.01,2.5,y,p,i,bb,4.88,f,f,0,f,g,200,456,0,489,13515,4788,salaried,tier_2,0.3543,8727,66
b,27.83,0.75,u,g,c,h,4.51,t,t,3,t,g,312,150,1,676,37043,13540,salaried,tier_1,0.3655,23503,58
a,26.39,2.415,y,p,c,v,0.0,f,f,0,f,g,120,0,0,673,26717,7005,freelancer,tier_2,0.2622,19712,12
a,33.49,3.125,u,g,ff,ff,3.48,f,t,2,t,g,200,4,0,344,27712,8862,salaried,tier_2,0.3198,18850,46
a,46.37,13.0,u,g,i,bb,4.74,t,t,9,t,g,0,0,1,712,23305,3701,salaried,tier_1,0.1588,19604,65
b,35.49,1.75,u,g,x,h,4.96,t,t,4,t,g,253,857,1,721,109212,4494,salaried,tier_2,0.0411,104718,64
a,19.76,1.75,y,p,j,j,0.0,f,f,0,f,g,160,0,0,536,27257,2283,freelancer,tier_2,0.0838,24974,6
b,34.28,0.42,y,p,w,v,0.0,f,f,0,t,g,309,2,0,640,11443,1948,business,tier_3,0.1702,9495,18
b,70.0,9.0,u,g,ff,ff,3.93,f,t,1,f,g,70,6,0,438,38027,764,self_employed,tier_3,0.0201,37263,54
a,18.0,9.0,u,g,aa,v,0.61,t,t,2,f,g,88,591,1,836,28588,1649,self_employed,tier_3,0.0577,26939,28
b,24.99,2.0,u,g,d,v,0.79,f,f,0,t,g,80,0,0,623,44278,14987,salaried,tier_3,0.3385,29291,15
b,29.03,1.04,y,p,i,bb,0.8,t,t,10,t,g,132,28,0,617,42414,9198,self_employed,tier_2,0.2169,33216,30
b,31.95,0.165,y,p,c,h,3.59,t,t,1,t,g,432,8000,1,710,37384,6768,business,tier_3,0.181,30616,54
b,34.09,3.165,y,p,x,v,3.07,t,t,3,t,g,380,0,1,819,50931,7054,salaried,tier_3,0.1385,43877,55
b,42.0,1.54,u,g,i,bb,3.43,f,f,0,f,g,216,0,1,819,39694,2397,salaried,tier_1,0.0604,37297,54
b,18.37,1.5,y,p,cc,v,1.65,t,f,0,t,g,100,20,0,496,24971,4879,business,tier_1,0.1954,20092,37
b,28.26,0.875,u,g,m,v,0.51,t,t,3,t,g,396,0,1,734,144623,43132,self_employed,tier_3,0.2982,101491,13
b,26.7,12.5,u,g,aa,v,3.14,t,f,0,t,s,20,0,1,844,44945,15888,business,tier_1,0.3535,29057,47
b,19.34,5.5,u,g,k,v,0.06,t,f,0,f,g,80,0,1,812,162879,26046,self_employed,tier_3,0.1599,136833,10
b,24.37,1.71,u,g,x,v,1.9,t,t,1,t,g,395,20,1,840,26758,11535,business,tier_1,0.4311,15223,34
a,66.01,0.165,u,g,ff,ff,0.04,t,t,1,f,g,232,100,1,865,144795,6421,business,tier_2,0.0443,138374,1
b,55.16,6.75,u,g,c,h,2.32,t,t,11,t,g,0,284,1,814,64316,9155,self_employed,tier_2,0.1423,55161,27
b,18.0,7.0,u,g,e,v,1.04,f,f,0,f,g,600,0,0,569,19830,6680,business,tier_2,0.3369,13150,34
b,21.72,0.46,y,p,w,v,2.31,t,t,6,t,g,208,347,0,526,10241,4372,salaried,tier_1,0.4269,5869,30
b,23.67,12.0,u,g,k,v,2.19,t,t,2,t,g,120,5,0,640,31833,1385,business,tier_2,0.0435,30448,29
b,28.16,1.585,u,g,cc,h,2.13,t,t,12,t,g,583,713,1,727,171161,15125,self_employed,tier_1,0.0884,156036,47
b,24.15,0.54,u,g,w,v,0.13,f,t,1,f,g,272,444,0,447,29438,6193,freelancer,tier_1,0.2104,23245,2
b,42.88,1.25,u,g,m,v,13.52,f,t,1,t,g,352,112,0,725,23012,6046,business,tier_1,0.2627,16966,178
a,26.95,1.665,u,g,q,v,2.64,t,f,0,t,g,440,0,0,537,31843,762,salaried,tier_2,0.0239,31081,33
b,18.0,0.0,y,p,aa,v,0.0,f,f,0,f,g,60,0,0,300,43805,5665,salaried,tier_3,0.1293,38140,4
b,48.13,8.5,u,g,c,h,12.74,t,t,9,f,g,181,1655,1,891,25348,1469,business,tier_3,0.058,23879,156
b,33.21,0.75,y,p,aa,v,3.48,f,f,0,t,g,320,0,0,589,13681,1521,salaried,tier_2,0.1112,12160,54
b,26.78,12.0,u,g,k,v,2.2,t,t,2,t,g,120,5,0,656,25965,1412,business,tier_2,0.0544,24553,45
b,37.94,6.21,u,g,q,v,0.39,t,t,1,f,g,200,300,1,875,25035,3481,business,tier_2,0.139,21554,7
b,28.11,5.04,y,p,c,bb,1.71,t,t,8,t,g,144,7,1,855,37293,13714,self_employed,tier_3,0.3677,23579,32
a,46.27,1.335,u,g,i,o,0.0,f,f,0,f,g,0,120,0,495,27719,9368,salaried,tier_3,0.338,18351,12
a,42.46,10.0,u,g,q,h,1.55,t,f,0,f,g,29,837,1,900,135566,56022,salaried,tier_2,0.4132,79544,41
b,18.0,0.085,y,p,c,v,0.41,f,f,0,f,g,140,722,0,537,32700,1308,business,tier_3,0.04,31392,15
a,31.55,3.0,y,p,aa,v,1.52,f,f,0,f,g,180,0,0,589,12189,1375,salaried,tier_1,0.1128,10814,25
a,45.86,8.0,u,g,e,bb,6.55,t,t,6,f,g,375,51100,1,673,24224,6178,self_employed,tier_2,0.255,18046,93
a,22.78,5.875,u,g,q,v,3.4,t,t,10,f,g,120,245,1,761,44475,6176,salaried,tier_2,0.1389,38299,52
b,27.51,0.75,u,g,c,bb,0.37,t,f,0,f,g,349,23,1,737,55479,1494,business,tier_1,0.0269,53985,10
a,30.27,0.46,u,g,k,v,0.8,t,t,4,f,g,380,500,1,718,22429,3012,business,tier_3,0.1343,19417,10
a,34.72,3.0,y,p,aa,v,2.23,f,f,0,f,g,180,0,0,557,11315,1484,salaried,tier_1,0.1312,9831,26
b,29.3,3.5,u,g,c,v,0.36,f,f,0,f,g,216,0,0,595,37480,7255,salaried,tier_2,0.1936,30225,9
a,55.75,2.0,u,g,ff,ff,6.82,f,t,1,f,g,0,10,0,563,13337,1865,salaried,tier_2,0.1398,11472,84
a,43.48,1.04,u,g,aa,v,0.81,f,f,0,f,g,240,237,0,367,31554,10832,business,tier_3,0.3433,20722,13
b,32.15,0.08,y,p,m,bb,0.0,t,t,1,t,g,280,2000,1,844,163350,43596,salaried,tier_3,0.2669,119754,23
a,62.71,5.0,u,g,aa,v,3.97,t,t,4,f,g,0,99,1,891,32379,803,freelancer,tier_2,0.0248,31576,67
a,22.14,0.335,u,g,q,v,0.97,f,f,0,f,s,160,0,0,526,41498,10476,salaried,tier_1,0.2524,31022,27
b,38.96,2.25,y,p,x,h,10.38,t,f,0,t,g,176,0,0,641,30645,9199,self_employed,tier_1,0.3002,21446,134
b,25.93,3.0,u,g,c,v,1.02,f,t,1,f,g,0,22,0,481,43993,5910,self_employed,tier_2,0.1343,38083,20
b,20.09,10.25,u,g,c,h,0.93,f,f,0,f,g,320,13,0,474,13461,1704,salaried,tier_2,0.1266,11757,31
b,49.53,0.29,u,g,c,bb,15.43,t,t,20,f,g,0,15000,1,859,42682,1948,self_employed,tier_2,0.0456,40734,191
b,26.39,0.585,y,p,cc,v,0.33,t,t,2,f,g,260,500,1,844,105220,7487,salaried,tier_3,0.0712,97733,23
a,62.8,0.165,u,g,ff,ff,0.0,t,t,1,f,g,232,100,1,866,129832,5205,business,tier_2,0.0401,124627,19
b,23.34,11.5,u,g,w,h,2.29,t,t,11,t,g,290,284,1,749,152198,49762,self_employed,tier_3,0.327,102436,33
a,28.22,2.04,u,g,w,v,0.74,f,f,0,t,g,180,50,0,387,16853,1380,business,tier_2,0.0819,15473,10
b,39.54,3.335,u,g,w,v,4.32,t,t,14,f,g,383,1344,1,726,141304,33707,salaried,tier_3,0.2385,107597,58
b,39.64,0.835,u,g,ff,ff,0.25,t,f,0,f,g,130,1,0,694,11470,1626,business,tier_1,0.1418,9844,4
b,29.67,1.5,u,g,w,v,1.71,t,t,11,t,g,434,35,1,900,25909,2450,salaried,tier_3,0.0946,23459,29
a,19.72,8.585,u,g,cc,h,1.13,t,t,7,f,g,96,0,1,809,95021,25035,salaried,tier_2,0.2635,69986,28
b,48.72,6.5,u,g,c,v,1.03,f,f,0,t,g,0,228,0,577,19256,4002,salaried,tier_1,0.2078,15254,23
b,19.58,1.5,y,p,cc,v,2.39,t,f,0,t,g,100,20,0,450,24283,4412,business,tier_1,0.1817,19871,43
b,38.08,0.705,u,g,c,v,0.2,f,t,2,f,g,225,500,0,629,15669,1383,business,tier_2,0.0883,14286,6
b,21.08,9.5,u,g,w,v,1.06,t,f,0,f,g,120,2206,1,759,108512,34175,business,tier_3,0.3149,74337,35
a,40.66,7.54,y,p,q,h,7.98,t,t,14,f,g,0,2300,1,766,140359,36957,salaried,tier_2,0.2633,103402,106
a,30.05,3.54,u,g,i,bb,0.27,t,f,0,t,g,171,0,0,300,39193,9010,freelancer,tier_2,0.2299,30183,7
b,34.81,2.5,y,p,w,v,7.22,f,f,0,t,g,280,0,0,557,26390,6078,salaried,tier_3,0.2303,20312,101
a,26.45,0.5,u,g,c,h,1.33,t,f,0,t,g,491,0,1,758,47486,18585,freelancer,tier_1,0.3914,28901,20
b,18.0,0.04,u,g,c,v,0.23,f,f,0,f,g,0,0,1,873,30344,9850,business,tier_2,0.3246,20494,22
b,32.51,4.04,y,p,i,bb,8.89,t,t,7,t,g,195,0,1,797,33676,7776,salaried,tier_1,0.2309,25900,115
a,26.58,3.5,u,g,w,v,0.79,t,f,0,f,s,280,0,1,864,56666,17690,freelancer,tier_1,0.3122,38976,24
b,31.55,1.5,u,g,cc,h,5.77,t,t,3,t,g,0,0,1,890,78189,14704,freelancer,tier_1,0.1881,63485,88
b,28.91,1.085,y,p,c,v,0.38,f,f,0,f,g,170,179,0,388,31543,5196,salaried,tier_1,0.1647,26347,26
a,28.52,0.46,u,g,k,v,0.75,t,t,4,f,g,380,500,1,697,25992,3825,business,tier_3,0.1472,22167,19
b,31.64,3.0,u,g,d,v,0.17,f,f,0,t,g,120,0,0,629,16374,6418,freelancer,tier_3,0.392,9956,14
b,18.0,22.0,l,gg,ff,o,0.13,f,f,0,t,p,450,100000,1,837,48775,283,salaried,tier_1,0.0058,48492,10
b,34.6,2.5,u,g,w,v,0.2,t,f,0,t,g,239,200,1,685,80646,11279,salaried,tier_2,0.1399,69367,6
b,29.48,3.085,u,g,c,v,2.25,f,t,2,t,g,160,41,0,314,22010,1769,salaried,tier_2,0.0804,20241,39
b,23.75,0.335,u,g,k,h,3.81,f,f,0,t,g,340,0,0,368,16800,2235,salaried,tier_1,0.133,14565,59
b,31.37,2.5,u,g,cc,h,2.7,f,f,0,t,s,340,0,0,368,37315,4022,business,tier_3,0.1078,33293,36
b,37.57,2.04,u,g,w,v,0.01,t,f,0,t,g,400,5800,1,900,73470,3646,self_employed,tier_2,0.0496,69824,5
b,19.86,0.25,u,g,q,v,0.33,f,f,0,f,g,200,0,0,302,45764,3116,salaried,tier_1,0.0681,42648,22
a,21.62,5.0,y,p,ff,ff,0.24,f,f,0,f,g,0,0,0,641,26107,334,salaried,tier_2,0.0128,25773,24
b,21.48,5.625,u,g,w,v,1.87,t,f,0,f,s,120,0,1,777,100561,24074,self_employed,tier_1,0.2394,76487,35
a,24.71,11.0,y,p,aa,v,4.55,t,f,0,f,g,120,0,0,496,10845,216,salaried,tier_3,0.0199,10629,76
a,24.64,0.5,u,g,q,h,1.63,t,t,1,f,g,0,678,1,900,28530,6729,business,tier_2,0.2359,21801,20
a,24.56,6.165,u,g,aa,v,0.11,f,f,0,f,g,220,1000,0,342,10607,2135,salaried,tier_2,0.2013,8472,22
a,42.36,2.04,y,p,q,h,0.0,t,t,23,t,g,455,1236,1,844,72831,17058,salaried,tier_1,0.2342,55773,0
b,20.87,0.875,y,p,c,h,0.59,f,f,0,f,g,280,204,0,677,42854,10758,salaried,tier_2,0.251,32096,11
b,21.75,0.0,u,g,c,v,0.67,f,f,0,t,s,0,0,0,359,12736,451,self_employed,tier_3,0.0354,12285,13
b,24.54,12.835,u,g,cc,v,0.85,f,f,0,f,g,0,2,0,420,17582,6727,salaried,tier_1,0.3826,10855,18
b,29.41,3.5,u,g,w,v,3.14,t,t,3,t,g,329,0,0,490,38158,10427,salaried,tier_3,0.2733,27731,47
a,25.43,9.0,u,g,q,v,8.03,t,t,5,t,g,120,0,1,690,33924,1103,salaried,tier_1,0.0325,32821,117
b,28.65,3.625,u,g,aa,v,0.68,f,f,0,t,g,100,0,0,388,37171,676,freelancer,tier_3,0.0182,36495,16
b,46.04,0.5,u,g,i,h,4.65,t,f,0,t,g,320,0,1,704,91159,6455,self_employed,tier_1,0.0708,84704,58
b,26.46,0.54,u,g,k,ff,0.31,f,f,0,f,g,100,0,0,500,17908,4511,freelancer,tier_1,0.2519,13397,20
b,27.75,0.5,u,g,c,v,1.78,t,t,5,t,g,312,0,1,828,69792,9021,business,tier_1,0.1293,60771,44
b,25.99,12.5,u,g,cc,v,1.42,t,t,67,t,g,140,258,1,718,46811,8878,salaried,tier_3,0.1897,37933,31
b,18.59,1.835,u,g,c,v,1.88,t,t,1,f,g,100,150,1,821,52351,21871,self_employed,tier_1,0.4178,30480,23
b,25.52,3.0,u,g,c,v,1.42,f,t,1,f,g,0,22,0,469,45622,5995,self_employed,tier_2,0.1314,39627,38
b,18.52,7.25,u,g,m,v,0.43,f,t,1,f,g,100,1,0,566,18559,5864,self_employed,tier_2,0.316,12695,27
b,42.46,0.5,u,g,i,h,4.93,t,f,0,t,g,320,0,1,723,87309,6781,self_employed,tier_1,0.0777,80528,79
b,53.11,2.04,y,p,ff,ff,1.41,f,f,0,f,g,120,1,0,381,15708,6815,self_employed,tier_1,0.4339,8893,16
b,41.85,3.0,u,g,i,bb,0.94,t,f,0,f,g,0,200,0,566,20437,199,salaried,tier_1,0.0097,20238,24
b,38.69,1.75,y,p,c,bb,0.0,t,f,0,t,g,164,400,0,670,28175,11234,self_employed,tier_2,0.3987,16941,13
a,36.48,2.5,u,g,i,h,0.6,f,f,0,f,g,260,246,0,541,15797,4664,self_employed,tier_1,0.2952,11133,17
a,23.53,12.5,u,g,aa,v,1.87,t,t,12,t,g,120,567,1,762,77228,19446,salaried,tier_1,0.2518,57782,32
b,28.57,1.75,y,p,c,v,1.5,t,t,5,t,g,160,5777,1,792,77782,849,salaried,tier_3,0.0109,76933,37
b,18.0,2.46,u,g,c,n,1.05,f,t,2,t,g,160,587,0,700,41782,11213,business,tier_2,0.2684,30569,28
b,20.66,9.96,u,g,e,dd,0.25,t,f,0,f,g,0,0,1,657,32557,2431,freelancer,tier_1,0.0747,30126,5
b,18.94,2.0,u,g,i,v,1.2,t,t,2,f,g,120,300,1,829,64089,21538,business,tier_1,0.3361,42551,19
a,18.0,1.25,u,g,q,v,0.42,f,t,1,f,g,108,98,0,619,13674,3314,salaried,tier_2,0.2424,10360,18
b,24.33,1.585,y,p,w,v,3.23,t,t,6,f,g,80,0,1,680,46263,1836,salaried,tier_2,0.0397,44427,52
b,18.0,4.085,u,g,i,h,0.82,f,f,0,t,g,120,0,0,332,26320,3463,self_employed,tier_2,0.1316,22857,20
b,18.94,10.915,u,g,c,bb,0.92,f,t,2,t,g,200,7,0,609,42479,15131,freelancer,tier_2,0.3562,27348,13
b,21.45,11.045,u,g,c,v,2.44,f,f,0,t,g,136,0,0,365,30990,7376,salaried,tier_3,0.238,23614,44
b,32.8,6.5,u,g,aa,v,0.49,t,f,0,t,g,443,0,0,665,11326,4253,salaried,tier_1,0.3755,7073,20
b,28.18,2.0,u,g,k,h,4.53,t,t,2,t,g,181,0,1,770,139699,59840,salaried,tier_2,0.4283,79859,64
b,31.47,0.75,y,p,c,v,0.0,f,f,0,f,g,240,0,0,515,30879,4392,business,tier_2,0.1422,26487,22
b,34.5,4.5,u,g,aa,v,1.35,t,f,0,t,g,240,0,0,506,27745,687,freelancer,tier_2,0.0248,27058,29
b,34.19,2.5,u,g,aa,v,1.86,f,t,2,t,g,720,0,0,504,45360,14240,freelancer,tier_2,0.3139,31120,30
b,18.69,5.5,u,g,k,v,0.38,t,f,0,f,g,80,0,1,862,132265,31149,self_employed,tier_3,0.2355,101116,5
b,20.78,6.5,u,g,w,h,1.02,t,t,7,f,g,80,2954,1,900,31375,6625,freelancer,tier_2,0.2112,24750,27
a,42.78,2.04,y,p,q,h,0.3,t,t,23,t,g,455,1236,1,830,85006,15677,salaried,tier_1,0.1844,69329,4
a,21.59,11.0,y,p,q,v,2.83,t,f,0,t,g,268,0,0,540,19277,2998,freelancer,tier_1,0.1555,16279,41
b,25.43,2.0,u,g,d,v,0.72,f,f,0,t,g,80,0,0,593,44595,12354,salaried,tier_3,0.277,32241,27
b,39.27,5.875,u,g,cc,h,10.18,t,t,14,t,g,399,0,1,900,91078,28871,salaried,tier_1,0.317,62207,124
a,38.56,5.5,u,g,q,v,0.54,t,f,0,t,g,228,0,1,693,76970,21273,salaried,tier_2,0.2764,55697,14
b,24.66,0.5,u,g,c,v,1.79,t,t,5,t,g,312,0,1,837,79525,8176,business,tier_1,0.1028,71349,41
b,34.52,4.25,u,g,q,v,3.45,f,f,0,f,g,454,50,0,555,31621,6198,self_employed,tier_1,0.196,25423,59
a,18.87,0.165,u,g,q,v,0.0,f,f,0,t,g,380,0,0,564,24311,3642,business,tier_2,0.1498,20669,2
b,40.96,6.0,u,g,m,v,1.03,t,t,5,t,g,108,1097,1,732,128192,17542,salaried,tier_2,0.1368,110650,29
b,24.86,9.0,u,g,aa,v,0.12,f,f,0,t,g,0,0,0,459,30746,436,business,tier_2,0.0142,30310,21
b,18.0,0.165,u,g,d,v,0.0,f,f,0,t,s,280,0,0,617,11111,2662,salaried,tier_2,0.2396,8449,11
a,19.19,10.5,y,p,x,h,0.47,f,f,0,t,g,154,32,0,652,11820,2859,business,tier_2,0.2419,8961,6
b,25.67,1.54,u,g,w,v,0.2,f,f,0,f,g,100,0,0,601,13647,2874,business,tier_2,0.2106,10773,17
a,46.43,8.0,u,g,c,v,7.5,t,t,6,t,g,0,1260,1,654,24242,5012,salaried,tier_1,0.2067,19230,105
b,70.0,22.29,u,g,e,z,12.6,t,t,1,t,g,0,109,1,792,110194,29585,salaried,tier_1,0.2685,80609,154
b,29.46,4.0,y,p,i,h,5.8,t,t,2,t,g,75,0,0,360,27196,12012,salaried,tier_2,0.4417,15184,72
a,24.41,5.665,u,g,q,v,2.62,t,t,7,f,g,129,3257,1,869,78880,17026,salaried,tier_2,0.2158,61854,37
b,20.74,11.0,u,g,cc,v,0.2,t,f,0,f,g,100,0,1,674,40008,7504,salaried,tier_1,0.1876,32504,13
a,21.22,1.835,u,g,j,j,0.45,f,t,1,f,g,200,53,0,376,35222,411,salaried,tier_1,0.0117,34811,6
a,51.82,7.0,u,g,aa,h,2.78,f,f,0,f,g,0,0,0,537,10229,2168,salaried,tier_2,0.2119,8061,36
a,38.93,4.0,u,g,c,v,2.52,f,f,0,f,g,480,0,0,621,17641,643,freelancer,tier_2,0.0364,16998,40
b,28.9,1.04,y,p,i,bb,0.08,t,t,10,t,g,132,28,0,643,35111,12755,self_employed,tier_2,0.3633,22356,20
b,35.88,4.415,y,p,k,v,0.33,t,t,10,t,g,320,0,1,783,80588,633,self_employed,tier_2,0.0079,79955,8
b,21.3,11.5,y,p,m,v,1.14,f,f,0,t,g,0,4000,0,555,44974,14975,salaried,tier_1,0.333,29999,20
a,33.1,6.0,u,g,d,v,0.79,f,f,0,f,g,272,0,0,417,24505,1931,salaried,tier_3,0.0788,22574,28
a,29.43,1.665,u,g,q,v,2.29,t,f,0,t,g,440,0,0,536,27828,794,salaried,tier_2,0.0285,27034,40
a,61.12,16.5,u,g,q,v,11.12,t,f,0,t,g,21,10561,1,715,98032,13205,freelancer,tier_2,0.1347,84827,144
b,19.97,7.0,u,g,c,v,1.24,t,t,3,f,g,200,1391,1,730,26675,273,salaried,tier_1,0.0102,26402,16
a,25.22,0.585,y,p,ff,ff,0.0,f,f,0,f,g,120,87,0,381,10232,85,salaried,tier_3,0.0083,10147,12
a,67.05,14.0,u,g,ff,ff,0.0,t,t,11,t,g,0,1400,1,861,102683,43395,salaried,tier_3,0.4226,59288,21
b,18.0,0.125,u,g,c,v,0.0,f,f,0,f,g,132,0,0,376,41359,15191,freelancer,tier_2,0.3673,26168,23
b,24.47,0.335,u,g,k,h,3.51,f,f,0,t,g,340,0,0,373,18743,1999,salaried,tier_1,0.1067,16744,51
b,18.0,0.835,u,g,m,v,0.0,t,f,0,f,s,200,0,0,396,16606,1183,freelancer,tier_2,0.0712,15423,16
b,46.2,4.165,u,g,x,bb,0.0,f,f,0,t,g,520,0,0,614,12770,3861,salaried,tier_3,0.3023,8909,12
b,18.75,0.0,y,p,ff,ff,0.02,f,t,4,f,g,45,1,0,591,15793,1294,salaried,tier_2,0.0819,14499,5
b,56.33,12.5,u,g,k,h,7.75,t,f,0,t,g,24,2028,1,757,22744,5373,salaried,tier_1,0.2362,17371,98
b,29.76,1.415,u,g,w,h,0.35,t,t,1,f,g,240,100,1,866,111324,28900,salaried,tier_1,0.2596,82424,24
a,27.4,15.0,y,p,e,z,0.0,t,f,0,f,g,0,13212,1,717,107161,9623,self_employed,tier_1,0.0898,97538,11
b,33.09,2.5,u,g,aa,v,2.17,f,t,2,t,g,720,0,0,529,34164,12236,freelancer,tier_2,0.3582,21928,30
a,24.09,1.25,y,p,ff,ff,3.47,f,f,0,f,g,280,0,0,692,11094,1656,business,tier_2,0.1493,9438,60
b,28.74,1.835,u,g,c,h,4.65,t,f,0,f,g,260,200,1,862,32001,12411,self_employed,tier_1,0.3878,19590,68
b,32.2,0.75,y,p,aa,v,3.87,f,f,0,t,g,320,0,0,635,11174,1252,salaried,tier_2,0.112,9922,66
b,18.0,0.0,y,p,aa,v,0.72,f,f,0,f,g,60,0,0,320,36970,6710,salaried,tier_3,0.1815,30260,13
a,46.44,1.335,u,g,i,o,0.6,f,f,0,f,g,0,120,0,541,21718,6990,salaried,tier_3,0.3219,14728,18
b,41.79,1.75,u,g,k,v,0.32,t,f,0,f,g,160,0,0,445,11852,3316,salaried,tier_3,0.2798,8536,3
a,21.0,10.75,u,g,q,v,0.28,t,t,5,t,g,0,560,1,675,37443,8095,salaried,tier_2,0.2162,29348,16
b,50.42,1.375,y,p,c,h,9.14,t,f,0,t,g,200,100,0,697,41280,9999,salaried,tier_1,0.2422,31281,112
b,34.27,0.75,u,g,k,v,1.69,f,f,0,t,g,231,0,0,606,18933,5103,salaried,tier_1,0.2695,13830,30
b,41.18,0.5,y,p,m,v,0.99,f,f,0,t,g,130,0,0,358,15738,4536,business,tier_1,0.2882,11202,25
b,20.39,0.585,u,g,ff,ff,0.0,f,t,3,f,g,350,769,0,311,45417,9303,salaried,tier_1,0.2048,36114,23
a,19.56,10.335,u,g,cc,h,0.56,t,t,1,t,g,80,50,1,858,38554,9803,business,tier_1,0.2543,28751,29
a,23.17,0.415,u,g,i,v,0.33,f,f,0,t,s,144,0,0,611,27288,5906,salaried,tier_3,0.2164,21382,23
a,22.81,0.5,u,g,q,h,1.18,t,t,1,f,g,0,678,1,892,27422,7739,business,tier_2,0.2822,19683,23
a,56.2,7.08,u,g,k,h,6.66,t,t,3,t,g,100,50,0,499,45192,3,self_employed,tier_1,0.0001,45189,87
b,29.48,3.5,u,g,c,v,0.17,f,f,0,f,g,216,0,0,602,40531,5921,salaried,tier_2,0.1461,34610,10
b,39.79,1.71,u,g,x,v,0.0,t,t,5,t,g,480,0,1,710,22752,8143,self_employed,tier_3,0.3579,14609,11
b,22.65,5.29,u,g,q,v,0.62,t,t,1,f,g,160,0,0,474,12420,2581,salaried,tier_2,0.2078,9839,14
b,24.67,3.165,y,p,c,v,0.54,f,f,0,f,g,160,1058,0,576,19311,1145,salaried,tier_1,0.0593,18166,29
b,22.77,0.54,u,g,m,v,1.38,f,f,0,t,g,120,1,0,506,26784,10338,business,tier_3,0.386,16446,39
a,28.71,1.25,u,g,ff,ff,0.0,f,t,1,f,g,92,300,0,327,30193,406,salaried,tier_1,0.0134,29787,7
a,20.02,1.75,y,p,j,j,0.4,f,f,0,f,g,160,0,0,522,26116,1814,freelancer,tier_2,0.0695,24302,12
a,24.48,0.79,u,g,i,v,0.0,f,f,0,f,g,144,0,0,644,11536,3249,self_employed,tier_1,0.2816,8287,12
a,18.0,0.5,u,g,i,v,0.0,f,t,6,t,g,240,35,0,328,28155,8858,salaried,tier_3,0.3146,19297,0
b,32.7,3.165,y,p,x,v,3.39,t,t,3,t,g,380,0,1,821,51266,9178,salaried,tier_3,0.179,42088,60
b,23.37,12.0,u,g,k,v,2.05,t,t,2,t,g,120,5,0,687,30344,1204,business,tier_2,0.0397,29140,42
b,28.62,0.5,u,g,c,v,1.3,t,t,11,f,g,32,540,1,701,46532,19786,salaried,tier_1,0.4252,26746,31
b,38.41,1.75,y,p,c,bb,0.12,t,f,0,t,g,164,400,0,676,28816,8632,self_employed,tier_2,0.2996,20184,14
b,36.28,4.04,y,p,i,bb,8.72,t,t,7,t,g,195,0,1,764,39151,7445,salaried,tier_1,0.1902,31706,117
b,27.69,1.585,u,g,cc,h,1.66,t,t,12,t,g,583,713,1,730,157490,16308,self_employed,tier_1,0.1035,141182,41
b,23.44,1.5,y,p,aa,v,0.67,f,f,0,t,g,120,67,0,376,43448,11689,self_employed,tier_2,0.269,31759,31
b,39.63,3.335,u,g,w,v,4.16,t,t,14,f,g,383,1344,1,705,147945,28792,salaried,tier_3,0.1946,119153,50
a,18.0,10.0,u,g,w,v,1.23,f,t,1,f,g,120,1,0,315,12468,2849,salaried,tier_1,0.2285,9619,25
a,18.0,9.54,u,g,aa,v,0.48,t,f,0,f,g,100,0,1,790,69338,25625,salaried,tier_2,0.3696,43713,7
b,21.26,12.625,u,g,c,v,0.06,f,t,2,f,g,0,5552,0,304,12739,3836,self_employed,tier_3,0.3011,8903,12
b,31.07,16.165,u,g,d,v,2.67,t,t,9,f,g,250,730,1,802,34239,10371,business,tier_1,0.3029,23868,40
a,21.89,1.25,u,g,q,v,0.07,f,f,0,t,g,120,809,0,627,17689,3806,salaried,tier_2,0.2152,13883,17
b,30.67,3.0,u,g,d,v,0.1,f,f,0,t,g,120,0,0,614,18806,5948,freelancer,tier_3,0.3163,12858,3
a,20.97,1.25,y,p,ff,ff,3.46,f,f,0,f,g,280,0,0,677,13570,2068,business,tier_2,0.1524,11502,56
b,20.33,0.25,u,g,d,h,0.18,t,f,0,t,g,0,0,1,813,65190,11059,salaried,tier_3,0.1696,54131,8
a,22.91,2.335,u,g,i,bb,0.32,t,t,4,f,s,80,0,1,803,38409,9219,self_employed,tier_3,0.24,29190,4
b,22.64,9.0,u,g,aa,v,0.53,f,f,0,t,g,0,0,0,453,28131,592,business,tier_2,0.021,27539,8
b,22.4,0.46,u,g,k,v,0.3,f,f,0,t,g,280,55,0,681,11798,2569,salaried,tier_2,0.2177,9229,7
a,30.79,1.375,u,g,w,h,0.27,f,t,3,f,g,0,33,0,589,34262,5158,salaried,tier_2,0.1505,29104,20
b,38.34,10.125,u,g,x,v,2.81,t,t,6,f,g,520,196,1,900,32910,5254,salaried,tier_1,0.1596,27656,44
b,32.48,6.5,u,g,aa,v,0.41,t,f,0,t,g,443,0,0,717,12009,3861,salaried,tier_1,0.3215,8148,15
b,18.0,5.71,u,g,d,v,0.72,f,f,0,f,g,120,0,0,329,21671,1648,self_employed,tier_3,0.076,20023,21
b,37.38,2.5,y,p,i,h,9.94,f,f,0,t,s,200,0,0,359,17951,2137,business,tier_3,0.119,15814,126
b,28.5,0.375,u,g,c,v,0.77,f,f,0,f,g,220,140,0,523,13537,1006,self_employed,tier_1,0.0743,12531,32
b,32.92,5.25,u,g,w,v,0.15,f,f,0,t,g,290,6,1,878,44080,539,salaried,tier_2,0.0122,43541,20
b,41.17,0.835,u,g,ff,ff,0.0,t,f,0,f,g,130,1,0,661,12951,1784,business,tier_1,0.1377,11167,19
b,22.85,11.46,u,g,k,v,1.38,f,f,0,t,g,100,1212,0,311,11674,3156,salaried,tier_2,0.2703,8518,35
a,30.63,6.5,u,g,c,bb,4.19,t,t,7,t,g,0,3065,1,841,36629,2469,salaried,tier_1,0.0674,34160,56
b,19.16,6.5,u,g,w,h,1.88,t,t,7,f,g,80,2954,1,900,32482,7835,freelancer,tier_2,0.2412,24647,35
b,24.55,12.0,u,g,k,v,1.93,t,t,2,t,g,120,5,0,644,26935,1261,business,tier_2,0.0468,25674,37
b,23.62,0.46,u,g,k,v,0.0,f,f,0,t,g,280,55,0,699,10777,1993,salaried,tier_2,0.1849,8784,10
a,40.05,6.5,u,g,q,v,0.88,t,t,3,t,g,145,0,1,890,87114,26147,business,tier_2,0.3001,60967,10
a,21.44,11.835,u,g,c,h,6.42,t,f,0,f,g,340,0,1,700,90569,15943,freelancer,tier_2,0.176,74626,89
b,22.03,4.79,y,p,w,v,2.03,t,t,1,t,g,80,300,1,799,52463,1299,salaried,tier_3,0.0248,51164,28
b,38.35,0.21,u,g,k,v,0.0,t,f,0,t,g,280,0,1,807,27862,7584,salaried,tier_1,0.2722,20278,10
a,20.86,11.5,y,p,j,j,0.16,t,t,11,t,g,0,0,1,876,27355,3171,salaried,tier_3,0.1159,24184,3
a,30.38,6.5,u,g,c,bb,3.83,t,t,7,t,g,0,3065,1,827,36943,1836,salaried,tier_1,0.0497,35107,59
b,18.87,2.415,u,g,c,v,2.38,t,t,11,t,g,200,3000,1,687,88312,4414,salaried,tier_2,0.05,83898,51
b,25.93,0.585,y,p,cc,v,0.0,t,t,2,f,g,260,500,1,851,93675,5985,salaried,tier_3,0.0639,87690,18
a,32.2,0.75,u,g,k,bb,0.54,t,t,3,t,g,212,0,0,380,37717,6734,salaried,tier_2,0.1785,30983,26
b,27.67,15.0,u,g,c,h,5.04,t,t,11,f,g,0,2283,1,889,69374,26038,salaried,tier_3,0.3753,43336,67
b,21.35,10.5,u,g,c,v,2.79,t,f,0,t,g,0,0,1,848,75337,16807,freelancer,tier_2,0.2231,58530,37
b,23.9,0.125,y,p,k,v,0.0,f,f,0,f,g,200,70,0,300,25266,802,self_employed,tier_2,0.0317,24464,13
b,21.02,11.0,u,g,cc,v,0.23,t,f,0,f,g,100,0,1,674,33497,8073,salaried,tier_1,0.241,25424,19
b,53.57,2.04,y,p,ff,ff,1.76,f,f,0,f,g,120,1,0,380,17210,8067,self_employed,tier_1,0.4687,9143,32
b,35.4,2.75,u,g,m,v,3.91,t,t,6,f,g,204,0,1,629,54928,19350,self_employed,tier_1,0.3523,35578,51
a,34.17,0.54,u,g,cc,v,0.45,t,f,0,f,g,440,11177,1,712,54339,10291,self_employed,tier_2,0.1894,44048,27
b,66.77,11.0,u,g,e,z,19.87,t,t,7,t,g,22,0,1,669,141350,52318,business,tier_2,0.3701,89032,241
b,47.71,25.085,u,g,w,v,1.92,t,t,3,f,g,120,14,1,857,28103,8374,business,tier_1,0.298,19729,43
b,20.46,2.25,u,g,i,v,0.0,f,f,0,f,g,160,10,0,457,13630,3996,salaried,tier_2,0.2932,9634,2
b,54.7,0.5,y,p,k,h,3.7,t,f,0,f,g,180,314,1,746,142203,6464,salaried,tier_2,0.0455,135739,65
b,45.06,7.0,y,p,c,v,1.7,f,f,0,f,g,160,2,0,575,23908,2315,freelancer,tier_2,0.0968,21593,27
a,29.57,0.375,u,g,q,v,0.65,t,t,4,f,g,80,0,1,698,100169,15134,salaried,tier_1,0.1511,85035,21
a,50.15,1.335,u,g,i,o,0.6,f,f,0,f,g,0,120,0,546,28308,8836,salaried,tier_3,0.3121,19472,26
b,26.2,0.25,u,g,i,bb,0.26,t,f,0,t,g,0,0,1,751,83467,798,self_employed,tier_2,0.0096,82669,24
b,23.3,1.5,u,g,d,h,2.05,t,t,6,f,g,200,327,1,666,66057,21626,business,tier_2,0.3274,44431,36
a,18.0,9.25,u,g,q,v,1.16,t,t,4,f,g,60,540,1,768,24195,4458,salaried,tier_3,0.1843,19737,21
b,33.02,3.375,u,g,c,h,8.68,f,f,0,t,g,0,0,0,473,12192,1735,self_employed,tier_1,0.1423,10457,109
b,56.04,12.5,u,g,k,h,8.12,t,f,0,t,g,24,2028,1,764,25023,5371,salaried,tier_1,0.2146,19652,102
b,22.89,10.5,u,g,q,h,1.83,t,f,0,f,g,100,0,1,843,90815,2530,salaried,tier_1,0.0279,88285,41
b,26.47,3.0,u,g,c,v,1.57,f,t,1,f,g,0,22,0,466,44305,5944,self_employed,tier_2,0.1342,38361,27
b,51.85,2.04,y,p,ff,ff,1.04,f,f,0,f,g,120,1,0,400,18955,7319,self_employed,tier_1,0.3861,11636,25
b,29.25,2.04,y,p,aa,v,1.82,t,t,3,t,g,370,560,1,757,38548,7046,freelancer,tier_3,0.1828,31502,37
b,44.76,11.0,y,p,d,v,1.57,t,f,0,f,s,0,0,0,693,13291,3972,salaried,tier_3,0.2988,9319,27
b,58.78,8.5,u,g,e,h,7.22,t,t,3,f,g,0,0,1,847,80588,1842,salaried,tier_3,0.0229,78746,107
b,36.09,1.125,y,p,d,v,1.55,f,f,0,t,g,431,0,1,688,147264,12230,salaried,tier_2,0.083,135034,31
b,24.5,0.0,u,g,k,v,1.29,f,t,11,f,s,0,0,0,509,18596,4551,business,tier_1,0.2447,14045,31
a,18.0,0.165,u,g,aa,v,0.78,f,t,2,t,g,320,1,0,710,10777,797,freelancer,tier_1,0.074,9980,12
b,39.26,3.29,u,g,m,v,3.18,f,f,0,t,s,400,0,0,453,12625,2913,freelancer,tier_2,0.2307,9712,58
a,21.26,8.5,u,g,q,v,1.3,t,t,10,f,g,80,990,0,379,22594,6509,salaried,tier_2,0.2881,16085,30
a,26.04,2.5,y,p,i,bb,4.57,f,f,0,f,g,200,456,0,478,12698,4232,salaried,tier_2,0.3333,8466,72
b,30.55,3.0,u,g,d,v,0.35,f,f,0,t,g,120,0,0,586,16539,6489,freelancer,tier_3,0.3923,10050,13
a,56.93,0.335,u,g,i,bb,0.83,t,f,0,t,g,252,2197,0,418,15934,6310,salaried,tier_2,0.396,9624,25
b,33.5,1.75,u,g,w,bb,0.36,t,f,0,t,g,163,0,0,300,26987,221,business,tier_3,0.0082,26766,6
b,27.58,2.25,u,g,i,bb,0.05,f,f,0,t,g,640,4000,0,346,25517,8132,self_employed,tier_2,0.3187,17385,4
a,20.19,9.54,u,g,aa,v,0.0,t,f,0,f,g,100,0,1,833,79921,20827,salaried,tier_2,0.2606,59094,17
a,18.02,10.0,u,g,d,v,0.62,f,f,0,f,g,80,42,0,611,19254,1033,salaried,tier_2,0.0537,18221,26
b,39.63,0.54,y,p,aa,v,0.37,t,t,3,f,g,200,1000,1,741,50224,1590,business,tier_3,0.0317,48634,19
b,37.1,25.125,u,g,x,h,1.8,t,t,1,t,g,515,500,1,657,89840,9331,self_employed,tier_1,0.1039,80509,35
a,53.31,0.0,y,p,ff,ff,0.33,f,f,0,f,g,0,0,0,343,10500,844,salaried,tier_1,0.0804,9656,23
b,26.84,1.0,u,g,aa,v,0.85,f,f,0,f,g,200,0,0,395,25672,5050,self_employed,tier_3,0.1967,20622,29
a,30.18,1.375,u,g,w,h,0.0,f,t,3,f,g,0,33,0,615,35988,5699,salaried,tier_2,0.1584,30289,8
b,38.94,6.5,u,g,aa,bb,3.49,t,t,1,f,g,0,500,1,800,39103,4891,self_employed,tier_2,0.1251,34212,49
b,40.98,0.0,u,g,c,bb,15.23,t,f,0,f,g,0,0,1,842,92246,28245,salaried,tier_2,0.3062,64001,199
b,29.61,1.5,y,p,c,v,1.77,t,f,0,t,g,0,225,0,467,28688,8419,salaried,tier_3,0.2935,20269,30
a,21.27,2.29,u,g,q,h,2.57,t,t,7,t,g,140,2384,1,651,22040,2727,business,tier_1,0.1237,19313,47
b,26.83,0.585,y,p,cc,v,0.0,t,t,2,f,g,260,500,1,887,91670,7019,salaried,tier_3,0.0766,84651,4
b,65.94,5.5,u,g,e,z,12.69,t,t,1,t,g,0,0,1,719,35201,2810,salaried,tier_2,0.0798,32391,161
b,18.9,4.0,y,p,i,v,1.09,f,f,0,t,g,360,1000,0,490,18581,5362,salaried,tier_2,0.2886,13219,24
a,27.39,8.665,u,g,aa,v,1.66,t,f,0,f,g,160,150,1,875,32326,4217,freelancer,tier_2,0.1305,28109,33
b,33.1,3.375,u,g,c,h,8.11,f,f,0,t,g,0,0,0,440,10407,2051,self_employed,tier_1,0.1971,8356,98
b,18.78,5.5,u,g,k,v,0.1,t,f,0,f,g,80,0,1,820,145096,25266,self_employed,tier_3,0.1741,119830,8
a,39.06,2.5,u,g,i,h,0.43,f,f,0,f,g,260,246,0,561,16564,5265,self_employed,tier_1,0.3179,11299,26
b,43.28,0.5,u,g,i,h,4.8,t,f,0,t,g,320,0,1,688,91586,8202,self_employed,tier_1,0.0896,83384,64
b,39.77,5.0,u,g,cc,v,3.17,t,t,10,t,g,0,0,1,745,39828,11561,self_employed,tier_2,0.2903,28267,46
b,24.65,11.5,u,g,i,v,0.06,f,f,0,f,g,0,0,0,540,12418,1283,business,tier_1,0.1033,11135,7
b,36.27,1.335,u,g,i,bb,0.0,f,f,0,t,g,440,4500,0,658,18307,873,salaried,tier_2,0.0477,17434,14
b,29.77,0.0,u,g,w,v,1.34,t,t,1,f,g,202,0,1,747,24368,8945,self_employed,tier_1,0.3671,15423,22
b,32.4,5.085,y,p,i,bb,0.94,f,f,0,t,g,480,0,0,348,11744,3858,self_employed,tier_2,0.3285,7886,32
b,23.01,2.0,u,g,e,dd,0.0,f,t,2,f,g,320,1300,0,635,30368,863,business,tier_2,0.0284,29505,15
b,35.31,4.04,y,p,i,bb,8.1,t,t,7,t,g,195,0,1,795,37062,7794,salaried,tier_1,0.2103,29268,117
b,44.07,2.25,u,g,i,bb,0.54,t,f,0,f,g,560,0,0,555,19091,1522,salaried,tier_1,0.0797,17569,17
b,28.95,5.04,y,p,c,bb,1.66,t,t,8,t,g,144,7,1,832,31552,13111,self_employed,tier_3,0.4155,18441,33
a,33.26,1.585,y,p,ff,ff,0.0,t,f,0,f,g,320,0,0,363,12000,1756,business,tier_2,0.1463,10244,7
b,21.26,1.5,y,p,aa,v,0.6,f,f,0,t,g,120,67,0,427,38943,13048,self_employed,tier_2,0.3351,25895,14
b,37.82,0.835,u,g,e,v,0.0,f,f,0,f,g,120,5,0,429,20000,7525,freelancer,tier_1,0.3762,12475,3
b,25.6,12.5,u,g,cc,v,0.92,t,t,67,t,g,140,258,1,758,51971,9223,salaried,tier_3,0.1775,42748,28
a,19.75,9.5,u,g,w,v,1.3,t,t,6,t,g,40,600,1,764,151462,33532,salaried,tier_2,0.2214,117930,36
b,44.1,0.5,u,g,i,h,4.57,t,f,0,t,g,320,0,1,670,88461,9039,self_employed,tier_1,0.1022,79422,55
a,27.43,15.0,y,p,e,z,0.17,t,f,0,f,g,0,13212,1,723,103169,7084,self_employed,tier_1,0.0687,96085,11
a,25.25,8.665,u,g,aa,v,1.38,t,f,0,f,g,160,150,1,879,30980,3955,freelancer,tier_2,0.1277,27025,23
b,21.93,2.5,u,g,c,v,1.42,t,t,11,t,g,60,2184,1,884,23779,3627,self_employed,tier_3,0.1525,20152,23
b,48.64,19.0,u,g,ff,ff,0.0,t,t,1,f,g,94,0,0,499,22321,10938,salaried,tier_2,0.49,11383,9
a,18.0,9.25,y,p,c,v,0.64,t,t,4,t,g,80,500,1,900,52881,198,self_employed,tier_2,0.0037,52683,10
b,38.89,4.25,u,g,c,bb,6.31,t,t,16,f,g,117,1210,1,874,45593,17702,self_employed,tier_3,0.3883,27891,94
a,18.82,1.835,u,g,q,v,2.35,t,t,5,f,g,220,2503,1,848,48377,3729,business,tier_1,0.0771,44648,29
b,26.42,13.75,u,g,w,v,5.56,t,f,0,t,g,487,500,1,747,55935,14816,salaried,tier_2,0.2649,41119,80
a,25.99,12.33,u,g,cc,h,3.41,t,t,6,f,g,400,458,1,736,22782,384,self_employed,tier_1,0.0169,22398,44
a,35.88,0.29,u,g,ff,ff,0.0,f,t,10,f,g,200,18,0,317,30070,974,self_employed,tier_1,0.0324,29096,11
b,35.67,2.5,u,g,i,v,0.58,f,f,0,t,g,210,0,0,468,24394,1037,salaried,tier_2,0.0425,23357,21
a,41.87,2.04,y,p,q,h,0.56,t,t,23,t,g,455,1236,1,847,64157,12750,salaried,tier_1,0.1987,51407,15
b,38.49,10.125,u,g,x,v,2.55,t,t,6,f,g,520,196,1,870,38073,6114,salaried,tier_1,0.1606,31959,35
b,19.33,22.0,l,gg,ff,o,0.29,f,f,0,t,p,450,100000,1,843,43535,215,salaried,tier_1,0.0049,43320,20
a,20.51,11.25,y,p,x,h,0.91,t,t,4,f,g,0,321,1,897,34729,9449,freelancer,tier_1,0.2721,25280,23
a,41.28,7.54,y,p,q,h,8.01,t,t,14,f,g,0,2300,1,809,152730,34992,salaried,tier_2,0.2291,117738,114
b,27.09,1.0,u,g,aa,v,0.09,f,f,0,f,g,200,0,0,363,31155,4551,self_employed,tier_3,0.1461,26604,23
b,44.2,3.0,u,g,i,bb,1.14,t,f,0,f,g,0,200,0,562,19018,210,salaried,tier_1,0.011,18808,19
b,18.0,7.0,u,g,e,v,0.66,f,f,0,f,g,600,0,0,579,16667,5355,business,tier_2,0.3213,11312,22
b,25.06,0.75,u,g,c,bb,0.16,t,f,0,f,g,349,23,1,735,42649,1386,business,tier_1,0.0325,41263,2
b,58.36,1.54,u,g,q,v,0.25,t,f,0,t,g,260,0,1,821,160054,18448,salaried,tier_2,0.1153,141606,26
b,19.58,9.5,u,g,w,v,1.78,t,f,0,f,g,120,2206,1,748,101069,30572,business,tier_3,0.3025,70497,27
b,30.77,1.835,u,g,c,h,4.52,t,f,0,f,g,260,200,1,855,38529,12366,self_employed,tier_1,0.321,26163,58
b,62.02,7.0,u,g,e,z,0.17,f,f,0,f,g,0,12,0,575,19735,6966,salaried,tier_3,0.353,12769,21
a,20.99,0.5,y,p,e,dd,0.65,f,f,0,f,g,260,0,0,395,19853,1634,self_employed,tier_2,0.0823,18219,22
a,28.43,2.04,u,g,w,v,0.1,f,f,0,t,g,180,50,0,375,17919,1366,business,tier_2,0.0762,16553,2
b,18.0,7.0,u,g,e,v,0.54,f,f,0,f,g,600,0,0,581,17101,5482,business,tier_2,0.3206,11619,8
a,24.34,11.585,u,g,cc,v,0.26,t,f,0,f,g,80,1349,1,644,163120,37775,salaried,tier_3,0.2316,125345,17
b,48.76,2.5,u,g,m,bb,2.95,t,t,12,t,g,410,2510,1,882,147808,4630,salaried,tier_1,0.0313,143178,42
b,22.68,2.0,u,g,e,dd,0.0,f,t,2,f,g,320,1300,0,658,27150,1268,business,tier_2,0.0467,25882,1
b,52.81,1.375,y,p,c,h,9.05,t,f,0,t,g,200,100,0,667,44259,14365,salaried,tier_1,0.3246,29894,113
b,39.52,3.29,u,g,m,v,3.48,f,f,0,t,s,400,0,0,439,13377,2457,freelancer,tier_2,0.1837,10920,54
a,33.48,2.5,y,p,c,v,2.86,f,f,0,t,g,0,2,0,686,17818,1997,business,tier_1,0.1121,15821,57
a,22.5,3.0,u,g,q,v,0.22,t,t,3,f,g,100,6,1,624,30544,1464,self_employed,tier_3,0.0479,29080,2
b,44.6,0.375,y,p,c,v,0.0,t,t,8,t,g,300,162,1,773,24158,628,salaried,tier_1,0.026,23530,5
b,33.79,9.17,u,g,c,v,4.97,t,t,12,t,g,0,221,1,804,109106,27379,salaried,tier_2,0.2509,81727,77
b,42.42,25.21,u,g,q,h,0.54,t,t,1,f,g,760,90,0,405,13446,672,freelancer,tier_3,0.05,12774,19
a,51.77,15.0,u,g,c,v,5.13,t,t,14,f,g,0,2200,1,807,68328,1317,salaried,tier_3,0.0193,67011,63
b,28.8,9.335,u,g,q,h,6.09,t,t,6,f,g,381,168,1,895,21752,7809,business,tier_3,0.359,13943,79
b,33.13,1.08,u,g,m,v,1.12,f,f,0,f,s,28,0,0,675,13358,583,freelancer,tier_3,0.0436,12775,35
b,64.28,20.0,u,g,x,h,17.37,t,t,9,t,g,0,1000,1,706,24170,6109,self_employed,tier_1,0.2528,18061,226
b,30.26,0.165,y,p,c,h,3.21,t,t,1,t,g,432,8000,1,740,35438,6513,business,tier_3,0.1838,28925,46
a,47.47,1.335,u,g,i,o,0.67,f,f,0,f,g,0,120,0,521,28510,9146,salaried,tier_3,0.3208,19364,15
b,18.0,3.125,u,g,w,v,0.24,f,t,1,f,g,0,6,0,409,34798,1711,salaried,tier_2,0.0492,33087,3
b,31.13,13.0,u,g,d,h,0.06,f,f,0,f,g,228,0,0,389,31334,5900,self_employed,tier_2,0.1883,25434,16
b,18.0,0.085,y,p,c,v,0.5,f,f,0,f,g,140,722,0,519,26166,1552,business,tier_3,0.0593,24614,19
b,18.0,6.5,u,g,i,v,0.0,f,f,0,f,g,60,100,0,579,17327,646,freelancer,tier_3,0.0373,16681,23
b,40.87,4.915,y,p,w,v,3.41,t,f,0,t,g,52,1442,1,750,54557,13446,self_employed,tier_1,0.2465,41111,42
b,40.32,21.5,u,g,e,z,20.14,t,t,11,f,g,0,1200,1,862,73503,16280,self_employed,tier_2,0.2215,57223,257
b,31.6,2.335,u,g,d,h,5.44,f,f,0,t,g,292,0,0,451,20684,6388,business,tier_2,0.3088,14296,88
b,20.32,5.625,u,g,w,v,1.38,t,f,0,f,s,120,0,1,761,101771,21933,self_employed,tier_1,0.2155,79838,26
a,45.51,6.665,u,g,q,v,7.75,t,t,3,t,g,0,0,1,705,23658,7357,business,tier_3,0.311,16301,110
b,40.38,5.0,u,g,i,bb,0.13,f,f,0,f,g,550,0,0,708,36641,6493,self_employed,tier_3,0.1772,30148,12
b,27.21,4.25,u,g,cc,v,4.44,t,t,1,t,g,120,0,1,738,33430,524,salaried,tier_2,0.0157,32906,54
a,46.83,0.46,u,g,cc,h,0.42,t,t,11,t,g,440,6,1,661,33661,1351,self_employed,tier_1,0.0401,32310,16
b,26.88,3.5,u,g,cc,v,0.85,t,t,7,f,g,0,7059,1,704,30471,10215,salaried,tier_2,0.3352,20256,22
b,46.73,8.5,u,g,cc,h,13.98,t,t,1,t,g,88,2000,1,766,33630,3053,salaried,tier_2,0.0908,30577,184
a,21.3,2.335,u,g,i,bb,0.29,t,t,4,f,s,80,0,1,807,34624,9626,self_employed,tier_3,0.278,24998,13
a,18.0,0.335,u,g,ff,ff,0.0,f,t,1,f,g,160,126,0,674,12801,4420,salaried,tier_2,0.3453,8381,9
a,23.26,0.79,y,p,q,v,1.86,t,t,2,t,g,80,400,1,637,157052,10836,self_employed,tier_2,0.069,146216,44
a,18.0,9.54,u,g,aa,v,0.05,t,f,0,f,g,100,0,1,844,79697,18414,salaried,tier_2,0.2311,61283,17
b,35.22,1.08,u,g,m,v,0.88,f,f,0,f,s,28,0,0,659,10230,564,freelancer,tier_3,0.0551,9666,25
b,37.33,2.665,u,g,cc,v,0.6,f,f,0,t,g,0,501,0,686,22882,2093,salaried,tier_2,0.0915,20789,17
a,18.16,0.75,u,g,c,v,1.09,t,t,5,t,g,140,5,0,669,41940,9694,self_employed,tier_3,0.2311,32246,22
b,23.79,12.0,u,g,k,v,1.81,t,t,2,t,g,120,5,0,653,29855,1454,business,tier_2,0.0487,28401,44
b,34.17,1.75,u,g,w,bb,0.75,t,f,0,t,g,163,0,0,300,25547,237,business,tier_3,0.0093,25310,21
a,53.47,6.5,u,g,i,bb,3.28,f,f,0,t,g,73,0,0,410,13096,5193,salaried,tier_2,0.3965,7903,48
b,26.44,0.835,u,g,cc,v,0.83,f,f,0,f,g,100,0,0,675,12982,1323,freelancer,tier_3,0.1019,11659,11
b,24.31,0.46,y,p,w,v,2.36,t,t,6,t,g,208,347,0,499,12174,3378,salaried,tier_1,0.2775,8796,45
b,38.36,5.0,u,g,cc,v,3.69,t,t,10,t,g,0,0,1,766,30447,11162,self_employed,tier_2,0.3666,19285,54
b,28.12,1.0,y,p,d,h,3.28,f,f,0,f,g,176,537,0,310,43198,9355,salaried,tier_1,0.2166,33843,44
b,25.46,0.29,y,p,c,v,1.24,f,f,0,t,g,160,0,0,356,41004,15307,salaried,tier_1,0.3733,25697,15
a,48.39,8.0,u,g,c,v,7.63,t,t,6,t,g,0,1260,1,647,27114,4002,salaried,tier_1,0.1476,23112,103
b,36.87,0.21,u,g,k,v,0.0,t,f,0,t,g,280,0,1,826,26888,7847,salaried,tier_1,0.2918,19041,2
b,23.47,3.165,y,p,k,v,0.51,f,t,1,t,g,280,80,0,320,32727,8977,self_employed,tier_2,0.2743,23750,29
b,26.43,0.625,u,g,aa,v,0.13,t,f,0,t,g,200,0,0,376,12064,3670,salaried,tier_3,0.3042,8394,16
a,52.13,15.0,u,g,c,v,5.1,t,t,14,f,g,0,2200,1,831,66907,1503,salaried,tier_3,0.0225,65404,67
b,27.51,2.21,y,p,aa,v,4.18,t,f,0,f,g,188,0,0,454,42053,12758,salaried,tier_3,0.3034,29295,59
b,20.4,1.165,y,p,k,v,2.78,t,t,1,f,g,180,20,0,520,18650,6792,salaried,tier_1,0.3642,11858,39
a,18.0,0.5,u,g,i,v,0.17,f,t,6,t,g,240,35,0,315,26816,8583,salaried,tier_3,0.3201,18233,5
b,30.87,0.0,u,g,w,v,1.11,t,t,1,f,g,202,0,1,754,22524,9252,self_employed,tier_1,0.4108,13272,34
a,27.2,0.5,u,g,c,h,0.81,t,f,0,t,g,491,0,1,777,45424,18750,freelancer,tier_1,0.4128,26674,23
b,21.75,2.335,u,g,k,v,0.64,f,f,0,f,g,180,0,0,568,33513,13016,freelancer,tier_2,0.3884,20497,12
b,22.06,4.125,y,p,i,h,0.5,f,f,0,f,g,140,100,0,660,32249,10852,salaried,tier_2,0.3365,21397,24
b,21.68,9.96,u,g,e,dd,0.27,t,f,0,f,g,0,0,1,655,39286,3549,freelancer,tier_1,0.0903,35737,18
a,35.99,5.125,u,g,e,v,4.71,t,f,0,t,g,0,4000,1,679,53880,12293,salaried,tier_3,0.2282,41587,57
b,23.99,2.0,u,g,e,dd,0.05,f,t,2,f,g,320,1300,0,610,30874,1050,business,tier_2,0.034,29824,11
a,27.93,1.0,u,g,q,v,1.04,t,t,2,t,g,167,500,0,656,26155,2527,salaried,tier_2,0.0966,23628,15
a,39.91,5.0,u,g,cc,v,13.61,t,f,0,t,g,980,0,0,525,20101,1032,salaried,tier_2,0.0513,19069,167
b,37.26,6.0,u,g,m,v,1.26,t,t,5,t,g,108,1097,1,691,153546,16416,salaried,tier_2,0.1069,137130,26
b,27.23,2.0,u,g,k,h,4.48,t,t,2,t,g,181,0,1,796,155957,48565,salaried,tier_2,0.3114,107392,57
a,25.22,1.75,y,p,c,v,0.43,f,f,0,f,g,132,0,0,628,26908,8835,freelancer,tier_2,0.3283,18073,7
a,24.76,2.415,y,p,c,v,0.01,f,f,0,f,g,120,0,0,647,24804,7789,freelancer,tier_2,0.314,17015,2
a,24.5,12.5,u,g,aa,v,1.85,t,t,12,t,g,120,567,1,742,79868,18156,salaried,tier_1,0.2273,61712,42
b,19.33,0.0,y,p,m,bb,0.25,f,f,0,t,s,500,1,1,814,32594,4450,self_employed,tier_2,0.1365,28144,12
b,18.0,0.835,u,g,m,v,0.36,t,f,0,f,s,200,0,0,381,16392,1043,freelancer,tier_2,0.0636,15349,21
b,34.64,2.5,u,g,w,v,0.46,t,f,0,t,g,239,200,1,728,70811,12395,salaried,tier_2,0.175,58416,17
b,28.34,5.0,u,g,w,v,10.77,t,f,0,t,g,70,0,1,851,92245,21600,salaried,tier_1,0.2342,70645,131
a,21.18,0.665,y,p,c,v,0.77,f,t,1,f,g,2000,2,0,690,16460,4503,freelancer,tier_3,0.2736,11957,15
a,25.62,2.54,y,p,ff,ff,0.39,f,f,0,t,g,180,60,0,706,24436,1530,salaried,tier_3,0.0626,22906,26
a,30.05,3.75,u,g,c,v,0.52,f,t,1,t,g,40,154,0,532,20202,7634,self_employed,tier_1,0.3779,12568,26
b,23.58,0.75,u,g,m,v,0.93,t,f,0,t,s,320,0,0,488,12025,4513,business,tier_1,0.3753,7512,12
b,21.16,11.5,u,g,i,v,3.06,t,t,9,f,g,56,742,1,664,90637,13192,self_employed,tier_3,0.1455,77445,42
a,21.57,1.835,u,g,q,v,2.21,t,t,5,f,g,220,2503,1,834,43654,3306,business,tier_1,0.0757,40348,49
b,18.14,1.25,y,p,k,v,0.0,f,f,0,f,g,140,4,0,658,31765,1442,salaried,tier_1,0.0454,30323,22
b,22.66,5.29,u,g,q,v,0.38,t,t,1,f,g,160,0,0,461,11578,3166,salaried,tier_2,0.2734,8412,6
b,31.16,0.75,y,p,c,v,0.0,f,f,0,f,g,240,0,0,508,32896,3180,business,tier_2,0.0967,29716,18
a,24.19,11.0,y,p,aa,v,4.13,t,f,0,f,g,120,0,0,495,12574,157,salaried,tier_3,0.0125,12417,56
b,22.11,0.0,u,g,k,v,0.51,f,t,11,f,s,0,0,0,527,19599,5933,business,tier_1,0.3027,13666,22
b,18.7,0.0,y,p,m,bb,0.13,f,f,0,t,s,500,1,1,836,32605,3376,self_employed,tier_2,0.1035,29229,14
b,18.09,5.0,u,g,q,v,0.23,t,t,2,f,g,0,38,0,592,12692,3783,salaried,tier_1,0.2981,8909,6
b,21.66,0.585,y,p,ff,ff,0.0,f,f,0,f,g,100,0,0,615,11150,2328,self_employed,tier_2,0.2088,8822,19
b,28.94,0.75,y,p,c,v,0.0,f,f,0,f,g,240,0,0,489,33951,3902,business,tier_2,0.1149,30049,6
b,18.0,4.085,u,g,i,h,0.08,f,f,0,t,g,120,0,0,300,26022,3723,self_employed,tier_2,0.1431,22299,15
b,19.91,1.5,u,g,w,v,1.94,f,f,0,f,g,150,8,1,821,94735,1420,salaried,tier_2,0.015,93315,24
a,22.13,9.54,u,g,i,v,0.0,f,f,0,f,g,200,1000,0,507,11170,3723,salaried,tier_1,0.3333,7447,12
a,26.33,2.54,y,p,aa,v,0.08,t,f,0,t,g,370,0,1,767,136091,61481,salaried,tier_2,0.4518,74610,13
a,18.83,9.0,u,g,aa,v,1.09,t,t,2,f,g,88,591,1,876,26459,1412,self_employed,tier_3,0.0534,25047,32
b,23.58,0.585,y,p,ff,ff,0.15,f,f,0,f,g,100,0,0,585,10987,2046,self_employed,tier_2,0.1862,8941,24
b,58.49,2.75,u,g,w,v,1.96,t,t,5,t,g,60,58,1,745,77144,25654,salaried,tier_3,0.3325,51490,42
b,27.24,3.5,u,g,w,v,3.64,t,t,3,t,g,329,0,0,511,37175,12304,salaried,tier_3,0.331,24871,52
b,27.48,0.75,u,g,c,h,4.7,t,t,3,t,g,312,150,1,708,36700,14684,salaried,tier_1,0.4001,22016,79
a,27.5,1.5,u,g,m,v,1.71,t,f,0,f,s,368,0,0,392,32834,1648,business,tier_2,0.0502,31186,29
b,33.85,2.75,u,g,m,v,4.74,t,t,6,f,g,204,0,1,648,54170,18337,self_employed,tier_1,0.3385,35833,56
b,44.6,0.29,y,p,cc,h,2.08,t,t,8,f,g,100,375,1,891,107825,16474,freelancer,tier_2,0.1528,91351,25
a,30.55,1.04,u,g,c,v,2.59,t,t,5,t,g,300,1430,1,681,135947,40520,freelancer,tier_1,0.2981,95427,43
a,27.12,2.54,y,p,ff,ff,0.16,f,f,0,t,g,180,60,0,666,21912,1923,salaried,tier_3,0.0878,19989,8
b,63.81,7.0,u,g,e,z,0.15,f,f,0,f,g,0,12,0,555,19074,6156,salaried,tier_3,0.3227,12918,21
a,32.26,1.585,y,p,ff,ff,0.0,t,f,0,f,g,320,0,0,360,11526,1992,business,tier_2,0.1728,9534,5
b,18.06,6.5,u,g,w,h,1.18,t,t,7,f,g,80,2954,1,892,34289,6069,freelancer,tier_2,0.177,28220,21
a,21.26,10.0,u,g,c,h,1.46,t,t,4,f,g,50,1465,1,844,42967,13339,business,tier_1,0.3104,29628,29
b,37.15,2.04,u,g,w,v,0.07,t,f,0,t,g,400,5800,1,900,69590,4580,self_employed,tier_2,0.0658,65010,14
b,18.0,6.5,u,g,i,v,0.0,f,f,0,f,g,60,100,0,556,15481,719,freelancer,tier_3,0.0464,14762,10
b,23.56,6.625,y,p,d,v,5.76,t,f,0,t,s,100,0,1,809,167063,36772,salaried,tier_2,0.2201,130291,87
b,68.18,5.5,u,g,e,z,13.02,t,t,1,t,g,0,0,1,695,32305,3795,salaried,tier_2,0.1175,28510,160
b,28.41,1.415,u,g,w,h,0.26,t,t,1,f,g,240,100,1,824,101720,29569,salaried,tier_1,0.2907,72151,17
a,25.93,1.125,u,g,q,v,1.53,t,t,2,f,g,200,0,0,550,34467,7671,freelancer,tier_1,0.2226,26796,20
b,39.28,5.0,u,g,c,v,5.23,t,t,7,f,g,0,3065,1,760,157508,20738,business,tier_3,0.1317,136770,83
a,26.76,1.0,u,g,q,v,0.67,t,t,2,t,g,167,500,0,655,23672,2365,salaried,tier_2,0.0999,21307,25
b,39.24,5.0,u,g,i,bb,0.67,f,f,0,f,g,550,0,0,680,44775,6650,self_employed,tier_3,0.1485,38125,19
b,32.09,1.0,u,g,x,v,0.47,t,t,7,t,g,340,4071,1,740,111643,39746,self_employed,tier_3,0.356,71897,18
b,22.23,0.835,y,p,c,v,1.96,f,f,0,t,s,240,0,0,586,17056,3352,salaried,tier_2,0.1965,13704,41
b,33.97,2.415,u,g,w,v,0.0,f,t,2,f,g,220,1,0,594,33608,9336,self_employed,tier_1,0.2778,24272,2
b,21.29,10.04,u,g,x,v,0.14,t,t,9,f,g,60,396,1,861,86163,26340,business,tier_3,0.3057,59823,8
b,22.77,10.04,u,g,x,v,0.0,t,t,9,f,g,60,396,1,898,82321,25226,business,tier_3,0.3064,57095,6
b,22.92,0.625,y,p,aa,v,0.0,t,f,0,f,g,180,1,0,602,33103,4543,business,tier_3,0.1372,28560,19
b,54.93,12.25,u,g,m,v,1.58,t,t,4,t,g,200,0,1,704,138705,57233,self_employed,tier_3,0.4126,81472,31
b,49.86,2.04,y,p,ff,ff,1.01,f,f,0,f,g,120,1,0,369,18414,8124,self_employed,tier_1,0.4412,10290,15
a,27.7,0.5,u,g,c,h,1.17,t,f,0,t,g,491,0,1,751,43508,19268,freelancer,tier_1,0.4429,24240,14
b,21.06,1.085,u,g,q,v,1.57,f,f,0,f,g,108,7,0,584,15812,3011,freelancer,tier_3,0.1904,12801,37
b,19.63,5.625,u,g,w,v,2.2,t,f,0,f,s,120,0,1,766,114966,20918,self_employed,tier_1,0.1819,94048,33
a,47.13,0.75,u,g,q,h,2.84,t,t,1,f,g,333,892,1,747,94799,30040,salaried,tier_2,0.3169,64759,34
b,27.65,3.625,u,g,aa,v,0.0,f,f,0,t,g,100,0,0,380,42978,776,freelancer,tier_3,0.0181,42202,3
b,22.71,1.5,u,g,c,h,0.97,t,f,0,f,g,422,200,1,900,54599,5015,salaried,tier_1,0.0919,49584,16
b,26.77,0.835,u,g,cc,v,1.55,f,f,0,f,g,100,0,0,640,13288,1062,freelancer,tier_3,0.0799,12226,39
b,44.28,3.0,u,g,i,bb,1.34,t,f,0,f,g,0,200,0,598,20687,174,salaried,tier_1,0.0084,20513,21
b,26.57,1.0,y,p,d,h,2.85,f,f,0,f,g,176,537,0,307,36897,10643,salaried,tier_1,0.2885,26254,45
b,39.53,10.125,u,g,x,v,2.62,t,t,6,f,g,520,196,1,887,30173,5166,salaried,tier_1,0.1712,25007,39
b,33.24,15.0,u,g,r,n,5.36,t,t,9,t,g,0,134,1,644,97335,24611,salaried,tier_1,0.2528,72724,78
b,25.69,0.54,u,g,k,ff,0.47,f,f,0,f,g,100,0,0,534,16002,6180,freelancer,tier_1,0.3862,9822,9
b,52.48,6.75,u,g,c,h,3.07,t,t,11,t,g,0,284,1,827,64254,9990,self_employed,tier_2,0.1555,54264,43
a,18.89,10.0,u,g,c,h,1.48,t,t,4,f,g,50,1465,1,858,47906,12283,business,tier_1,0.2564,35623,29
b,23.34,1.165,y,p,k,v,2.87,t,t,1,f,g,180,20,0,496,19532,5280,salaried,tier_1,0.2703,14252,43
b,44.09,0.5,u,g,m,v,11.16,t,f,0,f,s,400,0,0,557,40794,11332,salaried,tier_2,0.2778,29462,151
a,19.06,9.54,u,g,i,v,0.0,f,f,0,f,g,200,1000,0,495,11326,3704,salaried,tier_1,0.327,7622,2
a,42.84,2.04,y,p,q,h,0.46,t,t,23,t,g,455,1236,1,827,78472,16210,salaried,tier_1,0.2066,62262,14
b,36.44,5.0,u,g,x,h,7.71,t,t,6,t,g,0,1000,1,784,45980,9369,business,tier_1,0.2038,36611,113
a,51.1,12.54,u,g,aa,v,2.75,t,t,3,t,g,156,0,1,713,128147,38673,salaried,tier_2,0.3018,89474,54
b,46.73,8.5,u,g,cc,h,14.07,t,t,1,t,g,88,2000,1,754,37775,3246,salaried,tier_2,0.0859,34529,183
b,22.21,11.625,y,p,w,v,0.42,t,f,0,t,g,160,300,1,777,51856,10494,salaried,tier_2,0.2024,41362,7
a,24.1,6.165,u,g,aa,v,0.26,f,f,0,f,g,220,1000,0,348,12944,2331,salaried,tier_2,0.1801,10613,8
a,25.26,1.04,y,p,ff,ff,0.69,t,t,3,f,g,180,147,0,318,15510,609,business,tier_3,0.0393,14901,12
b,33.4,4.46,u,g,cc,h,5.76,t,t,3,f,g,311,300,1,845,110113,16416,self_employed,tier_2,0.1491,93697,90
b,24.61,0.585,u,g,c,h,0.0,t,f,0,f,g,180,0,0,377,12430,4202,business,tier_1,0.3381,8228,12
b,30.14,1.585,u,g,d,v,0.68,f,f,0,t,s,0,0,0,380,40760,1963,self_employed,tier_1,0.0482,38797,8
a,18.0,0.585,u,g,c,h,1.37,t,t,2,f,g,100,0,1,823,51869,7102,salaried,tier_1,0.1369,44767,30
b,18.0,1.21,y,p,e,dd,0.0,f,f,0,f,g,100,0,0,476,19967,4889,salaried,tier_2,0.2449,15078,14
a,22.23,11.585,u,g,cc,v,0.0,t,f,0,f,g,80,1349,1,692,153912,39711,salaried,tier_3,0.258,114201,20
b,20.68,9.0,u,g,aa,v,0.53,f,f,0,f,g,0,0,0,543,18437,1045,salaried,tier_2,0.0567,17392,13
a,49.91,1.335,u,g,i,o,0.59,f,f,0,f,g,0,120,0,523,28680,8540,salaried,tier_3,0.2978,20140,14
b,22.16,0.75,u,g,m,v,0.0,t,f,0,t,s,320,0,0,477,12924,3655,business,tier_1,0.2828,9269,5
a,41.66,1.04,u,g,aa,v,0.93,f,f,0,f,g,240,237,0,335,29480,11398,business,tier_3,0.3866,18082,26
b,22.9,11.625,y,p,w,v,1.07,t,f,0,t,g,160,300,1,801,53110,13791,salaried,tier_2,0.2597,39319,26
a,24.26,11.25,y,p,x,h,0.26,t,t,4,f,g,0,321,1,900,33836,7990,freelancer,tier_1,0.2361,25846,3
b,25.09,0.5,u,g,c,v,1.33,t,t,5,t,g,312,0,1,820,68899,7466,business,tier_1,0.1084,61433,23
b,57.69,18.5,u,g,d,bb,15.11,t,t,17,t,g,0,0,1,784,154358,8281,business,tier_1,0.0536,146077,194
b,23.09,1.165,y,p,k,v,2.45,t,t,1,f,g,180,20,0,513,20312,6536,salaried,tier_1,0.3218,13776,37
a,18.0,9.0,u,g,aa,v,1.65,t,f,0,t,g,0,0,1,707,56437,13099,salaried,tier_1,0.2321,43338,32
a,22.18,0.335,u,g,q,v,0.68,f,f,0,f,s,160,0,0,519,38102,8137,salaried,tier_1,0.2136,29965,21
a,25.32,2.5,y,p,i,bb,4.15,f,f,0,f,g,200,456,0,491,12099,3651,salaried,tier_2,0.3018,8448,54
a,24.07,11.25,y,p,x,h,1.23,t,t,4,f,g,0,321,1,900,31972,9438,freelancer,tier_1,0.2952,22534,34
b,34.69,1.25,u,g,w,v,0.91,f,f,0,f,g,120,0,0,396,34460,11305,salaried,tier_1,0.3281,23155,15
b,32.08,1.04,u,g,r,h,6.72,t,f,0,t,g,164,31285,1,860,57216,1394,salaried,tier_3,0.0244,55822,95
a,26.05,0.5,u,g,q,h,1.14,t,f,0,f,g,280,824,1,753,36569,1832,business,tier_2,0.0501,34737,17
a,18.0,0.375,u,g,c,v,0.83,f,f,0,f,g,120,18,0,687,13095,2218,salaried,tier_1,0.1694,10877,11
b,43.47,5.0,u,g,i,bb,2.19,f,f,0,t,g,141,0,0,615,12774,1185,salaried,tier_2,0.0928,11589,29
a,35.25,1.585,y,p,ff,ff,0.0,t,f,0,f,g,320,0,0,365,12335,1677,business,tier_2,0.136,10658,2
b,18.0,10.0,u,g,w,h,0.11,f,t,1,f,g,120,1,0,611,34640,3616,business,tier_2,0.1044,31024,13
b,42.06,0.835,u,g,ff,ff,0.0,t,f,0,f,g,130,1,0,695,11837,1958,business,tier_1,0.1654,9879,2
a,46.21,10.5,u,g,q,v,5.06,t,t,7,t,g,0,0,1,711,26310,2,business,tier_1,0.0001,26308,78
b,34.74,3.165,y,p,x,v,3.33,t,t,3,t,g,380,0,1,832,52662,9352,salaried,tier_3,0.1776,43310,61
a,20.44,11.75,u,g,c,v,0.0,f,f,0,t,g,180,0,0,300,11543,3162,business,tier_1,0.2739,8381,9
b,18.0,4.0,y,p,w,v,2.12,t,t,2,t,g,120,1000,1,714,113250,3631,salaried,tier_2,0.0321,109619,38
b,57.91,18.5,u,g,d,bb,14.69,t,t,17,t,g,0,0,1,791,135031,8771,business,tier_1,0.065,126260,199
b,25.83,0.585,y,p,cc,v,0.0,t,t,2,f,g,260,500,1,848,100010,7347,salaried,tier_3,0.0735,92663,19
b,21.7,12.625,u,g,c,v,0.29,f,t,2,f,g,0,5552,0,300,12687,4345,self_employed,tier_3,0.3425,8342,25
b,23.29,7.5,u,g,aa,v,1.38,t,t,1,f,g,80,9800,1,793,105914,7894,salaried,tier_2,0.0745,98020,34
b,33.12,4.5,u,g,aa,v,1.0,t,f,0,t,g,240,0,0,470,26114,712,freelancer,tier_2,0.0273,25402,15
b,27.65,0.5,u,g,c,v,1.09,t,t,5,t,g,312,0,1,808,69943,9027,business,tier_1,0.1291,60916,29
b,66.48,5.5,u,g,e,z,13.31,t,t,1,t,g,0,0,1,669,31390,3701,salaried,tier_2,0.1179,27689,175
a,20.27,3.0,u,g,aa,v,0.16,t,f,0,f,g,100,0,1,880,104078,8222,salaried,tier_1,0.079,95856,7
a,53.84,15.0,u,g,c,v,5.14,t,t,14,f,g,0,2200,1,825,77234,1471,salaried,tier_3,0.019,75763,70
b,39.21,3.335,u,g,w,v,3.87,t,t,14,f,g,383,1344,1,695,135571,38295,salaried,tier_3,0.2825,97276,69
b,54.24,9.625,u,g,e,v,8.98,t,t,5,f,g,0,0,1,843,37153,10503,business,tier_1,0.2827,26650,128
a,41.29,6.5,u,g,q,v,0.57,t,t,3,t,g,145,0,1,861,98655,24152,business,tier_2,0.2448,74503,19
b,23.37,0.79,u,g,w,v,0.0,f,t,1,f,g,420,283,0,670,26258,7930,salaried,tier_2,0.302,18328,5
a,21.61,0.79,u,g,i,v,0.0,f,f,0,f,g,144,0,0,617,13214,3517,self_employed,tier_1,0.2662,9697,7
a,35.77,1.0,u,g,c,v,1.74,t,t,11,f,g,0,456,1,672,45045,4286,freelancer,tier_2,0.0951,40759,38
b,36.79,10.125,u,g,x,v,2.52,t,t,6,f,g,520,196,1,900,29951,4819,salaried,tier_1,0.1609,25132,39
a,34.13,0.75,u,g,k,bb,1.34,t,t,3,t,g,212,0,0,377,43349,7427,salaried,tier_2,0.1713,35922,29
a,45.67,0.46,u,g,cc,h,0.35,t,t,11,t,g,440,6,1,701,36151,1516,self_employed,tier_1,0.0419,34635,5
a,24.76,1.125,u,g,q,v,1.22,t,t,2,f,g,200,0,0,528,42395,6418,freelancer,tier_1,0.1514,35977,37
a,58.31,21.0,u,g,i,bb,10.41,t,t,13,f,g,0,6700,1,706,110144,86,self_employed,tier_3,0.0008,110058,124
a,23.53,1.125,u,g,q,v,1.37,t,t,2,f,g,200,0,0,503,43633,7996,freelancer,tier_1,0.1833,35637,21
a,18.0,4.415,y,p,c,h,3.07,t,f,0,f,g,240,0,1,647,170741,28887,business,tier_2,0.1692,141854,51
a,37.49,5.125,u,g,e,v,4.76,t,f,0,t,g,0,4000,1,705,50539,13103,salaried,tier_3,0.2593,37436,66
a,18.0,0.375,u,g,c,v,1.11,f,f,0,f,g,120,18,0,666,11958,2294,salaried,tier_1,0.1918,9664,19
b,24.04,1.5,y,p,aa,v,0.62,f,f,0,t,g,120,67,0,412,38822,14888,self_employed,tier_2,0.3835,23934,14
a,20.36,0.665,u,g,w,v,1.56,f,f,0,f,g,220,5,0,608,26883,4330,salaried,tier_2,0.1611,22553,27
b,46.53,4.25,u,g,m,v,0.62,t,f,0,t,g,225,0,1,776,51089,11847,freelancer,tier_2,0.2319,39242,13
b,18.0,3.0,u,g,k,v,0.42,f,f,0,t,g,160,40,0,362,23327,9351,freelancer,tier_1,0.4009,13976,28
b,23.95,0.335,u,g,k,h,3.75,f,f,0,t,g,340,0,0,389,20275,2345,salaried,tier_1,0.1157,17930,64
b,24.7,0.46,y,p,w,v,2.66,t,t,6,t,g,208,347,0,498,12299,4313,salaried,tier_1,0.3507,7986,39
a,18.05,0.335,u,g,ff,ff,0.0,f,t,1,f,g,160,126,0,664,12334,4936,salaried,tier_2,0.4002,7398,3
b,27.79,0.75,u,g,q,h,0.0,f,f,0,t,g,220,251,0,525,11477,2488,salaried,tier_2,0.2168,8989,7
a,28.31,3.0,u,g,m,v,2.6,f,t,1,t,g,280,10,0,622,25967,9929,self_employed,tier_2,0.3824,16038,33
b,33.78,2.5,y,p,w,v,3.27,f,f,0,f,s,200,0,0,353,34380,12064,business,tier_3,0.3509,22316,44
b,40.92,1.25,y,p,w,v,0.2,f,f,0,f,g,0,195,0,623,17586,3421,self_employed,tier_3,0.1945,14165,21
b,19.67,0.165,u,g,d,v,0.63,f,f,0,t,s,280,0,0,654,10504,2594,salaried,tier_2,0.247,7910,21
b,24.34,0.29,y,p,c,v,1.15,f,f,0,t,g,160,0,0,328,41282,13387,salaried,tier_1,0.3243,27895,17
a,20.81,1.75,y,p,j,j,0.01,f,f,0,f,g,160,0,0,555,33428,1958,freelancer,tier_2,0.0586,31470,19
a,38.11,4.415,u,g,c,v,0.27,f,f,0,f,g,160,0,0,533,33446,3704,salaried,tier_2,0.1107,29742,24
a,26.18,2.085,u,g,c,h,2.77,t,f,0,t,g,360,1,0,362,26192,3407,salaried,tier_3,0.1301,22785,45
a,28.08,3.75,u,g,c,v,0.64,f,t,1,t,g,40,154,0,528,16440,7970,self_employed,tier_1,0.4848,8470,10
b,31.79,1.04,y,p,i,bb,0.99,t,t,10,t,g,132,28,0,602,44355,13561,self_employed,tier_2,0.3057,30794,26
a,21.13,6.165,u,g,aa,v,0.0,f,f,0,f,g,220,1000,0,378,13389,2674,salaried,tier_2,0.1997,10715,10
b,21.56,2.335,u,g,k,v,0.38,f,f,0,f,g,180,0,0,579,27269,10139,freelancer,tier_2,0.3718,17130,19
a,23.59,6.165,u,g,aa,v,0.0,f,f,0,f,g,220,1000,0,373,12854,2423,salaried,tier_2,0.1885,10431,21
b,30.48,0.75,y,p,aa,v,3.68,f,f,0,t,g,320,0,0,613,11231,1325,salaried,tier_2,0.118,9906,65
a,57.13,16.0,u,g,j,ff,0.0,t,t,15,f,g,0,247,1,764,163618,6940,salaried,tier_1,0.0424,156678,14
b,40.08,5.0,u,g,q,h,5.23,t,t,6,t,g,470,0,1,765,86187,16403,self_employed,tier_3,0.1903,69784,74
b,19.22,3.0,y,p,d,v,0.99,t,t,8,t,g,160,1,1,703,30065,5498,salaried,tier_1,0.1829,24567,32
b,53.06,9.415,u,g,ff,ff,14.54,t,t,11,t,g,30,300,1,716,83940,16943,business,tier_1,0.2018,66997,176
a,22.39,1.835,u,g,q,v,2.35,t,t,5,f,g,220,2503,1,811,51839,3899,business,tier_1,0.0752,47940,40
b,30.38,0.5,u,g,c,v,1.8,t,t,11,f,g,32,540,1,714,57100,13413,salaried,tier_1,0.2349,43687,32
b,23.27,11.0,u,g,cc,v,0.7,t,f,0,f,g,100,0,1,659,34632,9353,salaried,tier_1,0.2701,25279,30
b,31.41,4.0,u,g,m,v,2.09,t,f,0,t,g,360,0,1,740,55210,5424,salaried,tier_3,0.0982,49786,46
a,35.2,1.25,y,p,i,h,0.41,f,f,0,t,g,160,0,0,665,34748,5064,freelancer,tier_1,0.1457,29684,4
b,39.23,9.5,u,g,m,v,6.55,t,t,14,f,g,240,4607,1,900,23764,5365,business,tier_1,0.2258,18399,88
b,22.45,5.29,u,g,q,v,0.34,t,t,1,f,g,160,0,0,452,10441,3317,salaried,tier_2,0.3177,7124,4
b,28.82,1.54,u,g,w,v,4.15,t,t,5,t,g,100,3,1,661,171390,31134,self_employed,tier_1,0.1817,140256,58
b,18.0,3.29,u,g,i,v,0.74,f,f,0,t,g,140,2,0,564,13141,475,freelancer,tier_3,0.0361,12666,26
a,22.94,12.5,u,g,aa,v,1.82,t,t,12,t,g,120,567,1,770,82932,15296,salaried,tier_1,0.1844,67636,44
b,34.37,2.75,u,g,i,bb,2.38,f,f,0,t,g,232,200,0,376,28284,7602,salaried,tier_3,0.2688,20682,50
a,24.45,0.67,u,g,aa,h,1.97,t,f,0,f,g,400,0,0,380,26265,5384,self_employed,tier_1,0.205,20881,40
a,31.29,1.75,y,p,k,v,1.15,f,f,0,t,g,280,0,0,413,17382,3747,self_employed,tier_1,0.2156,13635,27
a,35.61,0.29,u,g,ff,ff,0.0,f,t,10,f,g,200,18,0,329,26139,1096,self_employed,tier_1,0.0419,25043,8
b,26.66,2.04,y,p,aa,v,1.84,t,t,3,t,g,370,560,1,742,31963,8893,freelancer,tier_3,0.2782,23070,36
b,30.9,2.835,u,g,ff,ff,0.0,f,t,5,f,g,176,146,0,476,27564,3324,self_employed,tier_3,0.1206,24240,5
a,18.0,0.585,u,g,c,h,1.33,t,t,2,f,g,100,0,1,836,49536,5767,salaried,tier_1,0.1164,43769,31
b,28.19,0.75,y,p,c,v,0.0,f,f,0,f,g,240,0,0,531,27917,3343,business,tier_2,0.1197,24574,9
a,27.51,8.665,u,g,aa,v,1.87,t,f,0,f,g,160,150,1,870,30810,3659,freelancer,tier_2,0.1188,27151,27
a,18.0,0.21,u,g,aa,v,0.0,f,f,0,f,g,200,1,0,709,27007,2742,salaried,tier_2,0.1015,24265,6
b,29.28,1.0,y,p,d,h,3.4,f,f,0,f,g,176,537,0,315,35767,8577,salaried,tier_1,0.2398,27190,57
b,44.07,4.085,u,g,aa,v,0.0,f,f,0,f,g,108,100,0,401,34257,2777,salaried,tier_2,0.0811,31480,7
b,48.3,2.29,u,g,ff,ff,0.0,f,f,0,f,g,200,3,0,382,32333,6944,salaried,tier_2,0.2148,25389,6
a,24.94,12.5,u,g,aa,v,1.52,t,t,12,t,g,120,567,1,735,85524,17675,salaried,tier_1,0.2067,67849,41
a,45.75,3.0,u,g,x,v,14.05,t,t,2,t,g,519,1704,1,784,24548,2289,salaried,tier_1,0.0932,22259,176
a,26.66,12.33,u,g,cc,h,3.04,t,t,6,f,g,400,458,1,727,23337,536,self_employed,tier_1,0.023,22801,54
b,52.12,6.5,u,g,k,v,6.01,t,t,15,f,g,0,11202,1,703,27237,7835,business,tier_2,0.2877,19402,87
b,26.82,1.665,u,g,cc,h,5.04,t,t,9,f,g,399,827,1,789,23696,4970,self_employed,tier_3,0.2097,18726,81
b,50.79,15.0,u,g,c,v,8.33,t,t,9,f,g,0,0,1,843,23495,5855,salaried,tier_1,0.2492,17640,105
b,30.67,0.0,u,g,w,v,1.46,t,t,1,f,g,202,0,1,768,22993,8388,self_employed,tier_1,0.3648,14605,29
b,51.34,1.375,y,p,c,h,9.47,t,f,0,t,g,200,100,0,658,35556,11617,salaried,tier_1,0.3267,23939,123
b,27.17,0.75,u,g,q,h,0.0,f,f,0,t,g,220,251,0,489,11123,2541,salaried,tier_2,0.2284,8582,23
b,40.37,1.625,u,g,c,v,1.89,t,t,10,f,g,186,4700,1,858,33480,6939,self_employed,tier_3,0.2073,26541,29
b,23.67,11.0,u,g,w,v,1.79,t,t,1,f,g,80,278,1,702,26304,1125,freelancer,tier_1,0.0428,25179,34
b,33.47,1.75,u,g,w,bb,0.48,t,f,0,t,g,163,0,0,300,26063,248,business,tier_3,0.0095,25815,6
b,59.55,1.54,u,g,q,v,0.4,t,f,0,t,g,260,0,1,830,136972,23050,salaried,tier_2,0.1683,113922,24
b,44.0,4.915,y,p,w,v,3.63,t,f,0,t,g,52,1442,1,777,54635,12713,self_employed,tier_1,0.2327,41922,55
b,30.54,2.5,u,g,c,v,1.25,f,f,0,t,g,280,0,0,524,10728,4314,business,tier_3,0.4021,6414,32
a,24.23,0.75,u,g,c,v,2.12,f,t,2,t,g,200,394,0,326,28583,5158,business,tier_2,0.1805,23425,32
b,23.88,12.5,u,g,aa,v,2.83,t,f,0,t,s,20,0,1,830,55469,14448,business,tier_1,0.2605,41021,53
a,38.96,6.0,u,g,k,v,1.18,t,f,0,t,g,0,0,1,713,67235,8377,business,tier_1,0.1246,58858,33
b,56.33,12.5,u,g,k,h,7.96,t,f,0,t,g,24,2028,1,779,21870,6254,salaried,tier_1,0.286,15616,104
a,18.13,10.21,u,g,ff,ff,0.0,f,f,0,f,g,0,50,0,614,11944,1169,salaried,tier_3,0.0979,10775,14
a,24.36,1.25,u,g,q,v,0.61,f,f,0,t,g,120,809,0,634,16933,3252,salaried,tier_2,0.1921,13681,13
b,45.74,6.5,u,g,c,v,0.55,f,f,0,t,g,0,228,0,569,18342,3391,salaried,tier_1,0.1849,14951,15
b,34.14,2.5,u,g,cc,bb,0.88,f,f,0,f,g,348,0,0,490,19640,389,business,tier_1,0.0198,19251,26
b,25.73,0.335,u,g,k,h,3.85,f,f,0,t,g,340,0,0,358,16040,1672,salaried,tier_1,0.1042,14368,54
b,40.17,1.75,u,g,k,v,0.51,f,f,0,t,g,300,2,0,437,30726,1626,self_employed,tier_2,0.0529,29100,25
b,38.04,1.625,u,g,c,v,1.49,t,t,10,f,g,186,4700,1,835,35057,5799,self_employed,tier_3,0.1654,29258,32
a,54.54,0.165,u,g,ff,ff,0.0,f,f,0,t,s,62,27,0,595,26796,6906,salaried,tier_1,0.2577,19890,12
b,33.77,2.75,u,g,i,bb,2.99,f,f,0,t,g,232,200,0,390,25929,9045,salaried,tier_3,0.3488,16884,54
a,27.26,1.0,u,g,q,v,0.61,t,t,2,t,g,167,500,0,677,23302,1876,salaried,tier_2,0.0805,21426,16
b,20.37,10.915,u,g,c,bb,0.68,f,t,2,t,g,200,7,0,655,39854,16114,freelancer,tier_2,0.4043,23740,10
a,23.61,12.5,u,g,d,v,1.18,f,f,0,t,g,180,1062,0,322,21867,9458,business,tier_3,0.4325,12409,31
b,28.39,5.0,u,g,w,v,11.43,t,f,0,t,g,70,0,1,865,98787,23082,salaried,tier_1,0.2337,75705,140
a,24.43,2.0,u,g,j,j,0.28,f,f,0,t,g,276,1,0,670,37677,8673,business,tier_1,0.2302,29004,14
b,24.18,0.54,u,g,m,v,1.14,f,f,0,t,g,120,1,0,509,27417,10107,business,tier_3,0.3686,17310,17
a,18.0,9.5,u,g,aa,v,1.37,f,t,10,t,g,0,10,0,357,15607,4019,salaried,tier_1,0.2575,11588,26
a,56.72,16.0,u,g,j,ff,0.0,t,t,15,f,g,0,247,1,766,146337,8661,salaried,tier_1,0.0592,137676,0
b,21.79,2.25,u,g,i,v,0.0,f,f,0,f,g,160,10,0,416,11850,4253,salaried,tier_2,0.3589,7597,10
b,31.97,0.165,y,p,c,h,3.63,t,t,1,t,g,432,8000,1,736,37362,7563,business,tier_3,0.2024,29799,50
b,41.66,3.0,u,g,i,bb,1.25,t,f,0,f,g,0,200,0,566,18401,227,salaried,tier_1,0.0123,18174,22
b,27.57,1.29,u,g,k,h,0.51,f,f,0,t,s,140,0,0,453,18902,7594,salaried,tier_2,0.4018,11308,10
b,29.48,0.75,u,g,q,h,0.32,f,f,0,t,g,220,251,0,511,12997,2912,salaried,tier_2,0.2241,10085,9
b,21.48,0.25,u,g,q,v,0.13,f,f,0,f,g,200,0,0,300,44346,2482,salaried,tier_1,0.056,41864,9
b,41.41,1.25,u,g,m,v,13.52,f,t,1,t,g,352,112,0,690,23604,6544,business,tier_1,0.2772,17060,172
a,18.79,1.835,u,g,q,v,1.91,t,t,5,f,g,220,2503,1,836,50570,3406,business,tier_1,0.0674,47164,43
b,25.65,0.585,y,p,cc,h,0.0,f,f,0,f,g,240,1,0,577,19836,6527,freelancer,tier_3,0.329,13309,2
a,18.0,2.875,u,g,q,v,0.31,f,f,0,f,g,120,0,0,339,34405,10206,salaried,tier_1,0.2966,24199,19
b,37.65,1.125,y,p,d,v,1.16,f,f,0,t,g,431,0,1,713,167528,15178,salaried,tier_2,0.0906,152350,13
b,21.29,5.625,u,g,w,v,1.91,t,f,0,f,s,120,0,1,753,96144,16760,self_employed,tier_1,0.1743,79384,33
b,29.09,2.04,y,p,x,h,0.23,f,f,0,f,g,128,1,0,644,36341,12922,salaried,tier_3,0.3556,23419,17
b,21.6,1.165,y,p,k,v,2.46,t,t,1,f,g,180,20,0,486,17942,5378,salaried,tier_1,0.2997,12564,47
b,51.04,2.29,u,g,ff,ff,0.0,f,f,0,f,g,200,3,0,337,32174,5853,salaried,tier_2,0.1819,26321,3
a,30.27,1.75,y,p,k,v,1.06,f,f,0,t,g,280,0,0,468,17959,2642,self_employed,tier_1,0.1471,15317,31
b,38.53,0.54,y,p,aa,v,0.32,t,t,3,f,g,200,1000,1,749,49747,1257,business,tier_3,0.0253,48490,23
b,18.0,2.46,u,g,c,n,1.16,f,t,2,t,g,160,587,0,717,44058,10467,business,tier_2,0.2376,33591,13
b,27.74,15.0,u,g,c,h,4.95,t,t,11,f,g,0,2283,1,866,71881,25075,salaried,tier_3,0.3488,46806,79
b,32.49,15.5,u,g,c,v,0.83,t,f,0,f,g,120,0,0,564,27698,2248,self_employed,tier_2,0.0812,25450,9
b,34.18,2.5,u,g,i,v,1.26,f,f,0,t,g,210,0,0,489,24301,926,salaried,tier_2,0.0381,23375,23
b,25.84,1.29,u,g,k,h,0.0,f,f,0,t,s,140,0,0,486,17072,6469,salaried,tier_2,0.3789,10603,5
b,20.36,10.29,u,g,ff,ff,0.63,f,f,0,f,g,80,0,0,587,29585,12466,freelancer,tier_1,0.4214,17119,15
a,18.0,7.625,u,g,q,v,0.29,f,t,1,t,g,0,160,0,591,26968,9042,salaried,tier_3,0.3353,17926,24
a,20.46,11.25,y,p,x,h,1.0,t,t,4,f,g,0,321,1,900,31073,8937,freelancer,tier_1,0.2876,22136,30
a,49.2,0.835,u,g,aa,v,0.19,f,f,0,t,g,240,117,0,374,22723,22,self_employed,tier_1,0.001,22701,4
b,22.02,0.0,u,g,k,v,0.66,f,t,11,f,s,0,0,0,510,20437,6006,business,tier_1,0.2939,14431,11
a,47.44,8.0,u,g,c,v,7.61,t,t,6,t,g,0,1260,1,653,22566,3895,salaried,tier_1,0.1726,18671,114
b,18.0,0.04,u,g,c,v,0.0,f,f,0,f,g,0,0,1,867,35711,10614,business,tier_2,0.2972,25097,22
a,41.85,7.54,y,p,q,h,8.29,t,t,14,f,g,0,2300,1,774,153569,43014,salaried,tier_2,0.2801,110555,109
a,52.66,15.0,u,g,c,v,5.74,t,t,14,f,g,0,2200,1,794,74766,1438,salaried,tier_3,0.0192,73328,70
a,47.06,3.0,u,g,x,v,14.3,t,t,2,t,g,519,1704,1,754,26085,2209,salaried,tier_1,0.0847,23876,183
a,25.55,2.085,u,g,c,h,2.31,t,f,0,t,g,360,1,0,350,22973,3943,salaried,tier_3,0.1716,19030,36
a,18.0,7.625,u,g,q,v,0.0,f,t,1,t,g,0,160,0,593,25394,7683,salaried,tier_3,0.3026,17711,22
b,39.13,2.25,y,p,x,h,10.2,t,f,0,t,g,176,0,0,623,28849,9027,self_employed,tier_1,0.3129,19822,141
b,29.51,0.585,y,p,cc,v,0.03,t,t,2,f,g,260,500,1,883,104850,7381,salaried,tier_3,0.0704,97469,2
a,19.5,10.25,u,g,q,v,0.54,t,t,2,t,g,49,0,1,749,31232,3762,business,tier_1,0.1205,27470,21
b,18.0,3.29,u,g,i,v,0.38,f,f,0,t,g,140,2,0,562,12255,479,freelancer,tier_3,0.0391,11776,16
b,27.47,3.25,y,p,q,h,4.69,f,t,2,t,g,369,1,0,425,27167,3216,salaried,tier_2,0.1184,23951,72
b,18.0,0.25,u,g,q,v,0.48,f,t,4,f,g,160,8,0,568,23339,2961,self_employed,tier_3,0.1269,20378,27
a,55.15,19.5,u,g,c,v,5.33,t,t,7,f,g,0,3000,1,628,137341,56784,business,tier_2,0.4135,80557,77
b,47.09,4.25,u,g,m,v,0.26,t,f,0,t,g,225,0,1,815,45242,12691,freelancer,tier_2,0.2805,32551,7
a,21.43,11.665,u,g,k,h,0.42,f,f,0,f,g,320,5,0,406,19758,2294,salaried,tier_3,0.1161,17464,5
a,57.81,0.335,u,g,i,bb,0.67,t,f,0,t,g,252,2197,0,381,16842,5664,salaried,tier_2,0.3363,11178,29
a,44.74,10.5,u,g,q,v,5.43,t,t,7,t,g,0,0,1,716,28203,3,business,tier_1,0.0001,28200,68
a,18.0,0.375,u,g,c,v,1.03,f,f,0,f,g,120,18,0,685,13691,2488,salaried,tier_1,0.1817,11203,23
b,18.48,0.165,u,g,d,v,0.67,f,f,0,t,s,280,0,0,639,12256,2232,salaried,tier_2,0.1821,10024,28
b,29.8,5.125,u,g,x,v,4.46,t,t,2,f,g,420,7,1,893,22322,3666,salaried,tier_2,0.1642,18656,71
b,20.63,7.5,u,g,aa,v,1.52,t,t,1,f,g,80,9800,1,805,96236,7991,salaried,tier_2,0.083,88245,41
a,25.7,1.25,u,g,ff,ff,0.0,f,t,1,f,g,92,300,0,314,32679,336,salaried,tier_1,0.0103,32343,7
b,43.96,2.0,u,g,m,v,2.02,t,t,2,t,g,0,15,1,635,96021,453,self_employed,tier_2,0.0047,95568,37
b,40.16,1.625,u,g,c,v,1.61,t,t,10,f,g,186,4700,1,859,30663,7090,self_employed,tier_3,0.2312,23573,38
a,35.02,0.29,u,g,ff,ff,0.0,f,t,10,f,g,200,18,0,372,30511,1320,self_employed,tier_1,0.0433,29191,5
b,34.95,16.5,y,p,c,v,4.41,t,f,0,f,g,80,0,0,587,13242,1814,salaried,tier_2,0.137,11428,63
b,31.65,0.335,y,p,cc,v,0.0,f,f,0,f,g,180,0,0,444,43551,5771,business,tier_2,0.1325,37780,14
b,18.0,0.165,u,g,d,v,0.0,f,f,0,t,s,280,0,0,610,10830,1995,salaried,tier_2,0.1842,8835,3
a,20.35,10.5,y,p,x,h,0.11,f,f,0,t,g,154,32,0,643,12621,2992,business,tier_2,0.2371,9629,6
a,23.27,0.5,u,g,q,h,1.37,t,t,1,f,g,0,678,1,891,22903,6467,business,tier_2,0.2824,16436,37
a,40.13,1.5,u,g,ff,ff,0.0,f,f,0,f,g,76,0,0,644,27463,5641,self_employed,tier_2,0.2054,21822,10
b,70.0,22.29,u,g,e,z,12.74,t,t,1,t,g,0,109,1,820,111222,28316,salaried,tier_1,0.2546,82906,160
b,44.07,11.0,y,p,d,v,1.96,t,f,0,f,s,0,0,0,644,11098,3773,salaried,tier_3,0.34,7325,33
b,46.8,5.835,u,g,w,v,5.73,f,f,0,f,g,465,150,0,351,23224,7514,business,tier_2,0.3235,15710,82
a,24.74,12.5,u,g,aa,v,1.11,t,t,12,t,g,120,567,1,755,63764,15017,salaried,tier_1,0.2355,48747,24
b,30.16,1.75,y,p,e,h,0.0,t,f,0,t,g,393,0,1,676,27780,7687,salaried,tier_3,0.2767,20093,13
a,59.99,21.0,u,g,i,bb,10.48,t,t,13,f,g,0,6700,1,670,108777,68,self_employed,tier_3,0.0006,108709,136
a,19.57,9.0,u,g,aa,v,1.6,t,f,0,t,g,0,0,1,743,51909,14580,salaried,tier_1,0.2809,37329,34
a,44.56,10.5,u,g,q,v,5.42,t,t,7,t,g,0,0,1,733,26876,3,business,tier_1,0.0001,26873,73
b,42.48,2.0,u,g,m,v,1.55,t,t,2,t,g,0,15,1,679,89561,451,self_employed,tier_2,0.005,89110,41
b,39.15,3.29,u,g,m,v,3.74,f,f,0,t,s,400,0,0,406,11849,2147,freelancer,tier_2,0.1812,9702,49
b,32.97,2.5,u,g,c,v,1.46,f,f,0,t,g,280,0,0,521,11464,3706,business,tier_3,0.3233,7758,17
b,44.65,2.0,u,g,m,v,1.54,t,t,2,t,g,0,15,1,664,87813,465,self_employed,tier_2,0.0053,87348,35
a,42.39,2.04,y,p,q,h,0.18,t,t,23,t,g,455,1236,1,849,74687,17713,salaried,tier_1,0.2372,56974,17
b,29.01,3.0,u,g,w,v,0.88,f,f,0,t,g,300,67,0,337,28155,8645,business,tier_2,0.3071,19510,19
b,32.47,5.5,u,g,q,h,5.48,t,t,12,t,g,408,1000,1,684,43100,5020,salaried,tier_1,0.1165,38080,69
b,34.03,0.335,y,p,cc,v,0.41,f,f,0,f,g,180,0,0,411,37497,7466,business,tier_2,0.1991,30031,18
a,29.25,1.0,u,g,q,v,1.33,t,t,2,t,g,167,500,0,671,22806,2363,salaried,tier_2,0.1036,20443,22
a,23.55,1.5,u,g,w,v,1.23,f,f,0,t,g,160,0,0,609,23036,8253,self_employed,tier_2,0.3583,14783,37
a,24.65,13.665,u,g,q,h,1.8,f,f,0,f,g,280,1,0,491,33675,8217,salaried,tier_1,0.244,25458,21
a,32.5,3.125,u,g,ff,ff,3.03,f,t,2,t,g,200,4,0,361,24760,7122,salaried,tier_2,0.2876,17638,47
b,19.65,6.5,u,g,w,h,1.34,t,t,7,f,g,80,2954,1,885,34646,6333,freelancer,tier_2,0.1828,28313,26
b,22.66,0.83,u,g,c,h,2.5,f,f,0,t,g,128,0,1,834,53908,18999,business,tier_1,0.3524,34909,49
a,20.87,10.5,y,p,x,h,0.0,f,f,0,t,g,154,32,0,656,10756,2446,business,tier_2,0.2274,8310,17
b,40.05,1.625,u,g,c,v,1.25,t,t,10,f,g,186,4700,1,809,34866,5864,self_employed,tier_3,0.1682,29002,30
a,19.4,9.5,u,g,w,v,1.63,t,t,6,t,g,40,600,1,744,146849,24002,salaried,tier_2,0.1634,122847,27
a,47.83,8.0,u,g,c,v,7.52,t,t,6,t,g,0,1260,1,623,25726,5269,salaried,tier_1,0.2048,20457,113
b,27.56,0.54,u,g,k,ff,0.19,f,f,0,f,g,100,0,0,528,20697,4590,freelancer,tier_1,0.2218,16107,14
b,18.0,0.0,y,p,aa,v,0.09,f,f,0,f,g,60,0,0,300,43233,5607,salaried,tier_3,0.1297,37626,21
b,42.14,5.0,u,g,i,bb,2.01,f,f,0,t,g,141,0,0,613,11632,1000,salaried,tier_2,0.086,10632,30
b,20.26,0.46,u,g,k,v,0.58,f,f,0,t,g,280,55,0,695,13179,1931,salaried,tier_2,0.1465,11248,17
a,37.99,5.5,u,g,q,v,0.4,t,f,0,t,g,228,0,1,700,67590,26106,salaried,tier_2,0.3862,41484,19
b,33.19,2.5,u,g,cc,h,3.04,t,t,6,f,g,160,2072,1,871,85913,34918,salaried,tier_1,0.4064,50995,47
a,18.0,7.625,u,g,q,v,0.25,f,t,1,t,g,0,160,0,574,22783,8014,salaried,tier_3,0.3518,14769,18
b,40.62,4.04,u,g,cc,h,7.34,t,t,8,f,g,320,0,1,797,23803,8606,salaried,tier_2,0.3616,15197,109
a,18.0,0.375,u,g,c,v,1.26,f,f,0,f,g,120,18,0,646,12038,1905,salaried,tier_1,0.1582,10133,37
a,18.0,7.625,u,g,q,v,0.22,f,t,1,t,g,0,160,0,585,25863,7055,salaried,tier_3,0.2728,18808,25
b,22.03,0.415,y,p,c,v,0.5,f,t,2,f,g,128,6,0,498,44927,4503,freelancer,tier_2,0.1002,40424,14
a,46.09,4.585,u,g,k,h,0.69,f,f,0,t,s,240,0,0,571,40118,8548,salaried,tier_2,0.2131,31570,16
b,27.0,3.0,u,g,w,v,1.19,f,f,0,t,g,300,67,0,348,25009,7446,business,tier_2,0.2977,17563,27
b,34.02,2.75,u,g,m,v,4.15,t,t,6,f,g,204,0,1,628,43253,15630,self_employed,tier_1,0.3614,27623,72
b,21.17,1.835,u,g,c,v,2.28,t,t,1,f,g,100,150,1,826,43023,19503,self_employed,tier_1,0.4533,23520,41
b,29.05,3.5,u,g,w,v,3.12,t,t,3,t,g,329,0,0,500,40613,13112,salaried,tier_3,0.3229,27501,49
b,30.09,3.625,u,g,aa,v,0.29,f,f,0,t,g,100,0,0,376,39258,809,freelancer,tier_3,0.0206,38449,16
a,32.86,1.625,u,g,d,v,0.65,f,f,0,t,g,0,0,0,545,19831,5912,salaried,tier_2,0.2981,13919,30
a,24.89,0.5,u,g,c,h,1.37,t,f,0,t,g,491,0,1,727,44910,16789,freelancer,tier_1,0.3738,28121,23
b,59.0,8.5,u,g,e,h,7.48,t,t,3,f,g,0,0,1,859,64311,2016,salaried,tier_3,0.0313,62295,110
b,70.0,19.0,y,p,ff,ff,0.51,f,t,2,f,g,0,351,0,673,17724,704,salaried,tier_1,0.0397,17020,29
b,26.41,1.29,u,g,k,h,0.1,f,f,0,t,s,140,0,0,477,16582,7718,salaried,tier_2,0.4654,8864,15
a,29.85,3.0,y,p,j,j,0.49,f,f,0,f,g,160,20,0,400,15567,4799,salaried,tier_3,0.3083,10768,27
b,22.94,1.25,u,g,c,v,0.21,f,f,0,f,g,110,0,0,451,42695,10272,self_employed,tier_3,0.2406,32423,8
b,24.73,0.335,u,g,k,h,3.85,f,f,0,t,g,340,0,0,375,15902,1771,salaried,tier_1,0.1114,14131,69
b,28.06,0.835,u,g,cc,v,0.88,f,f,0,f,g,100,0,0,628,12389,1092,freelancer,tier_3,0.0881,11297,21
b,27.06,0.54,u,g,k,ff,0.01,f,f,0,f,g,100,0,0,514,16817,4822,freelancer,tier_1,0.2867,11995,23
a,38.41,1.665,u,g,aa,v,0.72,f,f,0,f,g,0,390,0,561,27061,461,self_employed,tier_3,0.017,26600,17
a,28.72,1.25,u,g,ff,ff,0.45,f,t,1,f,g,92,300,0,327,28917,433,salaried,tier_1,0.015,28484,24
b,39.81,6.5,u,g,aa,bb,3.68,t,t,1,f,g,0,500,1,794,38165,4857,self_employed,tier_2,0.1273,33308,48
b,30.09,0.0,u,g,w,v,1.55,t,t,1,f,g,202,0,1,775,24190,7076,self_employed,tier_1,0.2925,17114,30
a,47.84,3.0,u,g,c,v,2.05,t,t,8,t,g,396,4159,1,897,53761,14637,salaried,tier_1,0.2723,39124,41
b,28.07,14.585,u,g,i,bb,0.22,f,f,0,t,g,178,0,0,352,22191,3997,self_employed,tier_2,0.1801,18194,17
b,40.87,1.625,u,g,c,v,1.62,f,f,0,f,g,0,316,0,609,12981,4129,salaried,tier_2,0.3181,8852,29
a,18.13,0.375,l,gg,cc,ff,9.59,f,f,0,t,s,300,0,1,706,23026,2874,business,tier_2,0.1248,20152,117
a,57.66,16.0,u,g,j,ff,0.0,t,t,15,f,g,0,247,1,766,157982,7023,salaried,tier_1,0.0445,150959,23
b,33.89,2.5,u,g,k,v,4.11,t,t,7,f,g,150,1270,1,770,50986,6430,salaried,tier_1,0.1261,44556,69
b,36.46,5.5,u,g,i,bb,5.22,f,f,0,f,g,210,687,0,561,45149,14776,self_employed,tier_2,0.3273,30373,80
a,31.44,1.085,y,p,x,v,0.64,f,f,0,f,g,280,13,0,457,17391,2230,business,tier_1,0.1282,15161,26
b,24.83,12.5,u,g,cc,v,1.18,t,t,67,t,g,140,258,1,705,43492,7328,salaried,tier_3,0.1685,36164,20
b,18.0,0.04,u,g,c,v,0.0,f,f,0,f,g,0,0,1,844,29951,9665,business,tier_2,0.3227,20286,3
a,18.0,11.0,u,g,x,h,1.05,t,t,11,f,g,0,3000,1,764,109805,23391,salaried,tier_3,0.213,86414,23
a,18.99,3.0,u,g,aa,v,0.25,t,f,0,f,g,100,0,1,881,100742,9627,salaried,tier_1,0.0956,91115,11
b,41.97,0.5,y,p,m,v,0.68,f,f,0,t,g,130,0,0,363,19486,3500,business,tier_1,0.1796,15986,30
b,19.34,5.29,u,g,q,v,0.39,t,t,1,f,g,160,0,0,449,11043,2517,salaried,tier_2,0.2279,8526,9
a,23.2,0.335,u,g,q,v,0.71,f,f,0,f,s,160,0,0,551,38141,9029,salaried,tier_1,0.2367,29112,28
b,39.51,4.04,u,g,cc,h,6.9,t,t,8,f,g,320,0,1,825,21475,8838,salaried,tier_2,0.4115,12637,82
b,22.21,7.0,u,g,c,v,1.99,t,t,3,f,g,200,1391,1,736,28461,368,salaried,tier_1,0.0129,28093,28
b,18.75,0.585,u,g,ff,ff,0.0,f,t,3,f,g,350,769,0,305,42014,8402,salaried,tier_1,0.2,33612,16
b,18.0,0.335,y,p,k,v,0.05,f,f,0,f,s,200,0,0,534,13559,1982,salaried,tier_2,0.1462,11577,23
a,30.69,1.46,u,g,w,v,1.33,t,t,16,f,g,120,2079,1,675,23241,1237,business,tier_3,0.0532,22004,21
a,32.36,10.665,u,g,q,h,0.0,f,t,12,t,g,129,3,0,371,18601,341,self_employed,tier_3,0.0183,18260,4
a,57.93,19.5,u,g,c,v,5.85,t,t,7,f,g,0,3000,1,625,158032,65513,business,tier_2,0.4146,92519,74
b,40.97,6.5,u,g,aa,bb,3.33,t,t,1,f,g,0,500,1,771,33084,4453,self_employed,tier_2,0.1346,28631,55
a,41.17,6.5,u,g,q,v,0.7,t,t,3,t,g,145,0,1,900,110443,22174,business,tier_2,0.2008,88269,27
a,22.32,5.665,u,g,q,v,2.13,t,t,7,f,g,129,3257,1,875,85061,13259,salaried,tier_2,0.1559,71802,28
a,54.19,7.08,u,g,k,h,6.64,t,t,3,t,g,100,50,0,534,44618,3,self_employed,tier_1,0.0001,44615,82
a,41.07,10.0,u,g,q,h,1.59,t,f,0,f,g,29,837,1,900,160758,57906,salaried,tier_2,0.3602,102852,37
a,20.24,2.335,u,g,i,bb,0.82,t,t,4,f,s,80,0,1,783,32663,9606,self_employed,tier_3,0.2941,23057,22
b,34.83,2.5,u,g,aa,v,2.22,f,t,2,t,g,720,0,0,530,37379,11284,freelancer,tier_2,0.3019,26095,37
a,24.61,0.79,y,p,q,v,1.46,t,t,2,t,g,80,400,1,686,170851,12998,self_employed,tier_2,0.0761,157853,28
b,27.32,2.0,u,g,x,h,1.32,t,t,4,f,g,140,7544,1,724,63981,16702,self_employed,tier_2,0.261,47279,29
a,19.11,11.835,u,g,c,h,6.2,t,f,0,f,g,340,0,1,673,106481,15953,freelancer,tier_2,0.1498,90528,92
b,42.64,1.54,u,g,i,bb,3.97,f,f,0,f,g,216,0,1,838,37165,2638,salaried,tier_1,0.071,34527,53
b,35.66,4.0,u,g,c,bb,5.31,t,f,0,t,s,280,0,0,435,41472,14642,salaried,tier_1,0.3531,26830,79
b,33.18,1.335,u,g,i,bb,0.0,f,f,0,t,g,440,4500,0,630,20646,1171,salaried,tier_2,0.0567,19475,10
b,36.18,6.5,u,g,m,h,4.46,t,t,12,t,g,93,0,1,674,23589,1081,salaried,tier_3,0.0458,22508,69
b,32.06,0.04,y,p,m,v,0.08,f,f,0,f,g,0,0,0,467,28559,3129,salaried,tier_2,0.1096,25430,5
b,33.57,3.0,u,g,d,v,0.0,f,f,0,t,g,120,0,0,633,15726,7340,freelancer,tier_3,0.4667,8386,1
b,38.26,5.0,u,g,cc,v,3.25,t,t,10,t,g,0,0,1,774,34399,11937,self_employed,tier_2,0.347,22462,39
a,21.76,0.79,y,p,q,v,1.92,t,t,2,t,g,80,400,1,674,139247,11910,self_employed,tier_2,0.0855,127337,36
b,20.53,0.835,y,p,c,v,2.43,f,f,0,t,s,240,0,0,587,17154,2855,salaried,tier_2,0.1664,14299,48
b,26.32,0.58,u,g,c,v,0.59,t,t,7,t,g,96,5124,1,712,165055,57400,business,tier_2,0.3478,107655,13
b,25.81,2.25,u,g,i,bb,0.98,f,f,0,t,g,640,4000,0,355,33919,7804,self_employed,tier_2,0.2301,26115,27
b,31.71,2.5,u,g,cc,h,3.06,t,t,6,f,g,160,2072,1,900,90571,35169,salaried,tier_1,0.3883,55402,41
b,67.21,11.0,u,g,e,z,19.51,t,t,7,t,g,22,0,1,676,144262,52179,business,tier_2,0.3617,92083,237
b,31.49,0.75,y,p,c,v,0.0,f,f,0,f,g,240,0,0,537,33857,4223,business,tier_2,0.1247,29634,17
a,27.21,12.5,u,g,d,v,0.53,f,f,0,t,g,180,1062,0,361,21713,8201,business,tier_3,0.3777,13512,29
b,43.23,9.79,u,g,x,h,7.55,t,t,8,f,g,0,0,1,830,30719,2204,business,tier_1,0.0717,28515,100
b,31.67,2.5,u,g,aa,v,1.47,f,t,2,t,g,720,0,0,509,35953,12856,freelancer,tier_2,0.3576,23097,17
b,18.0,22.0,l,gg,ff,o,0.0,f,f,0,t,p,450,100000,1,826,51428,244,salaried,tier_1,0.0047,51184,19
b,30.61,1.125,u,g,ff,ff,0.35,f,t,1,f,g,96,19,0,598,35805,10301,self_employed,tier_3,0.2877,25504,7
a,63.35,0.165,u,g,ff,ff,0.36,t,t,1,f,g,232,100,1,810,171063,7000,business,tier_2,0.0409,164063,8
b,18.16,2.75,u,g,aa,v,0.78,f,t,1,f,g,80,21,0,517,29520,2437,business,tier_2,0.0826,27083,14
a,31.66,6.5,u,g,c,bb,4.43,t,t,7,t,g,0,3065,1,837,35015,2151,salaried,tier_1,0.0614,32864,58
b,31.48,2.71,y,p,m,v,0.13,f,f,0,t,s,80,0,0,631,23099,2988,freelancer,tier_2,0.1294,20111,24
b,20.57,0.25,u,g,d,h,1.05,t,f,0,t,g,0,0,1,780,74346,13828,salaried,tier_3,0.186,60518,29
a,24.89,5.875,u,g,q,v,3.12,t,t,10,f,g,120,245,1,739,52428,6977,salaried,tier_2,0.1331,45451,40
b,20.14,0.0,u,g,q,v,0.44,f,f,0,f,g,160,1,0,714,32260,396,salaried,tier_2,0.0123,31864,10
b,25.32,14.585,u,g,i,bb,0.42,f,f,0,t,g,178,0,0,369,26904,2975,self_employed,tier_2,0.1106,23929,19
b,21.65,8.17,u,g,aa,v,1.85,t,t,14,f,g,60,158,1,817,153505,45261,business,tier_1,0.2949,108244,25
b,26.67,2.04,y,p,aa,v,2.0,t,t,3,t,g,370,560,1,719,39245,8122,freelancer,tier_3,0.207,31123,30
b,41.57,25.21,u,g,q,h,0.04,t,t,1,f,g,760,90,0,413,13142,784,freelancer,tier_3,0.0597,12358,1
b,53.13,6.5,u,g,k,v,6.45,t,t,15,f,g,0,11202,1,664,26927,9442,business,tier_2,0.3507,17485,81
b,58.45,7.04,u,g,m,v,14.5,t,t,6,t,g,360,1332,1,884,86668,30966,salaried,tier_2,0.3573,55702,192
b,18.05,0.375,u,g,q,v,1.53,t,t,2,t,g,80,0,1,754,127809,23275,business,tier_3,0.1821,104534,29
b,18.78,0.29,u,g,k,v,0.69,f,f,0,f,g,280,364,0,385,10964,3848,salaried,tier_2,0.351,7116,10
b,32.64,2.5,u,g,cc,h,1.75,f,f,0,t,s,340,0,0,357,41962,4119,business,tier_3,0.0982,37843,38
b,34.96,3.0,u,g,cc,h,7.28,t,f,0,t,g,0,0,1,900,34067,9310,salaried,tier_2,0.2733,24757,92
a,21.0,1.25,u,g,c,v,0.0,f,f,0,f,g,0,0,0,611,17472,4068,salaried,tier_3,0.2328,13404,7
b,22.35,3.165,y,p,k,v,0.67,f,t,1,t,g,280,80,0,307,33461,8872,self_employed,tier_2,0.2651,24589,23
b,18.0,9.5,u,g,q,v,0.55,t,f,0,t,g,60,400,1,820,55933,5394,salaried,tier_3,0.0964,50539,23
a,22.69,0.585,y,p,ff,ff,0.18,f,f,0,f,g,120,87,0,384,13473,75,salaried,tier_3,0.0056,13398,4
a,48.0,1.5,u,g,j,j,0.0,t,f,0,t,g,100,27,0,549,16994,1811,self_employed,tier_1,0.1066,15183,4
b,33.19,3.0,u,g,cc,h,7.05,t,f,0,t,g,0,0,1,890,37006,9619,salaried,tier_2,0.2599,27387,107
b,37.77,5.0,u,g,cc,v,3.77,t,t,10,t,g,0,0,1,772,32602,12245,self_employed,tier_2,0.3756,20357,62
a,20.97,3.0,u,g,q,v,0.0,t,t,3,f,g,100,6,1,635,31751,1468,self_employed,tier_3,0.0462,30283,6
b,18.0,0.25,u,g,q,v,0.06,f,t,4,f,g,160,8,0,548,22634,3065,self_employed,tier_3,0.1354,19569,1
b,44.11,1.25,u,g,m,v,13.65,f,t,1,t,g,352,112,0,677,23815,6365,business,tier_1,0.2673,17450,175
a,21.66,11.585,u,g,cc,v,0.13,t,f,0,f,g,80,1349,1,693,146848,41195,salaried,tier_3,0.2805,105653,24
a,29.36,1.085,y,p,x,v,1.16,f,f,0,f,g,280,13,0,429,19787,2663,business,tier_1,0.1346,17124,23
a,25.63,3.0,u,g,m,v,2.31,f,t,1,t,g,280,10,0,613,26579,7977,self_employed,tier_2,0.3001,18602,43
b,33.68,2.75,u,g,i,bb,0.0,f,f,0,f,g,180,0,0,311,42819,9374,salaried,tier_1,0.2189,33445,1
b,33.14,2.5,u,g,w,v,0.0,t,f,0,t,g,239,200,1,722,75707,12673,salaried,tier_2,0.1674,63034,17
b,46.91,8.5,u,g,cc,h,13.83,t,t,1,t,g,88,2000,1,751,32773,3659,salaried,tier_2,0.1116,29114,184
a,21.83,1.835,u,g,q,v,2.47,t,t,5,f,g,220,2503,1,864,49892,3088,business,tier_1,0.0619,46804,29
b,27.54,3.25,y,p,q,h,5.37,f,t,2,t,g,369,1,0,432,28199,3151,salaried,tier_2,0.1117,25048,77
a,24.1,0.5,u,g,c,h,1.0,t,f,0,t,g,491,0,1,729,51441,21527,freelancer,tier_1,0.4185,29914,21
b,36.54,0.42,y,p,w,v,0.13,f,f,0,t,g,309,2,0,634,11761,1790,business,tier_3,0.1522,9971,22
b,29.62,3.625,u,g,aa,v,0.45,f,f,0,t,g,100,0,0,366,35972,758,freelancer,tier_3,0.0211,35214,20
b,29.43,2.5,u,g,cc,h,2.59,f,f,0,t,s,340,0,0,341,35398,4158,business,tier_3,0.1175,31240,42
b,19.85,0.585,u,g,ff,ff,0.09,f,t,3,f,g,350,769,0,319,40560,7316,salaried,tier_1,0.1804,33244,23
b,38.76,1.75,y,p,c,bb,0.53,t,f,0,t,g,164,400,0,661,33621,9661,self_employed,tier_2,0.2874,23960,19
b,63.57,12.75,y,p,c,h,5.25,t,f,0,f,g,112,0,0,355,28595,11414,salaried,tier_1,0.3992,17181,86
b,22.88,1.165,y,p,k,v,2.57,t,t,1,f,g,180,20,0,518,19258,5968,salaried,tier_1,0.3099,13290,31
a,59.1,2.0,u,g,ff,ff,6.31,f,t,1,f,g,0,10,0,586,12571,2612,salaried,tier_2,0.2078,9959,80
a,25.25,9.0,u,g,q,v,8.75,t,t,5,t,g,120,0,1,661,39531,817,salaried,tier_1,0.0207,38714,118
b,18.0,0.75,u,g,c,v,1.46,t,t,5,t,g,352,690,1,693,164444,54464,freelancer,tier_1,0.3312,109980,31
b,20.95,0.415,u,g,c,v,0.4,f,f,0,f,g,0,44,0,480,12239,4231,salaried,tier_3,0.3457,8008,23
a,58.24,0.335,u,g,i,bb,1.3,t,f,0,t,g,252,2197,0,397,18847,6980,salaried,tier_2,0.3704,11867,23
b,38.29,1.125,y,p,d,v,1.82,f,f,0,t,g,431,0,1,683,167927,12408,salaried,tier_2,0.0739,155519,21
b,41.98,6.5,u,g,aa,bb,3.47,t,t,1,f,g,0,500,1,802,33944,4108,self_employed,tier_2,0.121,29836,49
a,18.55,11.835,u,g,c,h,5.69,t,f,0,f,g,340,0,1,677,94803,19913,freelancer,tier_2,0.21,74890,71
b,32.59,1.04,u,g,r,h,6.1,t,f,0,t,g,164,31285,1,828,42662,1476,salaried,tier_3,0.0346,41186,79
b,61.87,7.0,u,g,e,z,0.24,f,f,0,f,g,0,12,0,524,19763,6754,salaried,tier_3,0.3417,13009,12
a,20.72,11.5,y,p,j,j,0.39,t,t,11,t,g,0,0,1,869,27257,3989,salaried,tier_3,0.1463,23268,27
b,24.56,2.21,y,p,aa,v,4.15,t,f,0,f,g,188,0,0,424,35253,12795,salaried,tier_3,0.3629,22458,50
a,59.17,10.0,u,g,q,v,3.64,t,t,14,f,g,0,1602,1,782,102305,23900,self_employed,tier_3,0.2336,78405,59
a,26.92,3.75,u,g,c,v,0.68,f,t,1,t,g,40,154,0,509,17805,7312,self_employed,tier_1,0.4107,10493,18
b,27.14,12.5,y,p,k,h,1.74,f,f,0,t,g,0,17,0,328,22140,1053,business,tier_3,0.0476,21087,36
b,30.94,0.5,u,g,c,v,1.68,t,t,11,f,g,32,540,1,715,57208,17890,salaried,tier_1,0.3127,39318,27
b,31.92,2.5,u,g,aa,v,1.84,f,t,2,t,g,720,0,0,526,36576,15803,freelancer,tier_2,0.4321,20773,44
b,38.84,0.5,u,g,m,v,0.53,t,f,0,f,s,288,0,0,353,10442,403,salaried,tier_1,0.0386,10039,12
b,20.19,10.0,y,p,k,h,1.07,t,f,0,t,g,140,0,0,602,12341,3970,freelancer,tier_2,0.3217,8371,18
b,52.38,10.0,u,g,i,bb,0.47,t,t,11,f,g,0,1249,1,796,53583,12152,business,tier_2,0.2268,41431,24
a,24.18,0.335,u,g,q,v,0.36,f,f,0,f,s,160,0,0,548,34389,8737,salaried,tier_1,0.2541,25652,7
b,20.58,9.5,u,g,w,v,1.58,t,f,0,f,g,120,2206,1,738,104761,28383,business,tier_3,0.2709,76378,34
a,46.03,6.665,u,g,q,v,7.57,t,t,3,t,g,0,0,1,680,25242,7099,business,tier_3,0.2812,18143,106
b,22.58,0.46,u,g,k,v,0.52,f,f,0,t,g,280,55,0,668,10571,2173,salaried,tier_2,0.2056,8398,17
a,26.63,12.33,u,g,cc,h,3.87,t,t,6,f,g,400,458,1,740,22543,392,self_employed,tier_1,0.0174,22151,46
b,33.56,2.5,u,g,c,v,1.73,f,f,0,t,g,280,0,0,535,12244,3810,business,tier_3,0.3112,8434,35
b,18.66,0.085,y,p,c,v,0.05,f,f,0,f,g,140,722,0,553,28167,1622,business,tier_3,0.0576,26545,18
b,31.55,1.75,u,g,x,h,4.83,t,t,4,t,g,253,857,1,684,113149,4979,salaried,tier_2,0.044,108170,69
b,39.28,2.04,u,g,w,v,0.0,t,f,0,t,g,400,5800,1,900,82171,3983,self_employed,tier_2,0.0485,78188,2
a,56.97,0.335,u,g,i,bb,0.92,t,f,0,t,g,252,2197,0,435,20611,7532,salaried,tier_2,0.3654,13079,30
b,42.11,0.835,u,g,ff,ff,0.0,t,f,0,f,g,130,1,0,667,11134,1967,business,tier_1,0.1767,9167,19
a,21.18,7.0,u,g,c,v,0.48,f,f,0,f,g,160,0,0,560,13691,531,salaried,tier_2,0.0388,13160,9
b,25.0,0.54,u,g,w,v,0.65,f,t,1,f,g,272,444,0,435,29381,6797,freelancer,tier_1,0.2313,22584,29
b,35.17,2.54,u,g,ff,ff,0.0,f,f,0,f,g,0,1000,0,415,38170,4230,salaried,tier_3,0.1108,33940,11
b,24.25,1.71,u,g,x,v,1.22,t,t,1,t,g,395,20,1,806,21627,8100,business,tier_1,0.3745,13527,23
a,18.0,0.54,u,g,c,v,2.07,f,t,1,t,g,80,5,0,643,34633,4030,salaried,tier_1,0.1164,30603,44
b,36.39,4.5,u,g,x,h,5.87,f,f,0,t,s,711,0,1,754,79320,16362,salaried,tier_2,0.2063,62958,88
a,45.46,8.0,u,g,e,bb,6.96,t,t,6,f,g,375,51100,1,641,24684,6411,self_employed,tier_2,0.2597,18273,93
a,20.0,10.335,u,g,cc,h,0.09,t,t,1,t,g,80,50,1,875,32128,12490,business,tier_1,0.3888,19638,24
b,46.87,3.5,u,g,aa,v,3.07,t,f,0,f,s,230,0,1,666,51709,9838,self_employed,tier_2,0.1903,41871,48
a,22.78,11.25,y,p,x,h,0.74,t,t,4,f,g,0,321,1,900,32405,9440,freelancer,tier_1,0.2913,22965,25
b,47.35,12.0,u,g,m,v,15.59,t,f,0,f,s,110,0,1,683,153493,63839,salaried,tier_2,0.4159,89654,193
b,30.71,0.83,u,g,x,v,1.1,t,t,8,t,g,303,3290,1,855,23944,8163,salaried,tier_2,0.3409,15781,35
b,18.45,2.0,u,g,i,v,1.13,t,t,2,f,g,120,300,1,864,82279,20462,business,tier_1,0.2487,61817,33
b,36.36,2.415,u,g,w,v,0.0,f,t,2,f,g,220,1,0,579,32886,8630,self_employed,tier_1,0.2624,24256,13
b,27.16,14.5,u,g,d,v,0.0,f,f,0,f,g,0,286,0,620,29796,9521,salaried,tier_1,0.3195,20275,5
b,27.37,9.335,u,g,q,h,6.12,t,t,6,f,g,381,168,1,873,23881,5480,business,tier_3,0.2295,18401,88
b,21.99,0.75,u,g,m,v,0.28,f,f,0,t,s,320,0,0,661,11505,4023,salaried,tier_3,0.3497,7482,15
b,50.14,25.085,u,g,w,v,1.69,t,t,3,f,g,120,14,1,858,27292,7438,business,tier_1,0.2725,19854,21
a,29.59,5.29,u,g,e,dd,2.65,t,t,5,t,g,99,500,1,736,23711,7490,salaried,tier_2,0.3159,16221,41
b,28.23,1.54,u,g,w,v,3.93,t,t,5,t,g,100,3,1,657,136907,33038,self_employed,tier_1,0.2413,103869,49
a,21.97,1.835,u,g,j,j,0.12,f,t,1,f,g,200,53,0,331,35016,431,salaried,tier_1,0.0123,34585,8
b,57.38,8.5,u,g,e,h,7.21,t,t,3,f,g,0,0,1,855,74250,2372,salaried,tier_3,0.0319,71878,107
a,32.05,0.75,u,g,k,bb,1.33,t,t,3,t,g,212,0,0,394,39785,7580,salaried,tier_2,0.1905,32205,38
b,35.47,2.665,u,g,cc,v,0.54,f,f,0,t,g,0,501,0,655,27556,2090,salaried,tier_2,0.0758,25466,19
b,20.54,5.29,u,g,q,v,0.52,t,t,1,f,g,160,0,0,491,10996,2830,salaried,tier_2,0.2574,8166,26
a,46.26,0.46,u,g,cc,h,0.81,t,t,11,t,g,440,6,1,707,33750,1453,self_employed,tier_1,0.0431,32297,26
a,45.97,8.0,u,g,e,bb,6.54,t,t,6,f,g,375,51100,1,684,27313,6434,self_employed,tier_2,0.2356,20879,83
b,29.67,15.0,u,g,c,h,5.11,t,t,11,f,g,0,2283,1,845,82281,23644,salaried,tier_3,0.2874,58637,66
a,46.97,4.585,u,g,k,h,1.38,f,f,0,t,s,240,0,0,565,38615,8821,salaried,tier_2,0.2284,29794,33
b,33.75,9.17,u,g,c,v,4.54,t,t,12,t,g,0,221,1,835,98773,39938,salaried,tier_2,0.4043,58835,58
a,37.25,5.125,u,g,e,v,5.41,t,f,0,t,g,0,4000,1,699,47049,10095,salaried,tier_3,0.2146,36954,81
b,30.1,0.875,u,g,m,v,0.5,t,t,3,t,g,396,0,1,764,169464,36197,self_employed,tier_3,0.2136,133267,19
a,70.0,15.0,u,g,e,z,0.0,t,t,14,f,g,0,3376,1,689,66419,8489,business,tier_3,0.1278,57930,20
a,32.93,1.625,u,g,d,v,0.99,f,f,0,t,g,0,0,0,588,20342,6377,salaried,tier_2,0.3135,13965,29
b,23.12,2.25,u,g,i,v,0.0,f,f,0,f,g,160,10,0,466,12661,3507,salaried,tier_2,0.277,9154,9
b,30.93,2.165,y,p,k,ff,0.44,f,f,0,f,g,120,0,0,586,12113,2210,salaried,tier_3,0.1824,9903,10
b,31.13,1.5,y,p,w,v,0.49,f,f,0,f,s,160,0,0,499,21494,7658,freelancer,tier_2,0.3563,13836,21
b,31.54,3.0,u,g,d,v,0.55,f,f,0,t,g,120,0,0,639,17868,6114,freelancer,tier_3,0.3422,11754,21
a,45.64,13.0,u,g,i,bb,5.23,t,t,9,t,g,0,0,1,694,24308,4950,salaried,tier_1,0.2036,19358,84
b,21.88,12.125,u,g,c,v,3.48,f,t,2,t,g,180,173,0,480,35934,4869,self_employed,tier_1,0.1355,31065,45
b,18.0,3.29,u,g,i,v,0.7,f,f,0,t,g,140,2,0,607,12563,483,freelancer,tier_3,0.0384,12080,9
b,56.8,12.5,u,g,k,h,8.28,t,f,0,t,g,24,2028,1,737,28533,6544,salaried,tier_1,0.2293,21989,120
b,37.15,2.665,u,g,cc,v,0.3,f,f,0,t,g,0,501,0,666,25466,2322,salaried,tier_2,0.0912,23144,22
b,18.0,0.835,u,g,m,v,0.57,t,f,0,f,s,200,0,0,405,19159,1251,freelancer,tier_2,0.0653,17908,8
b,37.76,2.5,y,p,i,h,10.19,f,f,0,t,s,200,0,0,361,15669,1849,business,tier_3,0.118,13820,135
a,25.14,2.54,y,p,ff,ff,0.48,f,f,0,t,g,180,60,0,684,24382,2180,salaried,tier_3,0.0894,22202,11
b,39.33,5.0,u,g,cc,v,3.06,t,t,10,t,g,0,0,1,727,30971,10227,self_employed,tier_2,0.3302,20744,54
b,53.77,2.04,y,p,ff,ff,1.14,f,f,0,f,g,120,1,0,385,18609,5574,self_employed,tier_1,0.2995,13035,33
b,62.47,20.0,u,g,x,h,17.45,t,t,9,t,g,0,1000,1,724,28288,7934,self_employed,tier_1,0.2805,20354,216
b,31.47,3.5,u,g,k,v,0.38,f,f,0,t,g,232,0,0,323,31455,7619,business,tier_3,0.2422,23836,19
b,34.15,5.5,u,g,q,h,5.78,t,t,12,t,g,408,1000,1,722,43652,4340,salaried,tier_1,0.0994,39312,88
b,41.46,5.0,u,g,i,bb,1.91,f,f,0,t,g,141,0,0,598,11476,918,salaried,tier_2,0.08,10558,34
a,26.25,13.665,u,g,q,h,1.98,f,f,0,f,g,280,1,0,511,30455,6996,salaried,tier_1,0.2297,23459,41
b,26.77,14.585,u,g,i,bb,0.0,f,f,0,t,g,178,0,0,393,24274,3664,self_employed,tier_2,0.1509,20610,21
b,57.05,8.5,u,g,e,h,6.93,t,t,3,f,g,0,0,1,835,82506,2347,salaried,tier_3,0.0284,80159,100
b,22.32,2.5,u,g,c,v,0.86,t,t,11,t,g,60,2184,1,869,27360,3767,self_employed,tier_3,0.1377,23593,17
b,26.94,1.29,u,g,k,h,0.33,f,f,0,t,s,140,0,0,458,18603,7377,salaried,tier_2,0.3965,11226,26
b,21.3,0.83,u,g,c,h,1.72,f,f,0,t,g,128,0,1,849,48101,21432,business,tier_1,0.4456,26669,43
b,20.96,1.5,y,p,cc,v,1.65,t,f,0,t,g,100,20,0,473,23165,4408,business,tier_1,0.1903,18757,32
b,53.4,6.5,u,g,k,v,6.54,t,t,15,f,g,0,11202,1,662,22044,7815,business,tier_2,0.3545,14229,91
b,42.68,0.205,u,g,i,h,4.81,t,f,0,f,g,400,0,1,643,23911,1141,salaried,tier_2,0.0477,22770,64
b,28.86,13.75,u,g,w,v,5.49,t,f,0,t,g,487,500,1,705,48697,12825,salaried,tier_2,0.2634,35872,82
a,32.7,0.375,u,g,cc,v,0.67,f,f,0,f,g,300,44,1,683,105274,11313,salaried,tier_2,0.1075,93961,21
b,19.14,5.0,u,g,q,v,0.0,t,t,2,f,g,0,38,0,586,12569,4487,salaried,tier_1,0.357,8082,7
b,34.09,3.0,u,g,cc,h,7.35,t,f,0,t,g,0,0,1,885,30486,10401,salaried,tier_2,0.3412,20085,96
a,18.0,0.375,u,g,c,v,0.52,f,f,0,f,g,120,18,0,676,11622,2522,salaried,tier_1,0.217,9100,6
b,32.91,2.165,u,g,c,v,1.35,f,f,0,f,p,120,0,0,499,22613,2665,salaried,tier_3,0.1179,19948,39
b,19.99,6.5,u,g,w,h,1.66,t,t,7,f,g,80,2954,1,900,31396,7469,freelancer,tier_2,0.2379,23927,42
b,35.2,1.25,u,g,w,v,0.76,f,f,0,f,g,120,0,0,373,32945,9378,salaried,tier_1,0.2847,23567,10
b,18.0,0.165,u,g,d,v,0.64,f,f,0,t,s,280,0,0,643,10350,2700,salaried,tier_2,0.2609,7650,23
b,28.44,0.5,u,g,c,v,2.16,t,t,11,f,g,32,540,1,716,48787,14164,salaried,tier_1,0.2903,34623,34
b,37.39,6.5,u,g,m,h,3.85,t,t,12,t,g,93,0,1,631,22511,796,salaried,tier_3,0.0354,21715,63
b,23.55,0.875,u,g,q,v,5.12,t,t,2,t,g,520,2000,1,782,167069,10708,salaried,tier_1,0.0641,156361,71
a,18.52,11.0,u,g,x,h,0.8,t,t,11,f,g,0,3000,1,783,101711,22866,salaried,tier_3,0.2248,78845,15
b,18.0,0.75,u,g,c,v,1.33,t,t,5,t,g,352,690,1,716,137912,40556,freelancer,tier_1,0.2941,97356,21
b,31.77,2.5,u,g,aa,v,7.01,t,f,0,t,g,523,0,0,523,40029,2131,freelancer,tier_2,0.0532,37898,87
a,24.19,2.5,y,p,i,bb,4.41,f,f,0,f,g,200,456,0,476,12833,4042,salaried,tier_2,0.315,8791,70
a,25.37,3.0,u,g,q,h,1.96,t,t,19,f,g,0,500,1,819,170615,31990,business,tier_3,0.1875,138625,34
b,27.08,9.335,u,g,q,h,5.5,t,t,6,f,g,381,168,1,884,22903,6100,business,tier_3,0.2663,16803,76
b,27.01,2.0,u,g,k,h,4.5,t,t,2,t,g,181,0,1,759,167378,62615,salaried,tier_2,0.3741,104763,57
b,19.1,6.5,u,g,i,v,0.34,f,f,0,f,g,60,100,0,573,20345,857,freelancer,tier_3,0.0421,19488,19
a,56.43,7.08,u,g,k,h,6.6,t,t,3,t,g,100,50,0,522,44997,3,self_employed,tier_1,0.0001,44994,81
b,42.3,0.5,u,g,m,v,10.98,t,f,0,f,s,400,0,0,579,41624,14930,salaried,tier_2,0.3587,26694,153
b,26.57,1.29,u,g,k,h,0.69,f,f,0,t,s,140,0,0,504,18701,6051,salaried,tier_2,0.3236,12650,17
b,28.98,0.875,u,g,m,v,0.55,t,t,3,t,g,396,0,1,774,145644,30363,self_employed,tier_3,0.2085,115281,29
b,20.48,7.25,u,g,m,v,0.0,f,t,1,f,g,100,1,0,623,19362,5703,self_employed,tier_2,0.2945,13659,16
a,20.19,9.54,u,g,aa,v,0.05,t,f,0,f,g,100,0,1,833,75704,25697,salaried,tier_2,0.3394,50007,11
b,55.92,12.25,u,g,m,v,1.25,t,t,4,t,g,200,0,1,697,157984,59678,self_employed,tier_3,0.3777,98306,38
a,18.0,7.625,u,g,q,v,0.17,f,t,1,t,g,0,160,0,601,24463,8161,salaried,tier_3,0.3336,16302,7
b,29.13,15.0,u,g,c,h,5.14,t,t,11,f,g,0,2283,1,895,80208,17467,salaried,tier_3,0.2178,62741,66
a,41.96,6.5,u,g,q,v,0.67,t,t,3,t,g,145,0,1,887,109734,21211,business,tier_2,0.1933,88523,14
b,28.14,0.585,y,p,cc,v,0.4,t,t,2,f,g,260,500,1,890,89393,6455,salaried,tier_3,0.0722,82938,20
b,47.07,6.5,u,g,q,h,6.08,t,f,0,t,g,350,0,1,729,82490,8066,salaried,tier_1,0.0978,74424,73
b,47.02,1.5,u,g,c,v,2.11,t,f,0,t,g,140,0,0,398,18217,5371,salaried,tier_2,0.2948,12846,25
a,19.16,1.835,u,g,q,v,2.06,t,t,5,f,g,220,2503,1,814,55169,4199,business,tier_1,0.0761,50970,28
b,23.6,12.5,u,g,w,v,0.73,t,f,0,t,g,260,0,0,451,24484,335,self_employed,tier_2,0.0137,24149,29
b,26.25,12.5,u,g,aa,v,2.99,t,f,0,t,s,20,0,1,866,48185,17548,business,tier_1,0.3642,30637,40
b,30.14,0.75,y,p,c,v,0.46,f,f,0,f,g,240,0,0,530,33735,4310,business,tier_2,0.1278,29425,16
b,29.6,5.125,u,g,x,v,4.73,t,t,2,f,g,420,7,1,847,23133,3470,salaried,tier_2,0.15,19663,59
b,28.81,1.165,u,g,k,v,0.01,t,f,0,f,s,280,0,0,666,13239,238,business,tier_1,0.018,13001,2
b,34.26,15.0,u,g,r,n,5.31,t,t,9,t,g,0,134,1,642,99520,26403,salaried,tier_1,0.2653,73117,73
b,31.19,0.58,u,g,w,v,0.61,f,t,1,f,g,340,2803,0,584,30126,7160,self_employed,tier_2,0.2377,22966,8
b,23.73,0.335,u,g,k,h,3.78,f,f,0,t,g,340,0,0,375,16965,2102,salaried,tier_1,0.1239,14863,57
b,41.0,13.915,u,g,w,v,8.64,t,t,6,t,g,70,0,1,850,102191,16538,salaried,tier_2,0.1618,85653,107
b,27.17,0.875,u,g,m,v,0.71,t,t,3,t,g,396,0,1,773,142134,43187,self_employed,tier_3,0.3038,98947,12
b,64.14,7.0,u,g,e,z,0.0,f,f,0,f,g,0,12,0,527,15512,6941,salaried,tier_3,0.4475,8571,12
b,19.06,2.415,u,g,c,v,2.06,t,t,11,t,g,200,3000,1,726,93159,6109,salaried,tier_2,0.0656,87050,41
a,28.9,1.665,u,g,q,v,2.91,t,f,0,t,g,440,0,0,504,25557,814,salaried,tier_2,0.0319,24743,37
b,31.47,1.835,u,g,c,h,4.48,t,f,0,f,g,260,200,1,884,40022,10869,self_employed,tier_1,0.2716,29153,62
a,25.14,12.5,u,g,d,v,1.19,f,f,0,t,g,180,1062,0,350,28493,7109,business,tier_3,0.2495,21384,16
b,24.74,12.0,u,g,c,v,2.08,f,f,0,f,s,80,0,0,476,11622,4325,self_employed,tier_3,0.3721,7297,42
a,18.8,9.0,u,g,aa,v,1.23,t,f,0,t,g,0,0,1,721,53425,13643,salaried,tier_1,0.2554,39782,18
a,18.0,0.165,u,g,aa,v,1.31,f,t,2,t,g,320,1,0,693,11444,1037,freelancer,tier_1,0.0906,10407,36
a,29.37,1.5,u,g,m,v,1.99,t,f,0,f,s,368,0,0,391,31539,1561,business,tier_2,0.0495,29978,40
b,18.0,4.0,y,p,w,v,2.24,t,t,2,t,g,120,1000,1,716,109162,3170,salaried,tier_2,0.029,105992,28
b,38.61,5.0,u,g,i,bb,0.17,f,f,0,f,g,550,0,0,662,45361,8042,self_employed,tier_3,0.1773,37319,15
a,33.61,12.0,u,g,q,h,13.57,t,t,8,f,g,0,6590,1,842,24251,7172,salaried,tier_1,0.2957,17079,175
a,19.82,3.0,u,g,aa,v,0.22,t,f,0,f,g,100,0,1,842,108498,9471,salaried,tier_1,0.0873,99027,4
a,45.82,0.75,u,g,q,h,2.3,t,t,1,f,g,333,892,1,745,92977,33468,salaried,tier_2,0.36,59509,46
b,31.65,15.5,u,g,c,v,0.25,t,f,0,f,g,120,0,0,547,28677,2183,self_employed,tier_2,0.0761,26494,6
b,18.0,0.835,u,g,m,v,0.0,t,f,0,f,s,200,0,0,354,15439,1331,freelancer,tier_2,0.0862,14108,23
b,27.99,1.25,y,p,k,v,0.49,f,f,0,f,g,224,0,0,330,41242,2735,self_employed,tier_2,0.0663,38507,6
b,20.81,2.54,y,p,c,h,2.58,t,f,0,f,g,0,0,1,858,78588,9358,salaried,tier_2,0.1191,69230,48
b,24.41,11.5,u,g,w,h,1.65,t,t,11,t,g,290,284,1,787,158462,37214,self_employed,tier_3,0.2348,121248,20
a,41.37,2.04,y,p,q,h,0.24,t,t,23,t,g,455,1236,1,857,66458,18792,salaried,tier_1,0.2828,47666,17
a,57.01,2.0,u,g,ff,ff,6.41,f,t,1,f,g,0,10,0,565,13578,2121,salaried,tier_2,0.1562,11457,86
b,38.25,4.415,y,p,k,v,0.67,t,t,10,t,g,320,0,1,791,67826,472,self_employed,tier_2,0.007,67354,23
a,24.86,2.54,y,p,ff,ff,0.0,f,f,0,t,g,180,60,0,694,25920,1621,salaried,tier_3,0.0625,24299,23
b,35.92,4.5,u,g,aa,v,1.21,t,f,0,t,g,240,0,0,509,22920,815,freelancer,tier_2,0.0356,22105,23
a,24.97,1.75,y,p,c,v,0.0,f,f,0,f,g,132,0,0,641,28264,9342,freelancer,tier_2,0.3305,18922,16
b,18.0,0.25,u,g,q,v,0.6,f,t,4,f,g,160,8,0,519,25348,3633,self_employed,tier_3,0.1433,21715,8
b,22.89,0.585,y,p,ff,ff,0.22,f,f,0,f,g,100,0,0,589,11701,1981,self_employed,tier_2,0.1693,9720,18
b,32.13,1.5,y,p,w,v,0.44,f,f,0,f,s,160,0,0,492,22451,7765,freelancer,tier_2,0.3459,14686,19
b,23.64,1.5,u,g,d,h,1.41,t,t,6,f,g,200,327,1,652,67596,20049,business,tier_2,0.2966,47547,32
a,57.95,16.0,u,g,j,ff,0.0,t,t,15,f,g,0,247,1,780,146316,6953,salaried,tier_1,0.0475,139363,5
b,43.77,1.5,u,g,c,v,2.68,t,f,0,t,g,140,0,0,428,19389,6373,salaried,tier_2,0.3287,13016,38
a,63.2,0.165,u,g,ff,ff,0.0,t,t,1,f,g,232,100,1,851,167908,6099,business,tier_2,0.0363,161809,3
b,27.62,13.0,u,g,d,h,0.41,f,f,0,f,g,228,0,0,396,26257,6454,self_employed,tier_2,0.2458,19803,8
b,20.92,11.0,u,g,cc,v,1.11,t,f,0,f,g,100,0,1,651,33877,10553,salaried,tier_1,0.3115,23324,32
b,21.87,0.17,u,g,m,v,0.02,f,f,0,f,s,0,0,0,407,26402,10813,self_employed,tier_1,0.4096,15589,15
b,36.67,2.5,u,g,i,v,1.49,f,f,0,t,g,210,0,0,478,21374,1076,salaried,tier_2,0.0503,20298,28
a,25.89,3.0,u,g,m,v,2.35,f,t,1,t,g,280,10,0,659,31455,10987,self_employed,tier_2,0.3493,20468,32
a,60.63,5.0,u,g,aa,v,4.22,t,t,4,f,g,0,99,1,845,36075,1124,freelancer,tier_2,0.0312,34951,60
b,48.21,3.75,u,g,i,bb,1.08,f,f,0,f,g,100,2,0,300,16180,1839,salaried,tier_1,0.1137,14341,14
b,24.84,12.625,u,g,c,v,0.13,f,t,2,f,g,0,5552,0,300,11041,4701,self_employed,tier_3,0.4258,6340,24
a,24.41,11.25,y,p,x,h,1.22,t,t,4,f,g,0,321,1,900,29998,8089,freelancer,tier_1,0.2697,21909,15
b,33.01,1.75,y,p,e,h,0.0,t,f,0,t,g,393,0,1,671,27512,7584,salaried,tier_3,0.2757,19928,2
a,30.38,3.04,y,p,x,h,2.94,t,t,1,f,g,70,0,1,708,28560,1312,business,tier_2,0.0459,27248,35
a,22.23,5.0,y,p,ff,ff,0.19,f,f,0,f,g,0,0,0,629,26719,365,salaried,tier_2,0.0137,26354,2
b,43.6,0.96,u,g,x,v,2.26,t,f,0,f,g,510,600,1,755,91944,5672,salaried,tier_1,0.0617,86272,36
b,19.5,5.0,u,g,q,v,0.78,t,t,2,f,g,0,38,0,542,13326,3934,salaried,tier_1,0.2952,9392,32
b,46.9,6.5,u,g,q,h,5.93,t,f,0,t,g,350,0,1,733,84595,8274,salaried,tier_1,0.0978,76321,82
b,26.61,1.5,y,p,w,v,0.69,t,f,0,t,g,260,1065,1,667,146383,21902,business,tier_2,0.1496,124481,26
b,41.17,5.0,u,g,c,v,4.89,t,t,7,f,g,0,3065,1,759,129778,25887,business,tier_3,0.1995,103891,63
a,22.07,7.0,u,g,c,v,0.52,f,f,0,f,g,160,0,0,554,10341,534,salaried,tier_2,0.0516,9807,9
b,26.84,0.585,y,p,cc,v,0.39,t,t,2,f,g,260,500,1,848,102218,6295,salaried,tier_3,0.0616,95923,6
b,42.23,0.42,u,g,c,h,0.0,t,t,6,f,g,220,948,1,789,48393,9066,business,tier_2,0.1873,39327,5
a,30.31,1.665,u,g,q,v,2.56,t,f,0,t,g,440,0,0,514,25757,694,salaried,tier_2,0.0269,25063,35
b,28.22,1.04,y,p,i,bb,0.19,t,t,10,t,g,132,28,0,626,40999,9111,self_employed,tier_2,0.2222,31888,15
b,43.91,1.25,u,g,m,v,13.79,f,t,1,t,g,352,112,0,669,21334,6992,business,tier_1,0.3277,14342,168
a,23.14,1.25,y,p,ff,ff,2.92,f,f,0,f,g,280,0,0,701,13034,2030,business,tier_2,0.1557,11004,48
a,42.69,10.0,u,g,q,h,1.27,t,f,0,f,g,29,837,1,871,141289,54695,salaried,tier_2,0.3871,86594,20
b,38.39,4.415,y,p,k,v,0.0,t,t,10,t,g,320,0,1,785,64655,580,self_employed,tier_2,0.009,64075,18
b,40.22,1.71,u,g,x,v,0.16,t,t,5,t,g,480,0,1,741,25662,7808,self_employed,tier_3,0.3043,17854,10
a,18.0,0.0,y,p,j,ff,0.0,f,f,0,f,g,86,0,0,312,38772,12800,self_employed,tier_1,0.3301,25972,5
b,23.4,12.5,u,g,w,v,0.88,t,f,0,t,g,260,0,0,450,28553,300,self_employed,tier_2,0.0105,28253,16
b,18.0,6.5,u,g,i,v,0.0,f,f,0,f,g,60,100,0,544,18238,827,freelancer,tier_3,0.0453,17411,2
b,49.64,0.205,y,p,k,v,0.44,t,t,11,f,g,380,2732,1,697,32640,10027,self_employed,tier_1,0.3072,22613,27
b,24.25,10.5,u,g,q,h,1.54,t,f,0,f,g,100,0,1,881,106283,1791,salaried,tier_1,0.0169,104492,26
a,21.49,10.0,u,g,c,h,0.86,t,t,4,f,g,50,1465,1,811,46572,12170,business,tier_1,0.2613,34402,19
b,20.61,1.54,u,g,k,v,0.47,f,f,0,t,g,356,0,0,300,13455,3007,self_employed,tier_3,0.2235,10448,22
b,33.15,2.335,u,g,d,h,5.89,f,f,0,t,g,292,0,0,486,17323,6585,business,tier_2,0.3801,10738,76
b,32.16,2.5,u,g,cc,h,2.96,t,t,6,f,g,160,2072,1,863,101496,40056,salaried,tier_1,0.3947,61440,36
b,18.0,10.0,u,g,w,h,0.0,f,t,1,f,g,120,1,0,600,34606,3432,business,tier_2,0.0992,31174,3
b,57.38,2.71,u,g,c,v,1.92,f,f,0,t,g,320,0,0,439,39113,13394,freelancer,tier_3,0.3424,25719,46
a,50.95,7.0,u,g,aa,h,3.37,f,f,0,f,g,0,0,0,541,13196,2447,salaried,tier_2,0.1854,10749,59
b,29.12,0.585,y,p,cc,v,0.57,t,t,2,f,g,260,500,1,846,109169,7363,salaried,tier_3,0.0674,101806,9
b,56.45,8.5,u,g,e,h,6.62,t,t,3,f,g,0,0,1,827,68797,2361,salaried,tier_3,0.0343,66436,93
a,63.22,0.165,u,g,ff,ff,0.0,t,t,1,f,g,232,100,1,815,137673,6516,business,tier_2,0.0473,131157,23
a,27.09,12.5,u,g,d,v,1.16,f,f,0,t,g,180,1062,0,330,27379,6862,business,tier_3,0.2506,20517,30
b,22.69,11.125,u,g,x,h,0.61,t,t,1,f,g,100,0,1,838,112911,989,salaried,tier_2,0.0088,111922,14
a,18.0,1.25,u,g,q,v,0.61,f,t,1,f,g,108,98,0,595,10543,3374,salaried,tier_2,0.32,7169,10
b,21.06,0.5,u,g,c,v,0.0,f,f,0,f,g,360,0,0,625,39400,12934,salaried,tier_3,0.3283,26466,10
b,43.48,8.5,u,g,cc,h,13.93,t,t,1,t,g,88,2000,1,802,33293,3557,salaried,tier_2,0.1068,29736,168
b,39.58,1.25,y,p,w,v,0.0,f,f,0,f,g,0,195,0,633,20001,4059,self_employed,tier_3,0.2029,15942,8
a,18.0,5.415,u,g,i,h,0.18,f,f,0,f,g,80,484,0,551,15751,4135,salaried,tier_2,0.2625,11616,19
b,29.04,14.5,u,g,d,v,0.0,f,f,0,f,g,0,286,0,637,27400,8958,salaried,tier_1,0.3269,18442,20
b,39.93,1.335,u,g,d,v,0.56,f,f,0,f,g,168,0,0,539,19363,2279,business,tier_2,0.1177,17084,20
a,19.02,0.665,y,p,c,v,1.03,f,t,1,f,g,2000,2,0,644,15576,3940,freelancer,tier_3,0.253,11636,35
b,49.28,4.165,u,g,x,bb,0.43,f,f,0,t,g,520,0,0,621,11973,2981,salaried,tier_3,0.249,8992,5
a,24.2,0.5,u,g,q,h,1.06,t,f,0,f,g,280,824,1,755,34392,1714,business,tier_2,0.0498,32678,16
b,32.91,1.125,u,g,ff,ff,0.0,f,t,1,f,g,96,19,0,619,38012,10250,self_employed,tier_3,0.2697,27762,5
b,23.24,1.5,u,g,q,v,2.13,t,t,3,t,g,0,582,1,713,48418,12405,business,tier_3,0.2562,36013,34
b,24.35,0.54,u,g,m,v,0.89,f,f,0,t,g,120,1,0,505,25224,7353,business,tier_3,0.2915,17871,10
b,29.0,3.0,u,g,w,v,1.05,f,f,0,t,g,300,67,0,358,22460,9051,business,tier_2,0.403,13409,27
a,44.96,0.46,u,g,cc,h,0.3,t,t,11,t,g,440,6,1,662,35755,1807,self_employed,tier_1,0.0505,33948,12
b,47.11,26.335,y,p,ff,ff,0.0,t,f,0,t,g,0,0,0,619,27290,6375,salaried,tier_1,0.2336,20915,5
b,37.11,4.25,u,g,q,v,3.06,f,f,0,f,g,454,50,0,551,32341,6347,self_employed,tier_1,0.1963,25994,38
b,32.2,14.0,y,p,ff,ff,0.0,f,t,2,f,g,160,1,0,458,26885,11503,self_employed,tier_1,0.4279,15382,8
b,24.74,1.79,u,g,c,v,0.8,f,f,0,t,g,136,1,0,691,26843,5567,business,tier_1,0.2074,21276,10
a,31.92,5.5,u,g,k,v,5.44,f,f,0,t,s,100,0,0,558,16748,1233,business,tier_2,0.0736,15515,71
b,26.8,1.665,u,g,cc,h,5.31,t,t,9,f,g,399,827,1,758,23958,4473,self_employed,tier_3,0.1867,19485,69
b,42.39,0.205,u,g,i,h,5.31,t,f,0,f,g,400,0,1,673,24313,1092,salaried,tier_2,0.0449,23221,66
b,56.75,12.25,u,g,m,v,0.89,t,t,4,t,g,200,0,1,713,158086,50020,self_employed,tier_3,0.3164,108066,20
a,25.51,0.585,y,p,ff,ff,0.0,f,f,0,f,g,120,87,0,397,10404,88,salaried,tier_3,0.0085,10316,11
b,23.24,0.5,u,g,c,v,0.38,f,f,0,f,g,360,0,0,616,34416,10051,salaried,tier_3,0.292,24365,15
b,36.4,2.5,u,g,cc,bb,0.72,f,f,0,f,g,348,0,0,449,17416,316,business,tier_1,0.0181,17100,22
b,18.0,0.0,y,p,aa,v,0.13,f,f,0,f,g,60,0,0,300,42365,5318,salaried,tier_3,0.1255,37047,24
a,31.34,5.5,u,g,k,v,5.08,f,f,0,t,s,100,0,0,564,16344,1081,business,tier_2,0.0661,15263,80
b,21.14,0.83,u,g,c,h,1.68,f,f,0,t,g,128,0,1,866,52122,16881,business,tier_1,0.3239,35241,23
b,30.5,16.165,u,g,d,v,2.79,t,t,9,f,g,250,730,1,799,32478,7309,business,tier_1,0.225,25169,53
b,35.28,1.75,u,g,x,h,4.01,t,t,4,t,g,253,857,1,722,111582,4638,salaried,tier_2,0.0416,106944,52
a,66.75,15.0,u,g,e,z,0.0,t,t,14,f,g,0,3376,1,676,83903,9241,business,tier_3,0.1101,74662,7
b,36.03,5.25,u,g,w,v,0.0,f,f,0,t,g,290,6,1,888,46959,409,salaried,tier_2,0.0087,46550,2
b,28.43,1.25,y,p,k,v,0.0,f,f,0,f,g,224,0,0,336,36759,2804,self_employed,tier_2,0.0763,33955,7
b,23.95,0.75,u,g,i,v,1.19,f,t,1,t,g,400,9,0,695,38935,6877,business,tier_2,0.1766,32058,34
b,18.0,0.04,u,g,c,v,0.44,f,f,0,f,g,0,0,1,819,32275,12684,business,tier_2,0.393,19591,8
a,33.07,0.375,u,g,cc,v,0.46,f,f,0,f,g,300,44,1,661,105171,10957,salaried,tier_2,0.1042,94214,9
b,40.29,5.0,u,g,q,h,5.43,t,t,6,t,g,470,0,1,798,82336,16582,self_employed,tier_3,0.2014,65754,87
b,39.51,1.71,u,g,x,v,0.0,t,t,5,t,g,480,0,1,699,26298,7645,self_employed,tier_3,0.2907,18653,4
a,56.22,4.25,y,p,ff,ff,5.18,f,f,0,t,g,0,4,0,629,43892,7014,business,tier_2,0.1598,36878,66
b,63.38,7.0,u,g,e,z,0.0,f,f,0,f,g,0,12,0,522,17443,6514,salaried,tier_3,0.3734,10929,2
a,22.56,1.04,y,p,ff,ff,0.62,t,t,3,f,g,180,147,0,312,16144,641,business,tier_3,0.0397,15503,25
b,31.76,1.75,u,g,x,h,4.13,t,t,4,t,g,253,857,1,707,107138,6607,salaried,tier_2,0.0617,100531,61
a,36.15,5.5,u,g,q,v,0.0,t,f,0,t,g,228,0,1,705,71860,24506,salaried,tier_2,0.341,47354,22
b,40.6,0.835,u,g,ff,ff,0.43,t,f,0,f,g,130,1,0,662,12616,1719,business,tier_1,0.1363,10897,12
b,60.93,1.54,u,g,q,v,0.18,t,f,0,t,g,260,0,1,788,139678,24158,salaried,tier_2,0.173,115520,20
b,45.8,11.0,y,p,d,v,1.93,t,f,0,f,s,0,0,0,673,10492,4414,salaried,tier_3,0.4207,6078,42
b,33.9,2.5,u,g,w,v,0.0,t,f,0,t,g,239,200,1,690,86083,14230,salaried,tier_2,0.1653,71853,0
a,41.3,2.04,y,p,q,h,0.0,t,t,23,t,g,455,1236,1,847,67264,15476,salaried,tier_1,0.2301,51788,13
b,49.4,12.0,u,g,m,v,15.9,t,f,0,f,s,110,0,1,708,171978,64080,salaried,tier_2,0.3726,107898,211
b,24.16,12.0,u,g,k,v,2.46,t,t,2,t,g,120,5,0,651,34295,1068,business,tier_2,0.0311,33227,42
a,18.81,8.585,u,g,cc,h,0.82,t,t,7,f,g,96,0,1,781,108814,25702,salaried,tier_2,0.2362,83112,15
b,23.52,0.585,u,g,c,h,0.51,t,f,0,f,g,180,0,0,409,12573,4979,business,tier_1,0.396,7594,25
a,59.46,5.0,u,g,aa,v,3.53,t,t,4,f,g,0,99,1,879,35816,848,freelancer,tier_2,0.0237,34968,54
a,51.43,0.165,u,g,ff,ff,0.21,f,f,0,t,s,62,27,0,627,33294,6158,salaried,tier_1,0.185,27136,16
b,30.28,16.165,u,g,d,v,2.83,t,t,9,f,g,250,730,1,808,32789,8162,business,tier_1,0.2489,24627,49
a,53.34,15.0,u,g,c,v,5.18,t,t,14,f,g,0,2200,1,796,74272,1561,salaried,tier_3,0.021,72711,68
a,18.0,9.0,u,g,aa,v,1.39,t,f,0,t,g,0,0,1,717,51790,12247,salaried,tier_1,0.2365,39543,19
a,23.26,0.5,u,g,q,h,1.51,t,f,0,f,g,280,824,1,736,34067,1674,business,tier_2,0.0491,32393,38
a,59.93,16.5,u,g,q,v,10.64,t,f,0,t,g,21,10561,1,683,97824,10293,freelancer,tier_2,0.1052,87531,130
a,21.81,9.0,u,g,q,v,8.2,t,t,5,t,g,120,0,1,675,33217,921,salaried,tier_1,0.0277,32296,104
b,30.19,15.5,u,g,c,v,0.41,t,f,0,f,g,120,0,0,583,25481,2602,self_employed,tier_2,0.1021,22879,6
b,40.57,1.75,u,g,k,v,0.41,f,f,0,t,g,300,2,0,477,33155,1813,self_employed,tier_2,0.0547,31342,25
b,20.08,0.79,u,g,w,v,0.11,f,t,1,f,g,420,283,0,626,22761,7919,salaried,tier_2,0.3479,14842,21
b,26.86,1.54,u,g,w,v,0.0,f,f,0,f,g,100,0,0,588,13563,3316,business,tier_2,0.2445,10247,2
b,36.87,2.665,u,g,cc,v,0.0,f,f,0,t,g,0,501,0,694,26418,2226,salaried,tier_2,0.0843,24192,16
a,18.86,10.0,y,p,q,h,0.64,f,f,0,f,g,340,0,0,698,27424,4049,salaried,tier_3,0.1476,23375,8
a,22.85,0.415,u,g,i,v,0.78,f,f,0,t,s,144,0,0,628,25421,4921,salaried,tier_3,0.1936,20500,16
a,32.14,3.0,y,p,aa,v,1.98,f,f,0,f,g,180,0,0,607,13006,1557,salaried,tier_1,0.1197,11449,43
b,48.56,5.835,u,g,w,v,6.0,f,f,0,f,g,465,150,0,369,21371,8513,business,tier_2,0.3983,12858,78
a,35.72,0.915,u,g,aa,v,0.92,t,t,4,f,g,0,1583,1,761,54775,20064,business,tier_1,0.3663,34711,31
b,22.37,10.085,y,p,e,h,0.82,f,f,0,f,g,260,0,0,627,34481,12839,salaried,tier_3,0.3723,21642,31
b,22.2,10.04,u,g,x,v,0.0,t,t,9,f,g,60,396,1,855,83773,21625,business,tier_3,0.2581,62148,1
b,65.27,0.54,u,g,c,v,1.0,t,t,3,t,g,180,0,0,389,34427,8746,self_employed,tier_1,0.254,25681,24
b,23.75,10.5,u,g,q,h,1.47,t,f,0,f,g,100,0,1,844,93822,2518,salaried,tier_1,0.0268,91304,31
b,50.19,12.0,u,g,m,v,16.34,t,f,0,f,s,110,0,1,719,136964,67216,salaried,tier_2,0.4908,69748,197
b,28.23,0.125,y,p,k,v,0.48,f,f,0,f,g,216,2100,0,430,43184,12770,business,tier_2,0.2957,30414,18
b,54.47,9.415,u,g,ff,ff,14.36,t,t,11,t,g,30,300,1,719,69443,18826,business,tier_1,0.2711,50617,184
a,21.85,3.0,u,g,aa,v,0.0,t,f,0,f,g,100,0,1,874,110966,9069,salaried,tier_1,0.0817,101897,22
b,33.85,2.5,u,g,c,v,0.94,f,f,0,t,g,280,0,0,503,10570,3791,business,tier_3,0.3587,6779,32
b,42.44,1.5,u,g,i,bb,0.0,f,f,0,f,s,300,0,0,410,10653,1608,business,tier_2,0.1509,9045,4
b,32.8,1.75,u,g,x,h,4.19,t,t,4,t,g,253,857,1,691,114374,5523,salaried,tier_2,0.0483,108851,54
b,35.61,4.25,u,g,i,bb,3.16,t,t,2,f,g,274,610,1,775,36825,10220,business,tier_3,0.2775,26605,55
a,21.84,11.75,u,g,x,h,0.12,t,t,2,t,g,300,551,1,719,165609,11296,business,tier_3,0.0682,154313,8
b,33.93,2.75,u,g,i,bb,0.0,f,f,0,f,g,180,0,0,337,37891,10129,salaried,tier_1,0.2673,27762,5
b,31.47,2.335,u,g,d,h,5.7,f,f,0,t,g,292,0,0,485,18953,7781,business,tier_2,0.4105,11172,89
b,47.06,0.29,u,g,c,bb,14.84,t,t,20,f,g,0,15000,1,851,51413,2091,self_employed,tier_2,0.0407,49322,184
b,42.65,0.5,y,p,m,v,0.47,f,f,0,t,g,130,0,0,342,18557,3892,business,tier_1,0.2097,14665,16
b,22.16,0.835,u,g,i,h,0.01,f,f,0,t,g,220,5,0,424,31642,7413,salaried,tier_1,0.2343,24229,10
b,27.78,1.585,u,g,cc,h,1.98,t,t,12,t,g,583,713,1,745,153391,15302,self_employed,tier_1,0.0998,138089,29
a,33.62,2.5,y,p,c,v,2.94,f,f,0,t,g,0,2,0,691,17616,2149,business,tier_1,0.122,15467,58
b,34.56,2.54,u,g,ff,ff,0.0,f,f,0,f,g,0,1000,0,431,37311,4223,salaried,tier_3,0.1132,33088,0
b,57.13,7.04,u,g,m,v,13.6,t,t,6,t,g,360,1332,1,868,108057,41048,salaried,tier_2,0.3799,67009,186
b,54.83,9.415,u,g,ff,ff,14.77,t,t,11,t,g,30,300,1,704,68841,17345,business,tier_1,0.252,51496,177
a,18.0,10.0,u,g,d,v,0.42,f,f,0,f,g,80,42,0,634,19038,883,salaried,tier_2,0.0464,18155,21
b,26.37,3.5,u,g,cc,v,0.89,t,t,7,f,g,0,7059,1,679,32199,10793,salaried,tier_2,0.3352,21406,33
a,27.14,12.5,u,g,d,v,0.72,f,f,0,t,g,180,1062,0,323,25939,7952,business,tier_3,0.3066,17987,28
b,41.69,1.25,u,g,m,v,14.2,f,t,1,t,g,352,112,0,688,26853,7534,business,tier_1,0.2806,19319,170
a,19.5,10.335,u,g,cc,h,0.76,t,t,1,t,g,80,50,1,828,32046,10223,business,tier_1,0.319,21823,13
a,33.07,3.0,y,p,aa,v,2.14,f,f,0,f,g,180,0,0,566,10415,1293,salaried,tier_1,0.1241,9122,48
a,22.49,6.0,u,g,aa,v,2.11,t,t,3,f,g,80,918,1,631,66696,13369,salaried,tier_1,0.2004,53327,37
b,53.71,9.415,u,g,ff,ff,14.81,t,t,11,t,g,30,300,1,736,77384,23447,business,tier_1,0.303,53937,191
b,52.66,9.415,u,g,ff,ff,14.71,t,t,11,t,g,30,300,1,687,82862,17514,business,tier_1,0.2114,65348,180
b,18.41,0.165,u,g,d,v,0.5,f,f,0,t,s,280,0,0,642,10361,2411,salaried,tier_2,0.2327,7950,9
b,19.91,6.75,y,p,m,v,0.0,f,f,0,f,g,140,0,0,562,32107,8952,business,tier_2,0.2788,23155,5
a,18.0,9.0,u,g,aa,v,1.67,t,f,0,t,g,0,0,1,722,47619,11239,salaried,tier_1,0.236,36380,25
a,58.01,10.0,u,g,q,v,3.64,t,t,14,f,g,0,1602,1,754,99355,23824,self_employed,tier_3,0.2398,75531,63
b,24.38,11.5,y,p,m,v,1.22,f,f,0,t,g,0,4000,0,567,45146,16939,salaried,tier_1,0.3752,28207,29
b,56.78,12.5,u,g,k,h,8.08,t,f,0,t,g,24,2028,1,769,23739,5607,salaried,tier_1,0.2362,18132,104
a,29.46,3.54,u,g,i,bb,0.26,t,f,0,t,g,171,0,0,317,39584,9106,freelancer,tier_2,0.23,30478,11
b,21.67,0.75,y,p,r,n,0.91,f,f,0,t,g,132,2,0,505,10249,1775,salaried,tier_3,0.1732,8474,10
b,31.73,1.25,y,p,k,v,0.36,f,f,0,f,g,224,0,0,339,34979,2200,self_employed,tier_2,0.0629,32779,11
b,30.59,1.25,y,p,k,v,0.0,f,f,0,f,g,224,0,0,367,37103,3097,self_employed,tier_2,0.0835,34006,9
b,44.75,5.0,u,g,i,bb,2.41,f,f,0,t,g,141,0,0,632,10300,986,salaried,tier_2,0.0957,9314,37
b,70.0,17.75,u,g,ff,ff,0.42,t,f,0,t,g,0,0,1,719,103941,20131,self_employed,tier_1,0.1937,83810,24
b,24.02,2.5,u,g,ff,ff,0.0,f,f,0,t,g,100,4208,0,600,11735,117,salaried,tier_3,0.01,11618,15
b,21.83,10.5,u,g,q,h,1.43,t,f,0,f,g,100,0,1,845,101444,2002,salaried,tier_1,0.0197,99442,20
a,44.21,4.585,u,g,k,h,0.84,f,f,0,t,s,240,0,0,567,36095,9540,salaried,tier_2,0.2643,26555,29
b,29.38,5.04,y,p,c,bb,1.46,t,t,8,t,g,144,7,1,852,32857,10488,self_employed,tier_3,0.3192,22369,25
b,22.27,0.0,u,g,k,v,0.79,f,t,11,f,s,0,0,0,548,18884,4833,business,tier_1,0.2559,14051,27
b,33.42,1.04,u,g,r,h,6.35,t,f,0,t,g,164,31285,1,811,56979,1371,salaried,tier_3,0.0241,55608,82
b,32.58,2.75,u,g,m,v,3.78,t,t,6,f,g,204,0,1,639,43256,21585,self_employed,tier_1,0.499,21671,47
b,70.0,17.75,u,g,ff,ff,0.48,t,f,0,t,g,0,0,1,749,111711,17366,self_employed,tier_1,0.1555,94345,7
b,27.69,14.79,u,g,aa,v,5.16,t,t,5,t,g,168,0,1,641,35807,4038,self_employed,tier_2,0.1128,31769,76
b,25.74,12.335,u,g,q,h,1.59,t,f,0,t,g,120,0,1,789,152876,58244,salaried,tier_2,0.381,94632,38
a,18.08,0.0,y,p,j,ff,0.0,f,f,0,f,g,86,0,0,333,40003,15656,self_employed,tier_1,0.3914,24347,10
a,21.42,0.79,u,g,i,v,0.12,f,f,0,f,g,144,0,0,655,10449,3893,self_employed,tier_1,0.3726,6556,9
b,43.34,5.0,u,g,i,bb,2.13,f,f,0,t,g,141,0,0,627,10523,1020,salaried,tier_2,0.0969,9503,40
b,24.8,0.29,y,p,c,v,1.36,f,f,0,t,g,160,0,0,360,41210,14584,salaried,tier_1,0.3539,26626,18
b,38.37,6.0,u,g,m,v,1.25,t,t,5,t,g,108,1097,1,717,142843,15909,salaried,tier_2,0.1114,126934,17
b,39.24,0.5,u,g,m,v,0.03,t,f,0,f,s,288,0,0,330,13502,510,salaried,tier_1,0.0378,12992,2
a,43.25,4.585,u,g,k,h,0.68,f,f,0,t,s,240,0,0,605,38879,10487,salaried,tier_2,0.2697,28392,14
a,33.94,6.0,u,g,d,v,1.31,f,f,0,f,g,272,0,0,440,22324,2770,salaried,tier_3,0.1241,19554,33
b,20.8,0.165,u,g,c,j,2.59,f,f,0,t,s,0,0,1,747,106441,132,business,tier_2,0.0012,106309,50
b,35.4,15.0,u,g,r,n,5.03,t,t,9,t,g,0,134,1,651,93800,29040,salaried,tier_1,0.3096,64760,61
b,18.06,10.29,u,g,ff,ff,0.0,f,f,0,f,g,80,0,0,562,30229,10706,freelancer,tier_1,0.3542,19523,19
b,25.75,3.5,u,g,cc,v,0.37,t,t,7,f,g,0,7059,1,656,37077,11613,salaried,tier_2,0.3132,25464,8
b,38.0,3.335,u,g,w,v,4.48,t,t,14,f,g,383,1344,1,718,168011,37010,salaried,tier_3,0.2203,131001,63
b,55.03,6.75,u,g,c,h,2.95,t,t,11,t,g,0,284,1,846,81574,10171,self_employed,tier_2,0.1247,71403,36
b,53.42,6.5,u,g,k,v,6.39,t,t,15,f,g,0,11202,1,664,26322,11499,business,tier_2,0.4369,14823,90
b,38.93,10.125,u,g,x,v,2.93,t,t,6,f,g,520,196,1,873,36886,5244,salaried,tier_1,0.1422,31642,57
b,26.71,0.875,u,g,m,v,0.91,t,t,3,t,g,396,0,1,741,170066,37614,self_employed,tier_3,0.2212,132452,24
b,21.3,0.835,y,p,c,v,2.48,f,f,0,t,s,240,0,0,601,16897,3344,salaried,tier_2,0.1979,13553,45
b,21.2,11.0,u,g,cc,v,0.46,t,f,0,f,g,100,0,1,672,29761,10630,salaried,tier_1,0.3572,19131,24
a,20.04,11.665,u,g,k,h,0.0,f,f,0,f,g,320,5,0,427,16768,1916,salaried,tier_3,0.1143,14852,3
a,23.99,2.5,y,p,i,bb,4.64,f,f,0,f,g,200,456,0,477,10984,4544,salaried,tier_2,0.4137,6440,63
b,42.48,4.085,u,g,aa,v,0.0,f,f,0,f,g,108,100,0,375,31456,2864,salaried,tier_2,0.091,28592,4
b,24.04,0.875,u,g,q,v,4.75,t,t,2,t,g,520,2000,1,768,156017,10412,salaried,tier_1,0.0667,145605,59
b,22.65,1.54,u,g,k,v,0.0,f,f,0,t,g,356,0,0,300,12336,3269,self_employed,tier_3,0.265,9067,21
b,38.41,2.5,y,p,i,h,10.12,f,f,0,t,s,200,0,0,364,15387,2308,business,tier_3,0.15,13079,136
b,28.84,4.75,u,g,m,v,1.78,f,t,1,t,g,460,68,0,300,32059,3434,salaried,tier_3,0.1071,28625,21
b,36.41,10.125,u,g,x,v,2.05,t,t,6,f,g,520,196,1,890,33147,5042,salaried,tier_1,0.1521,28105,37
b,25.92,3.5,u,g,cc,v,1.04,t,t,7,f,g,0,7059,1,679,36733,10843,salaried,tier_2,0.2952,25890,16
b,52.1,3.0,y,p,ff,ff,1.88,f,f,0,f,g,180,4,0,366,40678,9343,self_employed,tier_1,0.2297,31335,45
b,19.48,0.25,u,g,q,v,0.6,f,f,0,f,g,200,0,0,309,38112,2625,salaried,tier_1,0.0689,35487,21
b,22.99,0.585,y,p,ff,ff,0.22,f,f,0,f,g,100,0,0,634,10684,2086,self_employed,tier_2,0.1952,8598,20
b,19.82,0.375,u,g,q,v,2.18,t,t,2,t,g,80,0,1,795,131748,27391,business,tier_3,0.2079,104357,38
b,27.13,1.585,u,g,cc,h,1.89,t,t,12,t,g,583,713,1,719,164918,14022,self_employed,tier_1,0.085,150896,33
b,23.05,0.75,u,g,m,v,0.13,f,f,0,t,s,320,0,0,677,13506,3675,salaried,tier_3,0.2721,9831,14
a,24.63,0.5,u,g,q,h,0.94,t,t,1,f,g,0,678,1,895,26123,7153,business,tier_2,0.2738,18970,21
b,21.64,4.79,y,p,w,v,2.04,t,t,1,t,g,80,300,1,827,44051,1368,salaried,tier_3,0.0311,42683,47
b,39.41,21.5,u,g,e,z,20.39,t,t,11,f,g,0,1200,1,812,72795,14054,self_employed,tier_2,0.1931,58741,253
b,26.56,3.0,u,g,w,v,0.42,f,f,0,t,g,300,67,0,307,26717,7437,business,tier_2,0.2784,19280,15
b,31.8,3.165,y,p,x,v,3.59,t,t,3,t,g,380,0,1,853,54197,8829,salaried,tier_3,0.1629,45368,52
b,28.81,0.875,u,g,m,v,0.98,t,t,3,t,g,396,0,1,755,132819,36781,self_employed,tier_3,0.2769,96038,25
b,36.24,15.0,u,g,r,n,5.59,t,t,9,t,g,0,134,1,639,85000,25100,salaried,tier_1,0.2953,59900,75
a,26.22,2.54,y,p,ff,ff,0.0,f,f,0,t,g,180,60,0,698,26591,1594,salaried,tier_3,0.0599,24997,12
b,21.93,1.0,u,g,c,v,0.6,t,f,0,f,s,300,0,1,720,23924,2113,business,tier_1,0.0883,21811,15
b,26.78,0.5,u,g,c,v,1.92,t,t,5,t,g,312,0,1,827,69475,6610,business,tier_1,0.0951,62865,23
a,24.83,9.0,u,g,q,v,8.27,t,t,5,t,g,120,0,1,673,29885,817,salaried,tier_1,0.0273,29068,99
b,42.69,4.04,u,g,cc,h,6.8,t,t,8,f,g,320,0,1,836,25302,9947,salaried,tier_2,0.3931,15355,94
b,19.6,0.0,y,p,m,bb,0.0,f,f,0,t,s,500,1,1,811,38687,4124,self_employed,tier_2,0.1066,34563,21
b,25.36,0.585,y,p,cc,h,0.0,f,f,0,f,g,240,1,0,578,20471,7591,freelancer,tier_3,0.3708,12880,9
b,30.98,2.5,u,g,aa,v,1.48,f,t,2,t,g,720,0,0,543,40788,13107,freelancer,tier_2,0.3213,27681,28
b,26.1,13.75,u,g,w,v,5.89,t,f,0,t,g,487,500,1,731,50216,15429,salaried,tier_2,0.3073,34787,78
b,24.54,12.5,y,p,k,h,1.21,f,f,0,t,g,0,17,0,316,21887,1331,business,tier_3,0.0608,20556,25
b,24.6,0.415,y,p,c,v,0.09,f,t,2,f,g,128,6,0,524,40586,4329,freelancer,tier_2,0.1067,36257,6
b,31.45,1.04,u,g,r,h,6.12,t,f,0,t,g,164,31285,1,848,48199,1514,salaried,tier_3,0.0314,46685,77
b,57.41,8.5,u,g,e,h,7.3,t,t,3,f,g,0,0,1,832,77410,2649,salaried,tier_3,0.0342,74761,101
b,49.39,7.585,u,g,i,bb,7.87,t,t,15,t,g,0,5000,1,833,96661,31210,self_employed,tier_3,0.3229,65451,96
b,18.0,3.29,u,g,i,v,0.0,f,f,0,t,g,140,2,0,579,11065,504,freelancer,tier_3,0.0455,10561,4
b,22.98,9.75,u,g,c,v,0.13,t,f,0,f,g,140,0,0,496,26354,4090,salaried,tier_1,0.1552,22264,10
a,18.0,9.5,u,g,aa,v,1.32,f,t,10,t,g,0,10,0,392,17000,3436,salaried,tier_1,0.2021,13564,28
a,28.91,0.46,u,g,k,v,0.83,t,t,4,f,g,380,500,1,715,21974,3115,business,tier_3,0.1418,18859,15
b,24.18,11.5,u,g,w,h,2.36,t,t,11,t,g,290,284,1,754,135460,39799,self_employed,tier_3,0.2938,95661,46
a,22.87,3.0,u,g,q,h,2.24,t,t,19,f,g,0,500,1,804,171930,44905,business,tier_3,0.2612,127025,45
b,20.69,7.0,u,g,c,v,0.24,f,f,0,f,g,0,0,0,387,29496,3117,salaried,tier_2,0.1057,26379,9
b,34.19,2.5,u,g,aa,v,1.71,f,t,2,t,g,720,0,0,528,40382,11329,freelancer,tier_2,0.2805,29053,26
b,31.81,1.04,y,p,i,bb,0.18,t,t,10,t,g,132,28,0,637,44483,10299,self_employed,tier_2,0.2315,34184,25
b,26.51,12.0,u,g,k,v,2.12,t,t,2,t,g,120,5,0,660,34460,1115,business,tier_2,0.0324,33345,48
a,21.53,1.25,y,p,ff,ff,3.27,f,f,0,f,g,280,0,0,725,12297,1702,business,tier_2,0.1384,10595,61
b,23.02,2.54,y,p,c,h,2.14,t,f,0,f,g,0,0,1,853,82030,12099,salaried,tier_2,0.1475,69931,47
b,26.06,0.585,y,p,cc,v,0.46,t,t,2,f,g,260,500,1,891,94808,7125,salaried,tier_3,0.0752,87683,9
b,18.0,4.46,u,g,c,v,0.29,f,f,0,f,s,80,0,0,520,28251,7193,business,tier_1,0.2546,21058,15
b,42.38,2.0,u,g,m,v,2.08,t,t,2,t,g,0,15,1,681,97081,493,self_employed,tier_2,0.0051,96588,30
b,19.93,5.29,u,g,q,v,0.15,t,t,1,f,g,160,0,0,472,12621,3012,salaried,tier_2,0.2386,9609,20
b,34.17,5.5,u,g,q,h,5.9,t,t,12,t,g,408,1000,1,698,52732,4319,salaried,tier_1,0.0819,48413,75
b,36.56,4.0,u,g,c,bb,5.5,t,f,0,t,s,280,0,0,441,37782,16147,salaried,tier_1,0.4274,21635,66
b,23.5,1.0,u,g,c,v,1.25,t,f,0,f,s,300,0,1,718,22249,2288,business,tier_1,0.1028,19961,27
a,18.0,9.5,u,g,aa,v,2.03,f,t,10,t,g,0,10,0,355,18714,4117,salaried,tier_1,0.22,14597,37
a,25.01,2.875,u,g,x,h,1.19,t,f,0,f,g,360,0,1,886,22212,6535,salaried,tier_1,0.2942,15677,22
b,32.88,2.085,u,g,c,v,0.16,f,f,0,f,g,300,0,0,539,40941,8443,business,tier_2,0.2062,32498,14
b,21.1,0.5,u,g,c,v,0.0,f,f,0,f,g,360,0,0,597,42321,12984,salaried,tier_3,0.3068,29337,3
b,29.09,3.625,u,g,aa,v,0.43,f,f,0,t,g,100,0,0,415,42407,890,freelancer,tier_3,0.021,41517,8
b,24.68,11.25,u,g,c,v,2.71,t,t,17,f,g,200,1208,1,825,161406,13365,freelancer,tier_1,0.0828,148041,36
b,21.24,0.75,u,g,m,v,0.99,t,f,0,t,s,320,0,0,518,13342,3570,business,tier_1,0.2676,9772,32
b,37.13,4.0,u,g,c,bb,5.04,t,f,0,t,s,280,0,0,446,39999,17702,salaried,tier_1,0.4426,22297,78
b,28.0,2.0,u,g,d,v,0.52,f,f,0,t,g,80,0,0,612,42762,16206,salaried,tier_3,0.379,26556,10
b,32.4,5.085,y,p,i,bb,1.27,f,f,0,t,g,480,0,0,346,12429,4089,self_employed,tier_2,0.329,8340,38
b,30.11,2.5,u,g,aa,v,7.98,t,f,0,t,g,523,0,0,556,36239,1725,freelancer,tier_2,0.0476,34514,105
b,18.0,1.21,y,p,e,dd,0.0,f,f,0,f,g,100,0,0,485,15438,5800,salaried,tier_2,0.3757,9638,1
a,30.56,0.46,u,g,k,v,0.37,t,t,4,f,g,380,500,1,704,23384,4034,business,tier_3,0.1725,19350,21
b,42.82,0.42,u,g,c,h,0.25,t,t,6,f,g,220,948,1,764,49145,9638,business,tier_2,0.1961,39507,17
b,19.59,9.5,u,g,q,v,0.67,t,f,0,t,g,60,400,1,807,51756,5313,salaried,tier_3,0.1027,46443,21
a,32.2,0.54,u,g,cc,v,0.0,t,f,0,f,g,440,11177,1,682,55249,12819,self_employed,tier_2,0.232,42430,21
b,36.3,15.0,u,g,r,n,5.21,t,t,9,t,g,0,134,1,638,90887,24555,salaried,tier_1,0.2702,66332,65
b,18.74,4.46,u,g,c,v,0.62,f,f,0,f,s,80,0,0,483,26629,9322,business,tier_1,0.3501,17307,16
a,29.42,0.375,u,g,q,v,0.13,t,t,4,f,g,80,0,1,703,113904,16177,salaried,tier_1,0.142,97727,9
b,27.92,2.71,y,p,cc,v,5.18,t,t,1,f,g,211,0,1,688,44120,12638,self_employed,tier_1,0.2864,31482,84
a,25.74,2.875,u,g,x,h,1.14,t,f,0,f,g,360,0,1,860,24838,4972,salaried,tier_1,0.2002,19866,36
b,22.5,0.75,u,g,i,v,2.04,f,t,1,t,g,400,9,0,675,41026,7569,business,tier_2,0.1845,33457,37
b,44.71,3.0,u,g,q,h,6.49,t,t,11,f,g,80,0,1,682,50620,6953,business,tier_1,0.1374,43667,88
b,21.7,7.0,u,g,c,v,0.42,f,f,0,f,g,0,0,0,400,26274,4283,salaried,tier_2,0.163,21991,10
b,33.68,0.75,u,g,k,v,1.95,f,f,0,t,g,231,0,0,617,15607,6198,salaried,tier_1,0.3971,9409,36
a,18.0,0.375,l,gg,cc,ff,9.54,f,f,0,t,s,300,0,1,715,22041,3207,business,tier_2,0.1455,18834,119
b,35.0,1.0,u,g,x,v,1.0,t,t,7,t,g,340,4071,1,768,102567,39514,self_employed,tier_3,0.3853,63053,28
b,20.69,0.79,y,p,cc,v,0.81,f,f,0,f,g,160,0,0,335,18239,3591,salaried,tier_3,0.1969,14648,16
a,48.49,13.0,u,g,i,bb,4.91,t,t,9,t,g,0,0,1,680,23003,4134,salaried,tier_1,0.1797,18869,69
b,29.73,6.5,u,g,cc,v,3.13,t,t,8,f,g,330,1200,1,658,104133,2093,salaried,tier_3,0.0201,102040,57
b,34.81,2.125,y,p,w,v,0.0,t,t,1,f,g,50,1187,1,757,109602,7228,salaried,tier_1,0.0659,102374,7
b,32.32,5.085,y,p,i,bb,1.46,f,f,0,t,g,480,0,0,363,10349,3656,self_employed,tier_2,0.3533,6693,40
b,41.46,1.25,u,g,m,v,13.73,f,t,1,t,g,352,112,0,672,24985,7960,business,tier_1,0.3186,17025,172
b,41.17,5.04,u,g,q,h,12.88,t,f,0,t,g,92,0,1,813,105679,3380,self_employed,tier_1,0.032,102299,174
a,33.03,1.625,u,g,d,v,0.2,f,f,0,t,g,0,0,0,565,16662,4646,salaried,tier_2,0.2788,12016,15
b,64.89,20.0,u,g,x,h,17.21,t,t,9,t,g,0,1000,1,700,23558,6174,self_employed,tier_1,0.2621,17384,206
b,43.87,0.42,u,g,c,h,0.7,t,t,6,f,g,220,948,1,802,51704,9317,business,tier_2,0.1802,42387,20
a,68.44,15.0,u,g,e,z,0.25,t,t,14,f,g,0,3376,1,675,83953,8318,business,tier_3,0.0991,75635,23
b,60.15,14.5,u,g,ff,ff,18.46,t,t,15,t,g,0,1000,1,832,27324,6235,self_employed,tier_3,0.2282,21089,224
b,39.26,2.5,y,p,i,h,9.8,f,f,0,t,s,200,0,0,346,18448,2622,business,tier_3,0.1421,15826,121
b,23.41,12.625,u,g,c,v,0.0,f,t,2,f,g,0,5552,0,304,12828,5340,self_employed,tier_3,0.4163,7488,5
b,28.4,5.0,u,g,w,v,11.0,t,f,0,t,g,70,0,1,877,95944,19609,salaried,tier_1,0.2044,76335,141
b,46.37,12.0,u,g,m,v,15.99,t,f,0,f,s,110,0,1,718,156343,68103,salaried,tier_2,0.4356,88240,200
a,53.76,7.08,u,g,k,h,6.42,t,t,3,t,g,100,50,0,517,39594,2,self_employed,tier_1,0.0001,39592,89
b,24.06,12.5,u,g,cc,v,1.44,t,t,67,t,g,140,258,1,749,45349,9022,salaried,tier_3,0.1989,36327,39
a,21.08,0.335,u,g,q,v,0.61,f,f,0,f,s,160,0,0,510,42420,8875,salaried,tier_1,0.2092,33545,18
a,31.07,5.5,u,g,k,v,5.19,f,f,0,t,s,100,0,0,540,18304,1118,business,tier_2,0.0611,17186,66
b,21.49,0.75,u,g,i,v,1.42,f,t,1,t,g,400,9,0,678,38303,8861,business,tier_2,0.2313,29442,24
b,42.16,1.5,u,g,i,bb,0.06,f,f,0,f,s,300,0,0,404,13480,1752,business,tier_2,0.13,11728,7
a,22.13,0.835,u,g,q,v,1.81,t,t,1,f,g,0,0,1,799,128442,4240,self_employed,tier_2,0.033,124202,42
a,40.48,5.0,u,g,cc,v,13.48,t,f,0,t,g,980,0,0,505,17005,866,salaried,tier_2,0.0509,16139,162
b,19.34,10.0,u,g,w,h,0.19,f,t,1,f,g,120,1,0,634,34682,2621,business,tier_2,0.0756,32061,23
b,26.76,0.75,u,g,q,h,0.0,f,f,0,t,g,220,251,0,495,12959,2498,salaried,tier_2,0.1928,10461,11
b,36.71,2.0,u,g,i,v,0.66,f,f,0,t,g,221,0,0,532,19091,5213,salaried,tier_1,0.2731,13878,9
a,55.53,4.25,y,p,ff,ff,5.43,f,f,0,t,g,0,4,0,643,37976,7921,business,tier_2,0.2086,30055,82
b,24.05,3.0,u,g,m,v,1.47,t,t,1,f,g,260,800,1,841,105269,8694,self_employed,tier_1,0.0826,96575,18
b,33.13,0.75,y,p,aa,v,3.02,f,f,0,t,g,320,0,0,593,11625,1473,salaried,tier_2,0.1267,10152,48
a,26.49,2.54,y,p,aa,v,0.29,t,f,0,t,g,370,0,1,718,161531,63367,salaried,tier_2,0.3923,98164,25
b,21.65,0.54,y,p,x,v,0.17,t,t,1,t,g,840,59,1,682,24656,3681,business,tier_3,0.1493,20975,17
b,23.11,0.83,u,g,c,h,2.66,f,f,0,t,g,128,0,1,842,48684,18671,business,tier_1,0.3835,30013,44
a,18.0,10.0,u,g,d,v,0.91,f,f,0,f,g,80,42,0,609,20347,1101,salaried,tier_2,0.0541,19246,30
b,26.91,1.165,u,g,k,v,0.86,t,f,0,f,s,280,0,0,659,11103,228,business,tier_1,0.0205,10875,17
b,18.26,3.0,u,g,k,v,0.0,f,f,0,t,g,160,40,0,365,22153,7826,freelancer,tier_1,0.3533,14327,21
b,30.95,2.835,u,g,ff,ff,0.45,f,t,5,f,g,176,146,0,478,30760,2981,self_employed,tier_3,0.0969,27779,6
a,52.06,12.54,u,g,aa,v,2.4,t,t,3,t,g,156,0,1,760,171119,41511,salaried,tier_2,0.2426,129608,45
b,60.89,12.75,y,p,c,h,5.3,t,f,0,f,g,112,0,0,324,28900,9119,salaried,tier_1,0.3155,19781,74
b,42.42,0.04,u,g,e,v,0.0,f,t,1,f,s,560,0,1,775,43430,12078,salaried,tier_1,0.2781,31352,2
a,26.5,2.54,y,p,ff,ff,0.0,f,f,0,t,g,180,60,0,686,23794,1679,salaried,tier_3,0.0706,22115,10
b,23.48,2.25,u,g,i,v,0.09,f,f,0,f,g,160,10,0,435,12021,3943,salaried,tier_2,0.328,8078,12
b,55.6,6.75,u,g,c,h,2.27,t,t,11,t,g,0,284,1,857,67393,11778,self_employed,tier_2,0.1748,55615,37
b,29.83,0.125,y,p,k,v,0.0,f,f,0,f,g,216,2100,0,467,41897,10709,business,tier_2,0.2556,31188,0
b,22.94,12.0,u,g,c,v,2.44,f,f,0,f,s,80,0,0,465,13791,3905,self_employed,tier_3,0.2832,9886,47
a,35.47,0.375,u,g,cc,v,0.0,f,f,0,f,g,300,44,1,672,98552,9564,salaried,tier_2,0.097,88988,22
b,32.61,4.5,u,g,aa,v,0.65,t,f,0,t,g,240,0,0,474,23910,847,freelancer,tier_2,0.0354,23063,19
a,26.91,3.54,u,g,i,bb,0.13,t,f,0,t,g,171,0,0,321,38808,6752,freelancer,tier_2,0.174,32056,15
b,39.98,21.5,u,g,e,z,19.9,t,t,11,f,g,0,1200,1,827,66340,14326,self_employed,tier_2,0.2159,52014,251
a,59.98,4.46,u,g,q,h,3.54,t,t,6,f,g,43,560,1,816,27874,6681,self_employed,tier_3,0.2397,21193,51
a,47.31,3.0,u,g,x,v,13.55,t,t,2,t,g,519,1704,1,727,24361,2334,salaried,tier_1,0.0958,22027,179
b,23.99,0.165,u,g,c,j,1.9,f,f,0,t,s,0,0,1,756,96618,122,business,tier_2,0.0013,96496,40
b,40.84,6.21,u,g,q,v,0.46,t,t,1,f,g,200,300,1,900,26197,3988,business,tier_2,0.1522,22209,13
a,23.84,11.0,y,p,aa,v,4.88,t,f,0,f,g,120,0,0,532,11791,148,salaried,tier_3,0.0126,11643,67
b,29.38,2.04,y,p,aa,v,1.53,t,t,3,t,g,370,560,1,764,36556,7175,freelancer,tier_3,0.1963,29381,34
a,23.32,2.54,y,p,aa,v,0.5,t,f,0,t,g,370,0,1,719,130265,53540,salaried,tier_2,0.411,76725,6
b,53.92,1.375,y,p,c,h,9.62,t,f,0,t,g,200,100,0,691,43764,10728,salaried,tier_1,0.2451,33036,138
b,46.89,2.5,u,g,m,bb,2.77,t,t,12,t,g,410,2510,1,863,169822,4538,salaried,tier_1,0.0267,165284,46
a,40.33,7.54,y,p,q,h,7.99,t,t,14,f,g,0,2300,1,803,156694,34174,salaried,tier_2,0.2181,122520,97
b,28.86,3.5,u,g,w,v,3.99,t,t,3,t,g,329,0,0,505,45454,12946,salaried,tier_3,0.2848,32508,60
a,26.02,1.665,u,g,ff,ff,0.0,f,f,0,f,g,340,1,0,516,22385,1253,business,tier_1,0.056,21132,9
b,18.0,22.0,l,gg,ff,o,0.0,f,f,0,t,p,450,100000,1,859,49661,255,salaried,tier_1,0.0051,49406,9
b,32.85,2.5,u,g,c,v,0.9,f,f,0,f,g,460,16,0,320,25763,1700,self_employed,tier_3,0.066,24063,22
b,45.99,5.835,u,g,w,v,5.45,f,f,0,f,g,465,150,0,334,25613,6740,business,tier_2,0.2631,18873,66
b,53.17,0.5,y,p,k,h,4.38,t,f,0,f,g,180,314,1,722,145565,6707,salaried,tier_2,0.0461,138858,56
b,44.21,0.5,u,g,m,v,10.81,t,f,0,f,s,400,0,0,553,38057,14061,salaried,tier_2,0.3695,23996,146
b,29.86,14.5,u,g,d,v,0.0,f,f,0,f,g,0,286,0,635,26641,8226,salaried,tier_1,0.3088,18415,1
b,22.36,11.0,u,g,cc,v,0.57,t,f,0,f,g,100,0,1,701,33863,7493,salaried,tier_1,0.2213,26370,9
b,60.15,2.71,u,g,c,v,2.33,f,f,0,t,g,320,0,0,477,35951,13883,freelancer,tier_3,0.3862,22068,45
b,41.55,0.04,u,g,e,v,0.51,f,t,1,f,s,560,0,1,746,53515,13497,salaried,tier_1,0.2522,40018,15
b,21.93,0.0,u,g,c,v,0.6,f,f,0,t,s,0,0,0,351,10951,584,self_employed,tier_3,0.0533,10367,11
b,31.34,2.5,u,g,cc,h,2.39,f,f,0,t,s,340,0,0,324,34702,4001,business,tier_3,0.1153,30701,41
a,25.05,12.5,u,g,d,v,1.21,f,f,0,t,g,180,1062,0,329,25392,9711,business,tier_3,0.3824,15681,27
b,37.93,4.0,u,g,c,bb,5.27,t,f,0,t,s,280,0,0,439,41142,16486,salaried,tier_1,0.4007,24656,75
a,23.53,12.5,u,g,d,v,1.14,f,f,0,t,g,180,1062,0,365,27789,8908,business,tier_3,0.3206,18881,19
a,26.86,1.125,u,g,q,v,1.03,t,t,2,f,g,200,0,0,535,40923,8337,freelancer,tier_1,0.2037,32586,19
b,33.86,2.335,u,g,d,h,6.12,f,f,0,t,g,292,0,0,506,17165,6798,business,tier_2,0.396,10367,90
b,19.73,5.085,y,p,j,v,0.52,f,f,0,f,g,140,184,0,354,27272,1435,freelancer,tier_1,0.0526,25837,12
b,34.24,1.04,u,g,r,h,6.74,t,f,0,t,g,164,31285,1,830,50604,1606,salaried,tier_3,0.0317,48998,93
a,18.0,9.5,u,g,aa,v,2.25,f,t,10,t,g,0,10,0,401,15728,3856,salaried,tier_1,0.2452,11872,50
b,36.04,4.0,u,g,c,bb,5.3,t,f,0,t,s,280,0,0,448,40790,15316,salaried,tier_1,0.3755,25474,73
b,24.93,2.71,y,p,cc,v,5.58,t,t,1,f,g,211,0,1,686,56120,11053,self_employed,tier_1,0.197,45067,83
b,18.0,3.125,u,g,w,v,0.54,f,t,1,f,g,0,6,0,429,38755,1776,salaried,tier_2,0.0458,36979,20
b,31.19,1.085,y,p,c,v,0.0,f,f,0,f,g,170,179,0,360,28166,5973,salaried,tier_1,0.2121,22193,10
b,24.5,1.0,u,g,c,v,0.83,t,f,0,f,s,300,0,1,700,22326,2435,business,tier_1,0.1091,19891,16
b,47.19,2.29,u,g,ff,ff,0.37,f,f,0,f,g,200,3,0,337,26863,6994,salaried,tier_2,0.2604,19869,20
b,36.33,3.79,u,g,w,v,0.99,t,f,0,t,g,200,0,0,495,39193,2400,salaried,tier_1,0.0612,36793,26
b,21.24,1.835,u,g,c,v,2.59,t,t,1,f,g,100,150,1,832,51435,16384,self_employed,tier_1,0.3185,35051,51
b,46.7,6.04,u,g,k,v,0.3,f,f,0,f,g,0,2690,1,876,87418,30857,freelancer,tier_1,0.353,56561,9
b,30.52,1.835,u,g,c,h,4.56,t,f,0,f,g,260,200,1,836,39615,12240,self_employed,tier_1,0.309,27375,72
a,47.34,1.5,u,g,j,j,0.5,t,f,0,t,g,100,27,0,516,19377,2289,self_employed,tier_1,0.1181,17088,25
b,33.48,15.0,u,g,r,n,5.13,t,t,9,t,g,0,134,1,654,102598,25180,salaried,tier_1,0.2454,77418,73
a,20.73,3.0,u,g,aa,v,0.28,t,f,0,f,g,100,0,1,881,109853,9952,salaried,tier_1,0.0906,99901,15
a,19.19,10.0,u,g,d,v,0.47,f,f,0,f,g,80,42,0,587,15733,808,salaried,tier_2,0.0514,14925,17
b,40.0,5.0,u,g,q,h,4.81,t,t,6,t,g,470,0,1,793,74478,16200,self_employed,tier_3,0.2175,58278,61
b,46.41,2.5,u,g,m,bb,2.16,t,t,12,t,g,410,2510,1,892,155854,5416,salaried,tier_1,0.0348,150438,39
a,57.15,10.0,u,g,q,v,4.4,t,t,14,f,g,0,1602,1,788,109859,20730,self_employed,tier_3,0.1887,89129,59
a,45.03,3.0,u,g,c,v,2.47,t,t,8,t,g,396,4159,1,880,54252,17130,salaried,tier_1,0.3157,37122,52
a,43.91,4.585,u,g,k,h,1.32,f,f,0,t,s,240,0,0,565,37324,7955,salaried,tier_2,0.2131,29369,27
a,21.33,11.75,u,g,c,v,0.3,f,f,0,t,g,180,0,0,324,13587,3043,business,tier_1,0.224,10544,20
a,18.7,0.375,l,gg,cc,ff,9.72,f,f,0,t,s,300,0,1,689,22182,2986,business,tier_2,0.1346,19196,135
a,57.33,2.0,u,g,ff,ff,6.34,f,t,1,f,g,0,10,0,563,13350,2098,salaried,tier_2,0.1572,11252,79
b,37.85,0.125,y,p,c,v,1.38,f,f,0,t,g,232,113,1,788,85596,1366,business,tier_1,0.016,84230,28
b,30.13,13.0,u,g,d,h,0.97,f,f,0,f,g,228,0,0,360,27094,4733,self_employed,tier_2,0.1747,22361,31
b,23.68,6.0,u,g,c,v,0.51,t,t,3,f,g,0,0,1,805,37331,4481,business,tier_1,0.12,32850,17
a,21.78,11.5,y,p,k,h,3.49,f,f,0,t,g,20,16,0,406,10345,1034,business,tier_2,0.1,9311,60
b,35.18,1.25,u,g,w,v,1.65,f,f,0,f,g,120,0,0,383,29148,12393,salaried,tier_1,0.4252,16755,31
b,33.49,4.5,u,g,x,h,6.25,f,f,0,t,s,711,0,1,777,75366,20242,salaried,tier_2,0.2686,55124,81
a,18.67,1.25,u,g,c,v,0.0,f,f,0,f,g,0,0,0,577,18435,4233,salaried,tier_3,0.2296,14202,13
a,20.67,10.75,u,g,q,v,0.88,t,t,5,t,g,0,560,1,672,39577,10227,salaried,tier_2,0.2584,29350,28
a,30.93,1.375,u,g,w,h,0.0,f,t,3,f,g,0,33,0,616,42067,6345,salaried,tier_2,0.1508,35722,4
b,23.33,0.625,y,p,aa,v,0.0,t,f,0,f,g,180,1,0,593,29831,4503,business,tier_3,0.151,25328,7
b,25.03,11.5,u,g,i,v,3.22,t,t,9,f,g,56,742,1,690,109290,13102,self_employed,tier_3,0.1199,96188,44
b,22.97,0.75,y,p,r,n,1.2,f,f,0,t,g,132,2,0,476,13621,2282,salaried,tier_3,0.1675,11339,22
b,62.97,0.54,u,g,c,v,0.1,t,t,3,t,g,180,0,0,390,25698,10947,self_employed,tier_1,0.426,14751,11
b,31.49,1.75,y,p,e,h,0.09,t,f,0,t,g,393,0,1,703,28618,5929,salaried,tier_3,0.2072,22689,7
a,26.61,14.5,u,g,x,h,2.66,t,t,1,f,g,120,11,1,743,87583,28211,salaried,tier_1,0.3221,59372,47
b,28.03,1.25,u,g,w,v,1.54,f,f,0,f,g,200,0,0,517,19697,6128,self_employed,tier_3,0.3111,13569,27
b,28.63,1.04,y,p,i,bb,0.09,t,t,10,t,g,132,28,0,604,37364,12209,self_employed,tier_2,0.3268,25155,2
a,21.2,7.0,u,g,c,v,0.52,f,f,0,f,g,160,0,0,531,10675,517,salaried,tier_2,0.0484,10158,8
b,29.46,2.085,u,g,c,v,0.18,f,f,0,f,g,300,0,0,561,39278,10305,business,tier_2,0.2624,28973,5
a,23.96,12.33,u,g,cc,h,3.9,t,t,6,f,g,400,458,1,738,26079,500,self_employed,tier_1,0.0192,25579,54
a,27.73,3.04,y,p,x,h,2.73,t,t,1,f,g,70,0,1,707,24107,1561,business,tier_2,0.0648,22546,41
b,32.02,6.5,u,g,cc,v,3.6,t,t,8,f,g,330,1200,1,651,86636,2288,salaried,tier_3,0.0264,84348,48
a,52.81,7.0,u,g,aa,h,3.01,f,f,0,f,g,0,0,0,511,12358,2338,salaried,tier_2,0.1892,10020,48
a,24.45,0.415,u,g,i,v,0.47,f,f,0,t,s,144,0,0,598,28018,6327,salaried,tier_3,0.2258,21691,16
a,26.66,1.25,u,g,ff,ff,0.08,f,t,1,f,g,92,300,0,300,28948,369,salaried,tier_1,0.0127,28579,17
a,24.33,1.75,y,p,c,v,0.15,f,f,0,f,g,132,0,0,617,27446,8811,freelancer,tier_2,0.321,18635,20
b,24.97,12.5,u,g,cc,v,1.56,t,t,67,t,g,140,258,1,723,49138,8815,salaried,tier_3,0.1794,40323,25
b,18.15,1.5,y,p,cc,v,2.14,t,f,0,t,g,100,20,0,469,21612,4283,business,tier_1,0.1982,17329,46
b,18.57,1.25,y,p,k,v,0.43,f,f,0,f,g,140,4,0,669,32884,1797,salaried,tier_1,0.0546,31087,16
b,23.95,0.585,y,p,ff,ff,0.29,f,f,0,f,g,100,0,0,622,13174,2621,self_employed,tier_2,0.199,10553,23
b,21.53,0.585,u,g,ff,ff,0.0,f,t,3,f,g,350,769,0,309,41056,6678,salaried,tier_1,0.1627,34378,10
b,18.0,10.29,u,g,ff,ff,0.57,f,f,0,f,g,80,0,0,587,28677,13008,freelancer,tier_1,0.4536,15669,13
b,25.27,14.585,u,g,i,bb,0.0,f,f,0,t,g,178,0,0,378,27248,3918,self_employed,tier_2,0.1438,23330,19
b,21.02,10.5,u,g,c,v,3.08,t,f,0,t,g,0,0,1,885,76230,21030,freelancer,tier_2,0.2759,55200,39
b,18.0,10.25,u,g,c,h,1.26,f,f,0,f,g,320,13,0,450,13173,1639,salaried,tier_2,0.1244,11534,20
a,49.71,0.835,u,g,aa,v,1.0,f,f,0,t,g,240,117,0,359,25985,23,self_employed,tier_1,0.0009,25962,34
b,18.0,0.835,u,g,m,v,0.0,t,f,0,f,s,200,0,0,351,19535,1084,freelancer,tier_2,0.0555,18451,10
a,19.91,1.25,u,g,c,v,0.0,f,f,0,f,g,0,0,0,610,18532,4498,salaried,tier_3,0.2427,14034,10
b,18.0,2.0,u,g,i,v,1.08,t,t,2,f,g,120,300,1,813,73068,24969,business,tier_1,0.3417,48099,24
b,50.83,0.04,u,g,x,h,0.0,t,f,0,f,g,0,3000,1,811,39808,841,business,tier_1,0.0211,38967,22
b,30.05,0.83,u,g,x,v,1.66,t,t,8,t,g,303,3290,1,819,25308,6559,salaried,tier_2,0.2592,18749,41
b,24.71,11.25,u,g,c,v,2.84,t,t,17,f,g,200,1208,1,810,154729,12832,freelancer,tier_1,0.0829,141897,44
b,35.1,1.0,u,g,x,v,0.99,t,t,7,t,g,340,4071,1,719,91614,38083,self_employed,tier_3,0.4157,53531,33
b,27.15,4.0,y,p,i,h,6.15,t,t,2,t,g,75,0,0,333,31130,10258,salaried,tier_2,0.3295,20872,76
b,29.76,5.125,u,g,x,v,4.57,t,t,2,f,g,420,7,1,866,25537,3595,salaried,tier_2,0.1408,21942,58
b,33.79,2.165,y,p,k,ff,0.0,f,f,0,f,g,120,0,0,596,10865,2307,salaried,tier_3,0.2123,8558,6
a,26.64,4.5,u,g,w,v,0.56,f,f,0,t,g,360,6,0,385,10414,33,self_employed,tier_2,0.0032,10381,22
a,23.58,11.25,y,p,x,h,1.1,t,t,4,f,g,0,321,1,888,36095,10065,freelancer,tier_1,0.2788,26030,25
a,26.81,2.0,u,g,j,j,0.23,f,f,0,t,g,276,1,0,652,43164,9667,business,tier_1,0.224,33497,7
a,60.1,4.46,u,g,q,h,3.24,t,t,6,f,g,43,560,1,835,25175,5847,self_employed,tier_3,0.2323,19328,59
b,25.72,12.5,u,g,aa,bb,0.09,f,f,0,t,g,720,0,0,444,27540,3726,self_employed,tier_1,0.1353,23814,5
b,48.6,26.335,y,p,ff,ff,0.0,t,f,0,t,g,0,0,0,640,26248,6324,salaried,tier_1,0.2409,19924,23
b,42.96,0.04,u,g,e,v,0.5,f,t,1,f,s,560,0,1,752,43701,11609,salaried,tier_1,0.2656,32092,24
a,26.33,12.5,u,g,d,v,0.56,f,f,0,t,g,180,1062,0,353,24563,9572,business,tier_3,0.3897,14991,9
b,45.1,25.21,u,g,q,h,0.48,t,t,1,f,g,760,90,0,432,10788,905,freelancer,tier_3,0.0839,9883,9
b,27.29,12.5,y,p,k,h,1.06,f,f,0,t,g,0,17,0,346,22633,1303,business,tier_3,0.0576,21330,15
a,18.0,0.375,u,g,c,v,0.54,f,f,0,f,g,120,18,0,664,10928,2404,salaried,tier_1,0.22,8524,22
b,48.91,6.04,u,g,k,v,0.28,f,f,0,f,g,0,2690,1,873,96601,29858,freelancer,tier_1,0.3091,66743,4
a,25.62,0.67,u,g,aa,h,1.58,t,f,0,f,g,400,0,0,437,25960,3734,self_employed,tier_1,0.1438,22226,22
b,21.42,7.5,u,g,aa,v,1.64,t,t,1,f,g,80,9800,1,768,96933,7672,salaried,tier_2,0.0791,89261,40
b,38.87,4.0,u,g,c,bb,5.21,t,f,0,t,s,280,0,0,464,40140,12523,salaried,tier_1,0.312,27617,69
b,33.97,5.5,u,g,q,h,5.53,t,t,12,t,g,408,1000,1,707,49749,4590,salaried,tier_1,0.0923,45159,72
a,54.21,15.0,u,g,c,v,5.78,t,t,14,f,g,0,2200,1,798,72362,1414,salaried,tier_3,0.0195,70948,83
b,57.27,18.5,u,g,d,bb,15.08,t,t,17,t,g,0,0,1,758,165261,9868,business,tier_1,0.0597,155393,182
b,33.39,1.54,u,g,cc,v,1.33,t,t,1,t,g,520,50000,1,708,134039,25638,salaried,tier_1,0.1913,108401,17
a,30.47,0.54,u,g,cc,v,0.27,t,f,0,f,g,440,11177,1,736,50085,10000,self_employed,tier_2,0.1997,40085,17
a,22.41,1.835,u,g,q,v,2.17,t,t,5,f,g,220,2503,1,867,43430,2870,business,tier_1,0.0661,40560,27
b,32.67,2.5,u,g,c,v,0.76,f,f,0,t,g,280,0,0,534,10456,3539,business,tier_3,0.3385,6917,27
b,20.27,4.125,y,p,i,h,0.44,f,f,0,f,g,140,100,0,646,30664,11362,salaried,tier_2,0.3705,19302,11
b,29.18,2.71,y,p,m,v,0.17,f,f,0,t,s,80,0,0,646,25495,2975,freelancer,tier_2,0.1167,22520,24
b,25.07,0.415,y,p,c,v,0.41,f,t,2,f,g,128,6,0,501,44536,3963,freelancer,tier_2,0.089,40573,21
a,19.93,10.0,u,g,d,v,0.8,f,f,0,f,g,80,42,0,629,18312,1087,salaried,tier_2,0.0594,17225,26
b,24.26,0.75,u,g,m,v,0.44,t,f,0,t,s,320,0,0,516,13655,5158,business,tier_1,0.3777,8497,20
b,22.75,12.125,u,g,c,v,3.34,f,t,2,t,g,180,173,0,462,34584,5465,self_employed,tier_1,0.158,29119,56
b,40.04,1.5,u,g,i,bb,0.0,f,f,0,f,s,300,0,0,377,10552,1757,business,tier_2,0.1665,8795,9
b,41.72,4.915,y,p,w,v,3.11,t,f,0,t,g,52,1442,1,749,43160,12118,self_employed,tier_1,0.2808,31042,37
b,29.86,0.04,y,p,m,v,0.44,f,f,0,f,g,0,0,0,473,27167,3654,salaried,tier_2,0.1345,23513,17
b,25.25,0.585,y,p,cc,h,0.41,f,f,0,f,g,240,1,0,526,18222,8559,freelancer,tier_3,0.4697,9663,14
b,22.1,12.0,u,g,c,v,1.71,f,f,0,f,s,80,0,0,481,12524,3894,self_employed,tier_3,0.3109,8630,37
b,36.1,0.75,u,g,k,v,1.61,f,f,0,t,g,231,0,0,598,15546,6543,salaried,tier_1,0.4209,9003,41
b,34.44,1.335,u,g,i,bb,0.62,f,f,0,t,g,440,4500,0,642,20408,964,salaried,tier_2,0.0472,19444,21
b,18.44,1.21,y,p,e,dd,0.1,f,f,0,f,g,100,0,0,469,19847,4253,salaried,tier_2,0.2143,15594,21
b,35.29,2.75,u,g,m,v,4.54,t,t,6,f,g,204,0,1,681,46949,15427,self_employed,tier_1,0.3286,31522,63
b,18.0,0.415,y,p,c,v,0.43,f,t,1,f,g,200,1,0,532,21828,9641,freelancer,tier_3,0.4417,12187,14
b,43.84,3.0,u,g,i,bb,0.85,t,f,0,f,g,0,200,0,593,16217,194,salaried,tier_1,0.012,16023,12
a,27.71,1.085,y,p,x,v,0.87,f,f,0,f,g,280,13,0,459,15985,2161,business,tier_1,0.1352,13824,23
b,30.48,3.5,u,g,k,v,0.72,f,f,0,t,g,232,0,0,310,26609,8248,business,tier_3,0.31,18361,15
b,68.89,9.0,u,g,ff,ff,4.0,f,t,1,f,g,70,6,0,440,40222,824,self_employed,tier_3,0.0205,39398,57
b,33.17,5.0,u,g,x,h,7.57,t,t,6,t,g,0,1000,1,830,46187,8688,business,tier_1,0.1881,37499,102
a,25.66,1.04,y,p,ff,ff,0.71,t,t,3,f,g,180,147,0,316,17233,697,business,tier_3,0.0404,16536,18
b,39.45,5.875,u,g,cc,h,10.28,t,t,14,t,g,399,0,1,900,114685,28262,salaried,tier_1,0.2464,86423,138
b,35.62,1.125,y,p,d,v,1.27,f,f,0,t,g,431,0,1,689,158294,12770,salaried,tier_2,0.0807,145524,22
b,18.0,22.0,l,gg,ff,o,0.0,f,f,0,t,p,450,100000,1,844,56734,239,salaried,tier_1,0.0042,56495,14
a,29.03,1.665,u,g,q,v,2.21,t,f,0,t,g,440,0,0,538,26783,718,salaried,tier_2,0.0268,26065,26
a,19.14,0.54,u,g,c,v,1.76,f,t,1,t,g,80,5,0,618,38585,4175,salaried,tier_1,0.1082,34410,33
a,27.83,15.0,y,p,e,z,0.0,t,f,0,f,g,0,13212,1,682,101641,8838,self_employed,tier_1,0.087,92803,1
b,27.89,2.0,u,g,x,h,1.07,t,t,4,f,g,140,7544,1,708,65477,12841,self_employed,tier_2,0.1961,52636,35
b,23.28,11.46,u,g,k,v,1.14,f,f,0,t,g,100,1212,0,319,10215,3841,salaried,tier_2,0.376,6374,31
a,21.52,5.0,y,p,ff,ff,0.01,f,f,0,f,g,0,0,0,659,31533,392,salaried,tier_2,0.0124,31141,6
b,31.65,2.335,u,g,d,h,5.62,f,f,0,t,g,292,0,0,482,18765,5968,business,tier_2,0.318,12797,71
a,26.62,2.0,u,g,j,j,0.03,f,f,0,t,g,276,1,0,688,38929,9861,business,tier_1,0.2533,29068,19
a,18.43,10.21,u,g,ff,ff,0.0,f,f,0,f,g,0,50,0,634,11962,1020,salaried,tier_3,0.0853,10942,16
b,35.19,1.75,u,g,w,bb,0.03,t,f,0,t,g,163,0,0,308,29238,224,business,tier_3,0.0077,29014,21
b,49.23,26.335,y,p,ff,ff,0.4,t,f,0,t,g,0,0,0,627,21430,5716,salaried,tier_1,0.2667,15714,17
a,21.05,8.585,u,g,cc,h,0.43,t,t,7,f,g,96,0,1,786,95061,22826,salaried,tier_2,0.2401,72235,11
a,18.0,0.335,u,g,ff,ff,0.18,f,t,1,f,g,160,126,0,667,10837,4493,salaried,tier_2,0.4146,6344,13
b,32.63,0.0,u,g,w,v,1.67,t,t,1,f,g,202,0,1,759,21988,9652,self_employed,tier_1,0.439,12336,36
a,44.32,6.665,u,g,q,v,7.41,t,t,3,t,g,0,0,1,729,28425,8468,business,tier_3,0.2979,19957,96
a,23.27,10.75,u,g,q,v,0.79,t,t,5,t,g,0,560,1,652,36043,9158,salaried,tier_2,0.2541,26885,25
a,19.15,10.25,u,g,q,v,0.33,t,t,2,t,g,49,0,1,737,37400,3736,business,tier_1,0.0999,33664,17
b,18.0,4.0,y,p,w,v,1.74,t,t,2,t,g,120,1000,1,738,94460,3636,salaried,tier_2,0.0385,90824,30
b,36.25,4.5,u,g,x,h,5.71,f,f,0,t,s,711,0,1,795,72595,20626,salaried,tier_2,0.2841,51969,90
a,41.66,10.0,u,g,q,h,1.26,t,f,0,f,g,29,837,1,887,138161,48227,salaried,tier_2,0.3491,89934,20
b,58.24,14.5,u,g,ff,ff,17.94,t,t,15,t,g,0,1000,1,810,21977,7824,self_employed,tier_3,0.356,14153,222
b,30.11,1.835,u,g,c,h,4.2,t,f,0,f,g,260,200,1,860,31629,11933,self_employed,tier_1,0.3773,19696,61
a,59.27,5.0,u,g,aa,v,4.17,t,t,4,f,g,0,99,1,898,38123,1085,freelancer,tier_2,0.0285,37038,55
b,20.81,0.415,y,p,c,v,0.6,f,t,1,f,g,200,1,0,541,26331,11061,freelancer,tier_3,0.4201,15270,12
b,41.84,21.5,u,g,e,z,19.59,t,t,11,f,g,0,1200,1,814,76055,12780,self_employed,tier_2,0.168,63275,250
a,18.0,9.0,u,g,aa,v,1.2,t,f,0,t,g,0,0,1,711,49626,14658,salaried,tier_1,0.2954,34968,16
b,34.18,2.335,u,g,d,h,5.69,f,f,0,t,g,292,0,0,486,20281,6477,business,tier_2,0.3194,13804,78
b,69.43,5.5,u,g,e,z,12.96,t,t,1,t,g,0,0,1,693,30513,2930,salaried,tier_2,0.096,27583,172
a,18.24,9.54,u,g,aa,v,0.36,t,f,0,f,g,100,0,1,800,70063,20838,salaried,tier_2,0.2974,49225,24
b,20.05,0.0,y,p,m,bb,0.0,f,f,0,t,s,500,1,1,847,33424,4315,self_employed,tier_2,0.1291,29109,22
a,32.85,4.625,u,g,q,h,1.15,t,t,2,f,g,0,0,1,812,54236,13261,salaried,tier_3,0.2445,40975,14
b,28.37,0.585,y,p,cc,v,0.46,t,t,2,f,g,260,500,1,890,114775,5562,salaried,tier_3,0.0485,109213,13
b,21.44,11.0,u,g,cc,v,1.05,t,f,0,f,g,100,0,1,653,32277,9782,salaried,tier_1,0.3031,22495,27
a,27.96,1.04,u,g,c,v,2.51,t,t,5,t,g,300,1430,1,655,166843,39507,freelancer,tier_1,0.2368,127336,40
b,22.53,3.0,u,g,m,v,1.37,t,t,1,f,g,260,800,1,837,109918,7837,self_employed,tier_1,0.0713,102081,22
b,18.0,0.125,u,g,c,v,0.0,f,f,0,f,g,132,0,0,363,36695,12269,freelancer,tier_2,0.3344,24426,1
a,21.99,3.0,u,g,q,v,0.0,t,t,3,f,g,100,6,1,645,33942,1224,self_employed,tier_3,0.0361,32718,19
a,26.72,1.665,u,g,ff,ff,0.0,f,f,0,f,g,340,1,0,507,24322,1164,business,tier_1,0.0479,23158,4
b,23.1,2.75,u,g,ff,ff,4.43,f,f,0,f,g,160,25,0,611,45738,651,self_employed,tier_2,0.0142,45087,72
a,23.25,11.5,y,p,j,j,0.43,t,t,11,t,g,0,0,1,900,22606,4617,salaried,tier_3,0.2042,17989,7
b,28.91,0.375,u,g,c,v,0.31,f,f,0,f,g,220,140,0,519,13076,1331,self_employed,tier_1,0.1018,11745,13
a,37.51,2.5,u,g,i,h,0.0,f,f,0,f,g,260,246,0,507,17104,4800,self_employed,tier_1,0.2806,12304,7
b,23.08,1.5,u,g,w,v,1.27,f,f,0,f,g,150,8,1,823,106926,1345,salaried,tier_2,0.0126,105581,25
b,24.05,11.5,y,p,m,v,1.38,f,f,0,t,g,0,4000,0,590,39040,15349,salaried,tier_1,0.3932,23691,24
b,26.1,12.5,u,g,aa,bb,0.37,f,f,0,t,g,720,0,0,449,30705,4282,self_employed,tier_1,0.1395,26423,18
a,22.81,11.585,u,g,cc,v,0.0,t,f,0,f,g,80,1349,1,640,164967,40010,salaried,tier_3,0.2425,124957,5
a,21.39,0.165,u,g,q,v,0.0,f,f,0,t,g,380,0,0,570,27281,2702,business,tier_2,0.099,24579,12
b,35.74,5.0,u,g,c,bb,2.56,t,t,6,f,g,0,367,1,716,55496,237,salaried,tier_2,0.0043,55259,44
a,23.07,11.5,y,p,k,h,2.74,f,f,0,t,g,20,16,0,407,10414,984,business,tier_2,0.0945,9430,53
a,19.61,0.5,y,p,e,dd,0.58,f,f,0,f,g,260,0,0,417,19037,1549,self_employed,tier_2,0.0814,17488,8
b,42.71,11.0,y,p,d,v,1.02,t,f,0,f,s,0,0,0,659,10703,5362,salaried,tier_3,0.501,5341,28
b,23.79,3.0,u,g,m,v,1.04,t,t,1,f,g,260,800,1,821,97474,9917,self_employed,tier_1,0.1017,87557,17
b,35.08,4.5,u,g,aa,v,0.59,t,f,0,t,g,240,0,0,479,25364,715,freelancer,tier_2,0.0282,24649,13
b,22.05,8.17,u,g,aa,v,1.8,t,t,14,f,g,60,158,1,804,145623,46885,business,tier_1,0.322,98738,32
b,49.26,7.625,u,g,w,h,15.77,t,t,12,f,g,0,790,1,721,150882,7795,salaried,tier_1,0.0517,143087,199
b,47.55,0.205,y,p,k,v,0.47,t,t,11,f,g,380,2732,1,698,40213,12057,self_employed,tier_1,0.2998,28156,16
a,42.33,6.665,u,g,q,v,7.49,t,t,3,t,g,0,0,1,707,22264,8261,business,tier_3,0.371,14003,112
a,39.69,5.5,u,g,q,v,0.48,t,f,0,t,g,228,0,1,712,78947,28423,salaried,tier_2,0.36,50524,16
b,18.0,0.125,u,g,c,v,0.0,f,f,0,f,g,132,0,0,405,38752,16202,freelancer,tier_2,0.4181,22550,8
b,21.08,1.54,u,g,k,v,0.47,f,f,0,t,g,356,0,0,312,10678,3445,self_employed,tier_3,0.3226,7233,28
b,59.45,7.04,u,g,m,v,13.9,t,t,6,t,g,360,1332,1,871,89762,43862,salaried,tier_2,0.4886,45900,181
a,53.17,15.0,u,g,c,v,5.4,t,t,14,f,g,0,2200,1,816,85108,1318,salaried,tier_3,0.0155,83790,79
b,21.94,11.5,u,g,w,h,2.03,t,t,11,t,g,290,284,1,787,167082,41362,self_employed,tier_3,0.2476,125720,41
b,42.14,3.29,u,g,m,v,3.1,f,f,0,t,s,400,0,0,427,13465,2601,freelancer,tier_2,0.1932,10864,37
b,24.97,0.75,u,g,m,v,0.98,t,f,0,t,s,320,0,0,520,13769,4764,business,tier_1,0.346,9005,17
b,20.52,2.25,u,g,i,v,0.0,f,f,0,f,g,160,10,0,453,10949,4936,salaried,tier_2,0.4508,6013,6
b,24.53,2.5,u,g,ff,ff,0.0,f,f,0,t,g,100,4208,0,595,11479,92,salaried,tier_3,0.008,11387,16
b,30.39,0.0,u,g,w,v,1.07,t,t,1,f,g,202,0,1,775,26269,9632,self_employed,tier_1,0.3667,16637,23
a,58.43,10.0,u,g,q,v,3.57,t,t,14,f,g,0,1602,1,763,99514,26959,self_employed,tier_3,0.2709,72555,53
b,23.83,12.125,u,g,c,v,2.99,f,t,2,t,g,180,173,0,450,39020,7185,self_employed,tier_1,0.1841,31835,35
b,39.31,2.04,u,g,w,v,0.0,t,f,0,t,g,400,5800,1,900,71800,4624,self_employed,tier_2,0.0644,67176,13
b,20.22,0.25,y,p,c,h,0.04,f,f,0,f,g,280,204,0,652,25703,4304,salaried,tier_3,0.1675,21399,0
b,18.27,6.5,u,g,w,h,1.83,t,t,7,f,g,80,2954,1,900,35793,5888,freelancer,tier_2,0.1645,29905,39
b,32.74,1.335,u,g,i,bb,0.0,f,f,0,t,g,440,4500,0,639,16171,856,salaried,tier_2,0.0529,15315,0
b,41.17,0.5,y,p,m,v,0.12,f,f,0,t,g,130,0,0,353,17847,3543,business,tier_1,0.1985,14304,19
b,18.0,5.5,u,g,k,v,0.65,t,f,0,f,g,80,0,1,823,152406,31498,self_employed,tier_3,0.2067,120908,8
b,18.0,0.04,u,g,c,v,0.54,f,f,0,f,g,0,0,1,833,35738,12387,business,tier_2,0.3466,23351,12
b,30.54,14.0,y,p,ff,ff,0.0,f,t,2,f,g,160,1,0,481,27390,13691,self_employed,tier_1,0.4999,13699,20
a,40.45,10.0,u,g,q,h,1.53,t,f,0,f,g,29,837,1,900,160902,55367,salaried,tier_2,0.3441,105535,36
b,29.58,15.5,u,g,c,v,0.97,t,f,0,f,g,120,0,0,579,21438,2029,self_employed,tier_2,0.0946,19409,19
b,33.59,14.0,y,p,ff,ff,0.0,f,t,2,f,g,160,1,0,463,28693,10324,self_employed,tier_1,0.3598,18369,23
b,21.51,0.165,u,g,c,j,2.26,f,f,0,t,s,0,0,1,801,108406,97,business,tier_2,0.0009,108309,43
b,31.31,1.75,y,p,e,h,0.0,t,f,0,t,g,393,0,1,696,25479,6346,salaried,tier_3,0.2491,19133,22
b,24.15,2.54,y,p,c,h,3.02,t,f,0,f,g,0,0,1,895,69626,10816,salaried,tier_2,0.1553,58810,45
b,28.99,3.0,u,g,w,v,1.23,f,f,0,t,g,300,67,0,336,26462,6308,business,tier_2,0.2384,20154,35
b,36.21,2.665,u,g,cc,v,0.48,f,f,0,t,g,0,501,0,650,25505,2052,salaried,tier_2,0.0805,23453,23
b,24.46,12.5,y,p,k,h,1.06,f,f,0,t,g,0,17,0,328,27221,1100,business,tier_3,0.0404,26121,28
b,29.61,1.165,u,g,k,v,0.4,t,f,0,f,s,280,0,0,638,12846,242,business,tier_1,0.0188,12604,17
a,29.56,5.29,u,g,e,dd,1.99,t,t,5,t,g,99,500,1,775,25825,8906,salaried,tier_2,0.3449,16919,26
b,20.56,0.29,u,g,k,v,0.68,f,f,0,f,g,280,364,0,381,11957,3833,salaried,tier_2,0.3206,8124,16
a,34.95,3.75,u,g,ff,ff,0.41,f,t,6,f,g,0,200,0,312,26698,9516,salaried,tier_3,0.3564,17182,19
b,21.21,0.25,u,g,d,h,0.58,t,f,0,t,g,0,0,1,810,69629,13707,salaried,tier_3,0.1969,55922,28
b,23.38,0.835,u,g,i,h,0.24,f,f,0,t,g,220,5,0,412,29271,6927,salaried,tier_1,0.2367,22344,11
a,25.74,3.0,u,g,q,h,1.5,t,t,19,f,g,0,500,1,779,154468,39578,business,tier_3,0.2562,114890,34
b,30.86,13.0,u,g,d,h,0.43,f,f,0,f,g,228,0,0,377,30123,6166,self_employed,tier_2,0.2047,23957,6
a,20.45,1.25,y,p,ff,ff,3.38,f,f,0,f,g,280,0,0,711,11237,1950,business,tier_2,0.1735,9287,44
a,18.35,10.0,u,g,w,v,0.89,f,t,1,f,g,120,1,0,313,10223,3293,salaried,tier_1,0.3221,6930,15
a,22.46,2.5,y,p,i,bb,4.36,f,f,0,f,g,200,456,0,476,11986,3935,salaried,tier_2,0.3283,8051,52
b,26.62,4.5,y,p,c,bb,2.0,f,f,0,f,g,200,1210,0,455,16842,2790,salaried,tier_1,0.1657,14052,38
b,20.96,7.25,u,g,m,v,0.34,f,t,1,f,g,100,1,0,603,19266,5242,self_employed,tier_2,0.2721,14024,24
a,29.7,5.5,u,g,k,v,5.89,f,f,0,t,s,100,0,0,558,15429,1374,business,tier_2,0.0891,14055,82
b,40.9,2.5,y,p,i,h,10.47,f,f,0,t,s,200,0,0,327,18458,2069,business,tier_3,0.1121,16389,130
b,18.69,2.46,u,g,c,n,1.18,f,t,2,t,g,160,587,0,717,45297,8168,business,tier_2,0.1803,37129,35
b,28.41,4.25,u,g,cc,v,4.34,t,t,1,t,g,120,0,1,744,31581,606,salaried,tier_2,0.0192,30975,72
b,35.11,6.5,u,g,aa,v,0.0,t,f,0,t,g,443,0,0,706,11897,3941,salaried,tier_1,0.3313,7956,6
a,38.74,7.54,y,p,q,h,8.5,t,t,14,f,g,0,2300,1,798,131613,30713,salaried,tier_2,0.2334,100900,116
b,34.5,0.75,u,g,k,v,1.59,f,f,0,t,g,231,0,0,624,18678,6474,salaried,tier_1,0.3466,12204,36
b,19.75,9.25,u,g,c,v,1.85,t,t,3,t,g,40,28,1,694,25378,8854,business,tier_2,0.3489,16524,30
b,18.0,0.0,y,p,ff,ff,0.18,f,t,4,f,g,45,1,0,623,17499,1063,salaried,tier_2,0.0607,16436,7
b,18.0,22.0,l,gg,ff,o,0.35,f,f,0,t,p,450,100000,1,855,50320,264,salaried,tier_1,0.0052,50056,5
a,28.47,1.665,u,g,q,v,1.92,t,f,0,t,g,440,0,0,513,33569,771,salaried,tier_2,0.023,32798,36
a,18.0,2.875,u,g,q,v,0.0,f,f,0,f,g,120,0,0,350,27266,11380,salaried,tier_1,0.4174,15886,9
b,28.48,1.165,u,g,k,v,0.67,t,f,0,f,s,280,0,0,673,10281,219,business,tier_1,0.0213,10062,14
a,19.31,10.0,y,p,q,h,0.56,f,f,0,f,g,340,0,0,702,27712,4608,salaried,tier_3,0.1663,23104,16
a,40.69,1.665,u,g,aa,v,0.44,f,f,0,f,g,0,390,0,594,30694,561,self_employed,tier_3,0.0183,30133,14
a,26.01,0.5,u,g,q,h,1.41,t,f,0,f,g,280,824,1,770,39101,2003,business,tier_2,0.0512,37098,31
b,24.5,2.21,y,p,aa,v,3.86,t,f,0,f,g,188,0,0,468,41163,13831,salaried,tier_3,0.336,27332,52
b,33.73,2.75,u,g,i,bb,0.24,f,f,0,f,g,180,0,0,324,43721,7280,salaried,tier_1,0.1665,36441,2
b,18.0,6.5,u,g,i,v,0.37,f,f,0,f,g,60,100,0,531,17620,784,freelancer,tier_3,0.0445,16836,5
b,23.18,0.835,u,g,i,h,0.19,f,f,0,t,g,220,5,0,452,32248,9042,salaried,tier_1,0.2804,23206,5
b,30.52,1.5,y,p,w,v,0.0,f,f,0,f,s,160,0,0,536,28097,5620,freelancer,tier_2,0.2,22477,21
a,23.81,8.46,y,p,x,v,2.89,f,f,0,f,g,164,0,1,900,102163,5963,salaried,tier_2,0.0584,96200,45
b,27.81,2.0,u,g,k,h,4.22,t,t,2,t,g,181,0,1,800,135635,65704,salaried,tier_2,0.4844,69931,71
b,30.01,1.835,u,g,c,h,4.63,t,f,0,f,g,260,200,1,845,32572,10196,self_employed,tier_1,0.313,22376,67
b,35.51,2.75,u,g,m,v,3.96,t,t,6,f,g,204,0,1,643,45479,22523,self_employed,tier_1,0.4952,22956,64
b,19.41,0.25,y,p,c,h,0.09,f,f,0,f,g,280,204,0,643,23101,4461,salaried,tier_3,0.1931,18640,5
b,48.7,26.335,y,p,ff,ff,0.37,t,f,0,t,g,0,0,0,629,23548,7181,salaried,tier_1,0.305,16367,6
a,18.0,0.21,u,g,aa,v,0.0,f,f,0,f,g,200,1,0,661,30496,2613,salaried,tier_2,0.0857,27883,11
b,28.27,1.415,u,g,w,h,0.76,t,t,1,f,g,240,100,1,837,102639,30933,salaried,tier_1,0.3014,71706,23
a,37.2,4.71,u,g,ff,ff,0.0,f,f,0,f,g,160,0,0,401,17603,7337,salaried,tier_3,0.4168,10266,15
b,41.71,4.085,u,g,aa,v,0.29,f,f,0,f,g,108,100,0,380,31038,3152,salaried,tier_2,0.1016,27886,14
b,46.64,1.5,u,g,c,v,2.28,t,f,0,t,g,140,0,0,400,15740,5264,salaried,tier_2,0.3344,10476,29
a,21.98,7.0,u,g,c,v,0.0,f,f,0,f,g,160,0,0,554,10516,485,salaried,tier_2,0.0461,10031,11
b,18.0,0.125,u,g,c,v,0.59,f,f,0,f,g,132,0,0,400,36061,11991,freelancer,tier_2,0.3325,24070,26
b,25.39,11.25,u,g,c,v,2.57,t,t,17,f,g,200,1208,1,784,150813,10796,freelancer,tier_1,0.0716,140017,44
b,23.31,1.25,u,g,c,v,0.0,f,f,0,f,g,110,0,0,429,36567,9656,self_employed,tier_3,0.2641,26911,21
a,22.72,0.83,u,g,q,v,0.11,f,t,1,t,g,200,11,0,596,37399,9082,salaried,tier_2,0.2428,28317,6
b,22.17,11.5,y,p,m,v,2.0,f,f,0,t,g,0,4000,0,561,38803,14632,salaried,tier_1,0.3771,24171,42
b,25.08,12.5,u,g,cc,v,0.91,t,t,67,t,g,140,258,1,718,54677,6947,salaried,tier_3,0.1271,47730,12
b,34.52,4.25,u,g,i,bb,3.36,t,t,2,f,g,274,610,1,767,29895,10800,business,tier_3,0.3613,19095,55
b,23.98,1.79,u,g,c,v,0.46,f,f,0,t,g,136,1,0,668,31344,4304,business,tier_1,0.1373,27040,27
a,26.02,0.5,u,g,c,h,1.26,t,f,0,t,g,491,0,1,741,52533,19046,freelancer,tier_1,0.3626,33487,18
b,28.62,3.0,u,g,w,v,1.01,f,f,0,t,g,300,67,0,361,27239,9120,business,tier_2,0.3348,18119,12
b,32.06,2.5,u,g,cc,h,2.85,t,t,6,f,g,160,2072,1,887,112982,31152,salaried,tier_1,0.2757,81830,55
a,18.0,4.415,y,p,c,h,2.51,t,f,0,f,g,240,0,1,683,128406,40816,business,tier_2,0.3179,87590,34
a,27.21,2.0,u,g,j,j,0.38,f,f,0,t,g,276,1,0,692,35845,10922,business,tier_1,0.3047,24923,9
b,18.0,7.0,u,g,e,v,0.94,f,f,0,f,g,600,0,0,579,20085,6030,business,tier_2,0.3002,14055,16
b,33.2,5.25,u,g,w,v,0.52,f,f,0,t,g,290,6,1,900,49377,531,salaried,tier_2,0.0108,48846,16
a,29.63,5.29,u,g,e,dd,2.25,t,t,5,t,g,99,500,1,754,25484,10216,salaried,tier_2,0.4009,15268,37
a,25.16,2.875,u,g,x,h,1.07,t,f,0,f,g,360,0,1,843,26222,5046,salaried,tier_1,0.1924,21176,26
b,27.8,2.0,u,g,x,h,0.57,t,t,4,f,g,140,7544,1,706,79028,14909,self_employed,tier_2,0.1887,64119,7
a,18.0,2.875,u,g,q,v,0.33,f,f,0,f,g,120,0,0,338,33885,12134,salaried,tier_1,0.3581,21751,15
b,38.75,3.29,u,g,m,v,3.34,f,f,0,t,s,400,0,0,410,13789,2729,freelancer,tier_2,0.1979,11060,59
a,31.39,6.5,u,g,c,bb,3.85,t,t,7,t,g,0,3065,1,804,37311,2483,salaried,tier_1,0.0665,34828,55
b,27.42,3.5,u,g,w,v,3.12,t,t,3,t,g,329,0,0,481,37446,10638,salaried,tier_3,0.2841,26808,57
a,27.04,1.25,u,g,ff,ff,0.0,f,t,1,f,g,92,300,0,300,33417,430,salaried,tier_1,0.0129,32987,14
a,59.98,4.46,u,g,q,h,2.73,t,t,6,f,g,43,560,1,820,21619,6753,self_employed,tier_3,0.3124,14866,35
b,22.47,0.165,u,g,c,j,2.08,f,f,0,t,s,0,0,1,800,91932,110,business,tier_2,0.0012,91822,36
b,18.1,0.29,u,g,k,v,0.68,f,f,0,f,g,280,364,0,379,13430,3595,salaried,tier_2,0.2677,9835,26
b,54.27,1.375,y,p,c,h,9.33,t,f,0,t,g,200,100,0,651,37074,13102,salaried,tier_1,0.3534,23972,129
b,24.64,2.5,u,g,ff,ff,0.31,f,f,0,t,g,100,4208,0,586,10994,121,salaried,tier_3,0.011,10873,11
a,23.84,6.165,u,g,aa,v,0.0,f,f,0,f,g,220,1000,0,387,10697,2611,salaried,tier_2,0.2441,8086,8
a,18.0,9.5,u,g,aa,v,1.84,f,t,10,t,g,0,10,0,353,19939,4274,salaried,tier_1,0.2144,15665,40
b,36.99,10.125,y,p,k,v,0.11,f,f,0,f,g,160,0,0,674,30000,8458,self_employed,tier_3,0.2819,21542,12
b,41.19,1.71,y,p,m,v,0.64,f,f,0,f,s,400,0,0,394,31574,9894,salaried,tier_1,0.3134,21680,29
b,24.71,12.5,u,g,w,v,1.22,t,f,0,t,g,260,0,0,493,23042,292,self_employed,tier_2,0.0127,22750,18
b,30.99,4.75,u,g,m,v,1.95,f,t,1,t,g,460,68,0,300,32322,2647,salaried,tier_3,0.0819,29675,26
b,27.12,0.585,y,p,cc,v,0.53,t,t,2,f,g,260,500,1,887,107800,6616,salaried,tier_3,0.0614,101184,25
b,31.34,1.75,y,p,e,h,0.0,t,f,0,t,g,393,0,1,710,23594,6276,salaried,tier_3,0.266,17318,7
b,31.36,1.25,u,g,c,h,0.31,f,t,2,t,g,400,108,0,452,24330,2951,salaried,tier_2,0.1213,21379,23
b,33.76,1.25,u,g,w,v,0.74,f,f,0,f,g,120,0,0,380,27387,12834,salaried,tier_1,0.4686,14553,30
b,20.39,11.0,u,g,x,v,0.14,t,t,6,f,g,121,0,1,663,57148,866,self_employed,tier_3,0.0152,56282,6
a,29.3,1.375,u,g,w,h,0.0,f,t,3,f,g,0,33,0,591,41747,5387,salaried,tier_2,0.129,36360,17
a,24.76,4.5,u,g,w,v,1.22,f,f,0,t,g,360,6,0,403,13564,30,self_employed,tier_2,0.0022,13534,31
b,26.0,1.5,u,g,w,v,1.99,t,t,11,t,g,434,35,1,900,23525,2331,salaried,tier_3,0.0991,21194,37
b,37.02,4.0,u,g,c,bb,5.25,t,f,0,t,s,280,0,0,459,43382,12940,salaried,tier_1,0.2983,30442,66
b,20.35,0.415,u,g,c,v,0.14,f,f,0,f,g,0,44,0,510,12957,4047,salaried,tier_3,0.3123,8910,24
a,53.04,6.5,u,g,i,bb,2.67,f,f,0,t,g,73,0,0,412,12689,5349,salaried,tier_2,0.4215,7340,41
b,24.42,12.5,u,g,aa,v,3.24,t,f,0,t,s,20,0,1,870,56984,16895,business,tier_1,0.2965,40089,52
b,26.68,0.54,u,g,m,v,1.33,f,f,0,t,g,120,1,0,494,24201,7606,business,tier_3,0.3143,16595,16
b,32.3,0.25,u,g,i,bb,4.4,f,f,0,t,s,420,0,0,654,10670,3068,salaried,tier_3,0.2875,7602,55
b,51.94,15.0,u,g,c,v,8.57,t,t,9,f,g,0,0,1,815,26287,4948,salaried,tier_1,0.1882,21339,113
b,31.19,2.5,u,g,cc,h,3.0,t,t,6,f,g,160,2072,1,875,106879,41095,salaried,tier_1,0.3845,65784,45
a,25.69,12.5,u,g,aa,v,1.75,t,t,12,t,g,120,567,1,760,76688,16555,salaried,tier_1,0.2159,60133,25
a,23.73,1.75,y,p,j,j,0.0,f,f,0,f,g,160,0,0,543,27361,1687,freelancer,tier_2,0.0617,25674,23
b,19.36,5.5,u,g,k,v,0.16,t,f,0,f,g,80,0,1,838,150200,33002,self_employed,tier_3,0.2197,117198,14
a,18.0,0.585,u,g,c,h,1.07,t,t,2,f,g,100,0,1,820,47182,5701,salaried,tier_1,0.1208,41481,23
b,48.27,12.0,u,g,m,v,15.82,t,f,0,f,s,110,0,1,728,146735,53320,salaried,tier_2,0.3634,93415,212
b,43.84,4.915,y,p,w,v,3.14,t,f,0,t,g,52,1442,1,785,52178,11293,self_employed,tier_1,0.2164,40885,44
a,34.82,1.625,u,g,d,v,1.04,f,f,0,t,g,0,0,0,575,19324,5455,salaried,tier_2,0.2823,13869,35
b,32.29,0.5,u,g,d,h,0.02,f,f,0,t,s,252,0,0,650,22991,6733,business,tier_1,0.2929,16258,6
a,49.84,0.835,u,g,aa,v,0.73,f,f,0,t,g,240,117,0,394,24289,18,self_employed,tier_1,0.0007,24271,17
b,24.63,0.75,u,g,i,v,1.78,f,t,1,t,g,400,9,0,701,37229,7258,business,tier_2,0.195,29971,41
a,27.12,3.04,y,p,x,h,2.24,t,t,1,f,g,70,0,1,699,22739,1321,business,tier_2,0.0581,21418,36
b,40.51,1.54,u,g,i,bb,3.06,f,f,0,f,g,216,0,1,834,37975,2745,salaried,tier_1,0.0723,35230,57
b,26.36,2.0,u,g,k,h,4.21,t,t,2,t,g,181,0,1,808,168416,48367,salaried,tier_2,0.2872,120049,66
b,47.84,26.335,y,p,ff,ff,0.2,t,f,0,t,g,0,0,0,633,24026,5159,salaried,tier_1,0.2147,18867,4
b,23.07,0.79,u,g,w,v,0.79,f,t,1,f,g,420,283,0,668,26884,8350,salaried,tier_2,0.3106,18534,25
b,25.33,0.665,u,g,c,v,0.02,f,f,0,f,g,100,0,1,708,55954,8589,business,tier_2,0.1535,47365,9
a,23.95,2.29,u,g,q,h,2.69,t,t,7,t,g,140,2384,1,653,27595,2963,business,tier_1,0.1074,24632,41
b,24.6,9.0,u,g,aa,v,0.13,f,f,0,t,g,0,0,0,461,27145,530,business,tier_2,0.0195,26615,19
b,43.31,3.0,u,g,q,h,6.19,t,t,11,f,g,80,0,1,688,56844,5707,business,tier_1,0.1004,51137,80
b,42.16,0.0,u,g,c,bb,15.1,t,f,0,f,g,0,0,1,794,96300,32766,salaried,tier_2,0.3402,63534,185
b,34.73,2.5,u,g,k,v,4.05,t,t,7,f,g,150,1270,1,798,47588,6714,salaried,tier_1,0.1411,40874,58
a,48.04,0.46,u,g,cc,h,0.0,t,t,11,t,g,440,6,1,673,30405,1393,self_employed,tier_1,0.0458,29012,14
b,24.79,0.875,u,g,m,v,0.0,f,t,4,f,g,254,1950,0,400,17925,1084,self_employed,tier_2,0.0605,16841,10
b,41.04,21.5,u,g,e,z,19.87,t,t,11,f,g,0,1200,1,821,66202,12287,self_employed,tier_2,0.1856,53915,258
b,19.47,10.915,u,g,c,bb,0.83,f,t,2,t,g,200,7,0,619,36982,18530,freelancer,tier_2,0.5011,18452,17
b,26.87,0.58,u,g,c,v,0.0,t,t,7,t,g,96,5124,1,721,141762,59622,business,tier_2,0.4206,82140,6
a,29.68,12.0,u,g,c,v,2.11,t,t,1,f,g,220,19,1,849,27316,10662,salaried,tier_2,0.3903,16654,29
b,24.1,12.5,u,g,w,v,0.66,t,f,0,t,g,260,0,0,490,27816,417,self_employed,tier_2,0.015,27399,20
b,34.61,1.75,u,g,x,h,4.8,t,t,4,t,g,253,857,1,704,94073,6002,salaried,tier_2,0.0638,88071,69
a,21.72,11.75,u,g,c,v,0.55,f,f,0,t,g,180,0,0,317,13291,2837,business,tier_1,0.2135,10454,6
b,38.06,4.25,u,g,q,v,3.78,f,f,0,f,g,454,50,0,519,33215,5689,self_employed,tier_1,0.1713,27526,55
a,52.72,0.165,u,g,ff,ff,0.02,f,f,0,t,s,62,27,0,649,32381,5946,salaried,tier_1,0.1836,26435,0
b,38.65,2.5,y,p,i,h,9.78,f,f,0,t,s,200,0,0,359,16092,2161,business,tier_3,0.1343,13931,137
a,62.13,16.5,u,g,q,v,11.31,t,f,0,t,g,21,10561,1,708,105709,13901,freelancer,tier_2,0.1315,91808,149
b,51.19,10.0,u,g,i,bb,0.0,t,t,11,f,g,0,1249,1,804,56675,10675,business,tier_2,0.1884,46000,11
a,22.73,0.75,u,g,c,v,1.79,f,t,2,t,g,200,394,0,321,31642,4520,business,tier_2,0.1428,27122,23
b,18.16,0.0,u,g,q,v,0.35,f,f,0,f,g,160,1,0,713,28484,495,salaried,tier_2,0.0174,27989,26
a,18.28,0.585,y,p,aa,v,0.76,t,f,0,t,g,160,0,0,680,30005,8464,salaried,tier_1,0.2821,21541,29
a,25.54,1.25,u,g,ff,ff,0.19,t,f,0,f,g,80,0,0,323,41748,10513,freelancer,tier_2,0.2518,31235,11
a,35.06,0.29,u,g,ff,ff,0.15,f,t,10,f,g,200,18,0,329,30095,1064,self_employed,tier_1,0.0354,29031,14
a,21.94,10.5,y,p,x,h,0.0,f,f,0,t,g,154,32,0,643,10631,2155,business,tier_2,0.2027,8476,22
b,28.79,0.75,u,g,q,h,0.0,f,f,0,t,g,220,251,0,505,11323,3206,salaried,tier_2,0.2831,8117,17
b,37.01,10.125,y,p,k,v,0.54,f,f,0,f,g,160,0,0,697,32721,7414,self_employed,tier_3,0.2266,25307,14
a,28.03,0.29,u,g,m,h,0.13,f,t,1,t,g,272,108,0,404,44337,10616,freelancer,tier_3,0.2394,33721,13
b,48.91,4.25,u,g,m,v,0.03,t,f,0,t,g,225,0,1,827,44559,12049,freelancer,tier_2,0.2704,32510,2
b,38.66,5.0,u,g,i,bb,0.3,f,f,0,f,g,550,0,0,695,45428,6997,self_employed,tier_3,0.154,38431,23
a,49.34,0.835,u,g,aa,v,0.19,f,f,0,t,g,240,117,0,403,23716,24,self_employed,tier_1,0.001,23692,18
b,40.97,0.0,u,g,c,bb,14.63,t,f,0,f,g,0,0,1,842,104869,24163,salaried,tier_2,0.2304,80706,179
a,18.13,9.5,u,g,aa,v,1.66,f,t,10,t,g,0,10,0,375,19359,3688,salaried,tier_1,0.1905,15671,19
b,25.97,0.54,u,g,w,v,0.0,f,t,1,f,g,272,444,0,436,32807,5690,freelancer,tier_1,0.1734,27117,1
b,18.0,0.0,y,p,aa,v,0.0,f,f,0,f,g,60,0,0,303,45348,6339,salaried,tier_3,0.1398,39009,7
a,23.9,2.29,u,g,q,h,2.68,t,t,7,t,g,140,2384,1,691,23596,2634,business,tier_1,0.1116,20962,52
b,23.03,0.79,u,g,w,v,0.32,f,t,1,f,g,420,283,0,668,27688,7305,salaried,tier_2,0.2638,20383,19
a,38.22,5.5,u,g,q,v,0.11,t,f,0,t,g,228,0,1,720,66712,21542,salaried,tier_2,0.3229,45170,21
b,29.9,1.165,u,g,k,v,0.69,t,f,0,f,s,280,0,0,652,12738,217,business,tier_1,0.017,12521,23
b,47.84,4.25,u,g,m,v,0.58,t,f,0,t,g,225,0,1,824,53629,14083,freelancer,tier_2,0.2626,39546,9
a,59.1,2.0,u,g,ff,ff,6.11,f,t,1,f,g,0,10,0,579,12639,2466,salaried,tier_2,0.1951,10173,77
b,41.79,0.0,u,g,c,bb,15.33,t,f,0,f,g,0,0,1,837,92569,30295,salaried,tier_2,0.3273,62274,194
b,26.96,3.25,u,g,c,h,2.37,f,t,1,t,g,416,21,0,653,20014,5037,business,tier_1,0.2517,14977,35
b,28.02,1.5,u,g,w,v,1.65,t,t,11,t,g,434,35,1,864,22516,2014,salaried,tier_3,0.0894,20502,32
b,20.29,0.75,y,p,r,n,0.55,f,f,0,t,g,132,2,0,490,10393,1774,salaried,tier_3,0.1707,8619,15
b,44.42,0.5,u,g,m,v,10.73,t,f,0,f,s,400,0,0,570,42609,11963,salaried,tier_2,0.2808,30646,131
b,40.06,3.29,u,g,m,v,3.69,f,f,0,t,s,400,0,0,432,11911,2373,freelancer,tier_2,0.1992,9538,64
b,22.21,0.75,y,p,r,n,0.49,f,f,0,t,g,132,2,0,480,13256,1725,salaried,tier_3,0.1301,11531,5
b,35.07,25.125,u,g,x,h,1.66,t,t,1,t,g,515,500,1,632,96501,10722,self_employed,tier_1,0.1111,85779,34
b,18.59,3.0,u,g,k,v,0.22,f,f,0,t,g,160,40,0,315,22512,8185,freelancer,tier_1,0.3636,14327,19
b,26.04,0.58,u,g,c,v,0.24,t,t,7,t,g,96,5124,1,718,165139,61388,business,tier_2,0.3717,103751,9
a,18.66,10.21,u,g,ff,ff,0.36,f,f,0,f,g,0,50,0,645,12176,1081,salaried,tier_3,0.0888,11095,10
b,43.12,11.0,y,p,d,v,1.87,t,f,0,f,s,0,0,0,636,10881,4933,salaried,tier_3,0.4534,5948,35
a,29.27,1.665,u,g,ff,ff,0.0,f,f,0,f,g,340,1,0,531,26652,1325,business,tier_1,0.0497,25327,17
a,26.54,2.875,u,g,x,h,1.35,t,f,0,f,g,360,0,1,847,25083,6132,salaried,tier_1,0.2445,18951,20
a,61.74,16.5,u,g,q,v,10.58,t,f,0,t,g,21,10561,1,722,103129,11433,freelancer,tier_2,0.1109,91696,129
b,22.4,2.5,u,g,c,v,0.59,t,t,11,t,g,60,2184,1,882,24706,3401,self_employed,tier_3,0.1377,21305,30
b,26.31,0.25,u,g,i,bb,0.0,t,f,0,t,g,0,0,1,743,82395,711,self_employed,tier_2,0.0086,81684,20
b,28.72,6.5,u,g,cc,v,3.23,t,t,8,f,g,330,1200,1,637,109886,2385,salaried,tier_3,0.0217,107501,47
a,36.15,1.0,u,g,c,v,2.13,t,t,11,f,g,0,456,1,650,53140,5837,freelancer,tier_2,0.1098,47303,45
b,24.75,12.5,y,p,k,h,1.23,f,f,0,t,g,0,17,0,339,22040,1033,business,tier_3,0.0469,21007,30
b,44.54,0.5,u,g,i,h,4.62,t,f,0,t,g,320,0,1,694,110165,6735,self_employed,tier_1,0.0611,103430,68
b,60.26,1.54,u,g,q,v,0.0,t,f,0,t,g,260,0,1,818,157695,24123,salaried,tier_2,0.153,133572,14
b,31.98,3.0,u,g,d,v,0.52,f,f,0,t,g,120,0,0,582,19063,7588,freelancer,tier_3,0.398,11475,14
b,32.66,5.5,u,g,q,h,5.87,t,t,12,t,g,408,1000,1,736,47944,5016,salaried,tier_1,0.1046,42928,76
b,26.5,12.5,u,g,aa,v,3.17,t,f,0,t,s,20,0,1,857,55689,16256,business,tier_1,0.2919,39433,56
a,33.6,3.75,u,g,ff,ff,0.16,f,t,6,f,g,0,200,0,318,32028,9360,salaried,tier_3,0.2922,22668,1
b,49.34,3.5,u,g,aa,v,3.6,t,f,0,f,s,230,0,1,640,44188,9056,self_employed,tier_2,0.2049,35132,46
b,31.68,2.5,y,p,w,v,6.7,f,f,0,t,g,280,0,0,535,24308,5203,salaried,tier_3,0.214,19105,88
b,18.0,9.5,u,g,w,v,1.43,t,f,0,f,g,120,2206,1,760,111591,30466,business,tier_3,0.273,81125,33
b,38.66,6.21,u,g,q,v,0.24,t,t,1,f,g,200,300,1,900,21603,4183,business,tier_2,0.1936,17420,2
b,31.73,2.5,u,g,cc,h,2.29,f,f,0,t,s,340,0,0,338,45536,3964,business,tier_3,0.0871,41572,33
a,22.62,1.835,u,g,j,j,0.0,f,t,1,f,g,200,53,0,333,42149,470,salaried,tier_1,0.0112,41679,9
b,31.66,0.5,u,g,c,v,2.2,t,t,11,f,g,32,540,1,681,51970,15615,salaried,tier_1,0.3005,36355,43
b,26.85,2.0,u,g,d,v,1.09,f,f,0,t,g,80,0,0,630,37246,14467,salaried,tier_3,0.3884,22779,36
a,62.17,0.165,u,g,ff,ff,0.0,t,t,1,f,g,232,100,1,864,138695,5165,business,tier_2,0.0372,133530,0
b,23.04,12.125,u,g,c,v,3.45,f,t,2,t,g,180,173,0,482,45304,5579,self_employed,tier_1,0.1231,39725,45
b,21.44,0.75,u,g,m,v,0.92,t,f,0,t,s,320,0,0,502,11273,4994,business,tier_1,0.443,6279,34
b,49.74,0.205,y,p,k,v,0.0,t,t,11,f,g,380,2732,1,730,37892,11256,self_employed,tier_1,0.2971,26636,14
b,25.34,2.71,y,p,cc,v,5.25,t,t,1,f,g,211,0,1,714,48396,10560,self_employed,tier_1,0.2182,37836,64
b,20.88,11.5,u,g,i,v,0.46,t,f,0,t,g,100,68,0,334,26753,9652,self_employed,tier_1,0.3608,17101,5
b,23.13,2.335,u,g,k,v,0.66,f,f,0,f,g,180,0,0,564,25596,10737,freelancer,tier_2,0.4195,14859,23
b,32.15,0.5,u,g,d,h,0.42,f,f,0,t,s,252,0,0,703,25331,6848,business,tier_1,0.2703,18483,8
b,33.74,3.0,u,g,cc,h,7.3,t,f,0,t,g,0,0,1,900,39995,12549,salaried,tier_2,0.3138,27446,94
b,31.24,1.835,u,g,c,h,3.9,t,f,0,f,g,260,200,1,857,33625,14557,self_employed,tier_1,0.4329,19068,67
b,37.18,0.705,u,g,c,v,0.0,f,t,2,f,g,225,500,0,639,17228,1373,business,tier_2,0.0797,15855,1
b,41.81,3.29,u,g,m,v,3.04,f,f,0,t,s,400,0,0,406,11438,2525,freelancer,tier_2,0.2208,8913,59
b,36.96,3.79,u,g,w,v,1.07,t,f,0,t,g,200,0,0,528,40246,2321,salaried,tier_1,0.0577,37925,31
b,58.27,2.75,u,g,w,v,1.97,t,t,5,t,g,60,58,1,741,73664,25547,salaried,tier_3,0.3468,48117,29
b,18.0,2.0,u,g,i,v,1.2,t,t,2,f,g,120,300,1,815,83548,22153,business,tier_1,0.2652,61395,20
a,18.0,10.0,u,g,w,v,1.15,f,t,1,f,g,120,1,0,325,12019,2508,salaried,tier_1,0.2087,9511,18
b,23.95,2.0,u,g,e,dd,0.35,f,t,2,f,g,320,1300,0,613,30069,1169,business,tier_2,0.0389,28900,10
a,22.31,1.5,u,g,w,v,0.63,f,f,0,t,g,160,0,0,613,22287,7391,self_employed,tier_2,0.3316,14896,21
b,41.5,2.25,y,p,x,h,10.1,t,f,0,t,g,176,0,0,618,34344,10060,self_employed,tier_1,0.2929,24284,140
b,33.81,0.04,y,p,m,v,0.22,f,f,0,f,g,0,0,0,453,27749,3445,salaried,tier_2,0.1241,24304,24
b,42.3,11.0,y,p,d,v,1.47,t,f,0,f,s,0,0,0,662,10464,4136,salaried,tier_3,0.3953,6328,19
b,20.16,0.0,u,g,d,v,0.34,f,f,0,f,g,144,0,0,458,41957,2588,self_employed,tier_1,0.0617,39369,15
a,22.96,7.0,u,g,c,v,0.28,f,f,0,f,g,160,0,0,570,12343,524,salaried,tier_2,0.0425,11819,19
b,48.99,6.5,u,g,c,v,1.48,f,f,0,t,g,0,228,0,579,17541,3796,salaried,tier_1,0.2164,13745,31
b,30.35,0.5,u,g,d,h,0.01,f,f,0,t,s,252,0,0,692,24416,6243,business,tier_1,0.2557,18173,5
b,18.0,2.75,u,g,aa,v,0.56,f,t,1,f,g,80,21,0,553,32565,2167,business,tier_2,0.0665,30398,15
b,22.97,2.5,u,g,c,v,1.05,t,t,11,t,g,60,2184,1,862,22717,3685,self_employed,tier_3,0.1622,19032,28
b,36.25,4.0,u,g,c,bb,4.58,t,f,0,t,s,280,0,0,463,43843,14194,salaried,tier_1,0.3237,29649,61
b,31.89,2.165,u,g,c,v,1.55,f,f,0,f,p,120,0,0,497,26115,3191,salaried,tier_3,0.1222,22924,35
b,22.38,11.5,u,g,i,v,0.24,f,f,0,f,g,0,0,0,539,11708,1067,business,tier_1,0.0911,10641,12
a,39.04,10.0,u,g,q,h,1.37,t,f,0,f,g,29,837,1,891,148111,60345,salaried,tier_2,0.4074,87766,29
b,23.95,0.415,y,p,c,v,0.01,f,t,2,f,g,128,6,0,525,37079,3530,freelancer,tier_2,0.0952,33549,18
b,38.4,1.625,u,g,c,v,1.0,t,t,10,f,g,186,4700,1,853,37647,5350,self_employed,tier_3,0.1421,32297,31
a,57.21,0.335,u,g,i,bb,0.9,t,f,0,t,g,252,2197,0,437,18069,6245,salaried,tier_2,0.3456,11824,16
a,23.46,1.25,u,g,ff,ff,0.0,t,f,0,f,g,80,0,0,313,37850,12831,freelancer,tier_2,0.339,25019,4
a,20.65,9.0,u,g,aa,v,0.27,t,t,2,f,g,88,591,1,887,25720,1480,self_employed,tier_3,0.0575,24240,24
b,59.41,7.04,u,g,m,v,14.32,t,t,6,t,g,360,1332,1,837,114872,34252,salaried,tier_2,0.2982,80620,180
b,18.76,1.25,y,p,k,v,0.54,f,f,0,f,g,140,4,0,655,29417,1371,salaried,tier_1,0.0466,28046,20
b,33.79,1.335,u,g,i,bb,0.0,f,f,0,t,g,440,4500,0,608,20271,1102,salaried,tier_2,0.0544,19169,7
a,19.95,0.165,u,g,q,v,0.08,f,f,0,t,g,380,0,0,573,23837,3419,business,tier_2,0.1434,20418,2
b,19.46,4.125,y,p,i,h,0.0,f,f,0,f,g,140,100,0,670,25992,10851,salaried,tier_2,0.4175,15141,2
a,21.84,5.665,u,g,q,v,2.58,t,t,7,f,g,129,3257,1,859,68345,15905,salaried,tier_2,0.2327,52440,51
b,23.58,1.25,u,g,c,v,0.19,f,f,0,f,g,110,0,0,472,39024,11252,self_employed,tier_3,0.2883,27772,22
a,25.74,0.5,u,g,q,h,1.02,t,t,1,f,g,0,678,1,868,22897,6343,business,tier_2,0.277,16554,12
a,48.66,0.75,u,g,q,h,2.95,t,t,1,f,g,333,892,1,752,85006,35102,salaried,tier_2,0.4129,49904,38
b,48.9,0.205,y,p,k,v,0.0,t,t,11,f,g,380,2732,1,707,39357,12433,self_employed,tier_1,0.3159,26924,20
b,18.16,6.75,y,p,m,v,0.0,f,f,0,f,g,140,0,0,566,33094,8111,business,tier_2,0.2451,24983,10
a,55.05,0.165,u,g,ff,ff,0.27,f,f,0,t,s,62,27,0,643,32180,6276,salaried,tier_1,0.195,25904,5
b,35.4,2.165,u,g,c,v,1.67,f,f,0,f,p,120,0,0,522,22508,2655,salaried,tier_3,0.118,19853,25
a,42.21,7.54,y,p,q,h,8.0,t,t,14,f,g,0,2300,1,796,132916,31638,salaried,tier_2,0.238,101278,116
b,30.92,3.0,u,g,d,v,0.13,f,f,0,t,g,120,0,0,616,15665,7494,freelancer,tier_3,0.4784,8171,23
a,31.89,2.5,y,p,c,v,2.5,f,f,0,t,g,0,2,0,684,19209,1906,business,tier_1,0.0992,17303,41
b,55.54,15.5,u,g,e,z,0.0,t,t,20,f,g,152,130,0,370,33859,5920,business,tier_2,0.1748,27939,9
a,18.0,11.0,u,g,x,h,0.89,t,t,11,f,g,0,3000,1,751,97916,26457,salaried,tier_3,0.2702,71459,19
a,58.99,5.0,u,g,aa,v,4.0,t,t,4,f,g,0,99,1,865,31000,999,freelancer,tier_2,0.0322,30001,71
b,28.17,1.835,u,g,c,h,4.36,t,f,0,f,g,260,200,1,836,35130,13179,self_employed,tier_1,0.3751,21951,58
b,46.55,8.5,u,g,cc,h,14.19,t,t,1,t,g,88,2000,1,779,33412,2547,salaried,tier_2,0.0762,30865,175
b,26.81,0.58,u,g,c,v,0.5,t,t,7,t,g,96,5124,1,723,144367,48189,business,tier_2,0.3338,96178,28
b,28.35,15.0,u,g,c,h,5.21,t,t,11,f,g,0,2283,1,876,77729,22926,salaried,tier_3,0.2949,54803,71
b,30.81,13.0,u,g,d,h,0.41,f,f,0,f,g,228,0,0,365,31968,4529,self_employed,tier_2,0.1417,27439,22
b,31.62,1.125,u,g,ff,ff,0.0,f,t,1,f,g,96,19,0,625,35327,9624,self_employed,tier_3,0.2724,25703,19
b,26.3,1.71,u,g,x,v,1.7,t,t,1,t,g,395,20,1,827,21516,11320,business,tier_1,0.5261,10196,22
a,18.0,9.0,u,g,aa,v,1.33,t,f,0,t,g,0,0,1,709,57414,14565,salaried,tier_1,0.2537,42849,15
b,70.0,19.0,y,p,ff,ff,0.43,f,t,2,f,g,0,351,0,642,16556,568,salaried,tier_1,0.0343,15988,22
a,18.56,9.5,u,g,w,v,1.82,t,t,6,t,g,40,600,1,710,129922,30852,salaried,tier_2,0.2375,99070,30
a,35.83,1.0,u,g,c,v,2.4,t,t,11,f,g,0,456,1,646,45348,5938,freelancer,tier_2,0.1309,39410,33
b,33.37,1.04,u,g,r,h,6.71,t,f,0,t,g,164,31285,1,844,43084,1475,salaried,tier_3,0.0342,41609,102
a,20.84,11.25,y,p,x,h,1.22,t,t,4,f,g,0,321,1,900,33864,7240,freelancer,tier_1,0.2138,26624,15
b,46.22,0.5,u,g,m,v,10.89,t,f,0,f,s,400,0,0,556,43628,16228,salaried,tier_2,0.372,27400,133
b,22.56,1.79,u,g,c,v,1.0,f,f,0,t,g,136,1,0,697,28571,4964,business,tier_1,0.1737,23607,33
b,24.96,0.835,u,g,cc,v,0.82,f,f,0,f,g,100,0,0,676,11799,1117,freelancer,tier_3,0.0947,10682,22
b,20.11,1.25,y,p,k,v,0.0,f,f,0,f,g,140,4,0,653,31580,1574,salaried,tier_1,0.0498,30006,13
b,32.82,5.5,u,g,q,h,5.58,t,t,12,t,g,408,1000,1,742,50133,5656,salaried,tier_1,0.1128,44477,67
a,47.01,0.75,u,g,q,h,3.23,t,t,1,f,g,333,892,1,745,110843,26291,salaried,tier_2,0.2372,84552,58
b,61.17,14.5,u,g,ff,ff,17.92,t,t,15,t,g,0,1000,1,818,27745,6243,self_employed,tier_3,0.225,21502,221
a,19.24,5.415,u,g,i,h,0.0,f,f,0,f,g,80,484,0,530,15353,4117,salaried,tier_2,0.2682,11236,11
a,21.27,3.0,u,g,aa,v,0.06,t,f,0,f,g,100,0,1,825,108341,10834,salaried,tier_1,0.1,97507,6
a,49.06,1.335,u,g,i,o,0.48,f,f,0,f,g,0,120,0,513,24705,7252,salaried,tier_3,0.2935,17453,28
b,18.0,0.165,u,g,d,v,0.07,f,f,0,t,s,280,0,0,643,13759,2377,salaried,tier_2,0.1728,11382,10
b,36.95,3.25,u,g,q,h,9.21,t,f,0,t,g,102,639,1,846,49748,14884,salaried,tier_1,0.2992,34864,131
a,30.04,1.0,u,g,q,v,1.48,t,t,2,t,g,167,500,0,665,28651,1948,salaried,tier_2,0.068,26703,34
b,18.74,1.25,y,p,c,h,1.77,t,t,3,t,g,140,210,0,673,12916,2210,self_employed,tier_3,0.1711,10706,40
b,22.12,11.5,y,p,m,v,1.29,f,f,0,t,g,0,4000,0,551,36983,18477,salaried,tier_1,0.4996,18506,24
b,34.87,3.04,y,p,c,h,1.87,t,t,1,t,g,180,18027,1,883,50575,2402,business,tier_1,0.0475,48173,41
b,25.58,12.5,y,p,k,h,1.12,f,f,0,t,g,0,17,0,327,28691,1117,business,tier_3,0.0389,27574,31
b,36.0,5.5,u,g,i,bb,4.89,f,f,0,f,g,210,687,0,512,44290,16808,self_employed,tier_2,0.3795,27482,74
a,32.6,12.0,u,g,c,v,1.6,t,t,1,f,g,220,19,1,844,21980,10951,salaried,tier_2,0.4982,11029,28
a,39.97,6.5,u,g,q,v,0.76,t,t,3,t,g,145,0,1,900,106191,29596,business,tier_2,0.2787,76595,13
b,33.26,3.375,u,g,c,h,8.16,f,f,0,t,g,0,0,0,455,11444,1726,self_employed,tier_1,0.1508,9718,118
b,27.11,12.5,u,g,cc,v,1.59,t,t,67,t,g,140,258,1,724,42604,9119,salaried,tier_3,0.214,33485,27
a,26.22,3.0,u,g,q,h,2.26,t,t,19,f,g,0,500,1,838,145656,36780,business,tier_3,0.2525,108876,46
b,31.14,2.835,u,g,ff,ff,0.0,f,t,5,f,g,176,146,0,434,27612,2949,self_employed,tier_3,0.1068,24663,16
a,20.89,3.0,u,g,aa,v,0.53,t,f,0,f,g,100,0,1,860,109566,8769,salaried,tier_1,0.08,100797,11
b,22.84,9.75,u,g,c,v,0.46,t,f,0,f,g,140,0,0,503,28535,5261,salaried,tier_1,0.1844,23274,10
b,22.95,0.79,u,g,w,v,0.31,f,t,1,f,g,420,283,0,683,27456,7756,salaried,tier_2,0.2825,19700,7
a,25.14,8.665,u,g,aa,v,1.3,t,f,0,f,g,160,150,1,850,29756,3826,freelancer,tier_2,0.1286,25930,36
b,27.99,1.835,u,g,c,h,4.35,t,f,0,f,g,260,200,1,881,32982,14694,self_employed,tier_1,0.4455,18288,65
a,47.34,8.0,u,g,e,bb,6.32,t,t,6,f,g,375,51100,1,659,23058,6403,self_employed,tier_2,0.2777,16655,83
a,53.94,7.0,u,g,aa,h,3.12,f,f,0,f,g,0,0,0,522,11040,2323,salaried,tier_2,0.2104,8717,50
a,30.16,3.54,u,g,i,bb,0.09,t,f,0,t,g,171,0,0,300,34818,7499,freelancer,tier_2,0.2154,27319,3
b,36.82,3.375,u,g,c,h,8.41,f,f,0,t,g,0,0,0,458,10873,1895,self_employed,tier_1,0.1743,8978,109
b,22.52,3.0,y,p,d,v,0.86,t,t,8,t,g,160,1,1,744,35583,4986,salaried,tier_1,0.1401,30597,18
a,25.32,12.33,u,g,cc,h,3.02,t,t,6,f,g,400,458,1,731,23435,541,self_employed,tier_1,0.0231,22894,51
b,18.0,4.085,u,g,i,h,0.47,f,f,0,t,g,120,0,0,300,24380,3425,self_employed,tier_2,0.1405,20955,27
b,18.0,3.125,u,g,w,v,0.16,f,t,1,f,g,0,6,0,407,38522,1667,salaried,tier_2,0.0433,36855,12
b,30.63,1.415,u,g,w,h,0.68,t,t,1,f,g,240,100,1,811,111277,26476,salaried,tier_1,0.2379,84801,10
a,20.57,10.5,y,p,x,h,0.0,f,f,0,t,g,154,32,0,638,13459,2208,business,tier_2,0.1641,11251,10
b,31.02,5.5,u,g,q,h,5.89,t,t,12,t,g,408,1000,1,700,49894,5112,salaried,tier_1,0.1025,44782,92
b,44.95,3.0,u,g,q,h,6.11,t,t,11,f,g,80,0,1,689,47452,5227,business,tier_1,0.1102,42225,96
b,23.99,0.875,u,g,q,v,4.24,t,t,2,t,g,520,2000,1,782,132306,10340,salaried,tier_1,0.0782,121966,62
b,21.62,12.125,u,g,c,v,3.35,f,t,2,t,g,180,173,0,490,45440,6071,self_employed,tier_1,0.1336,39369,42
b,44.77,11.0,y,p,d,v,1.5,t,f,0,f,s,0,0,0,665,10416,3763,salaried,tier_3,0.3613,6653,39
b,24.87,0.875,u,g,q,v,4.19,t,t,2,t,g,520,2000,1,771,140894,10394,salaried,tier_1,0.0738,130500,62
b,21.92,2.5,u,g,ff,ff,0.19,f,f,0,t,g,100,4208,0,622,11273,105,salaried,tier_3,0.0093,11168,24
a,19.27,10.21,u,g,ff,ff,0.31,f,f,0,f,g,0,50,0,654,11353,1268,salaried,tier_3,0.1117,10085,3
b,30.16,2.085,u,g,c,v,0.33,f,f,0,f,g,300,0,0,533,35971,12351,business,tier_2,0.3434,23620,17
a,46.92,1.335,u,g,i,o,0.04,f,f,0,f,g,0,120,0,544,27123,8730,salaried,tier_3,0.3219,18393,20
b,22.96,11.625,y,p,w,v,1.2,t,f,0,t,g,160,300,1,789,44337,11244,salaried,tier_2,0.2536,33093,25
b,29.09,0.125,y,p,k,v,0.0,f,f,0,f,g,216,2100,0,456,41618,13485,business,tier_2,0.324,28133,23
a,18.78,0.5,u,g,i,v,0.61,f,t,6,t,g,240,35,0,322,22178,9125,salaried,tier_3,0.4114,13053,10
b,28.49,0.625,u,g,aa,v,0.03,t,f,0,t,g,200,0,0,391,10453,2781,salaried,tier_3,0.266,7672,20
b,26.76,12.0,u,g,k,v,2.24,t,t,2,t,g,120,5,0,650,33684,1080,business,tier_2,0.0321,32604,27
b,21.64,2.5,u,g,c,v,1.18,t,t,11,t,g,60,2184,1,897,22675,4023,self_employed,tier_3,0.1774,18652,20
b,37.2,1.75,u,g,k,v,0.25,f,f,0,t,g,300,2,0,455,32891,1571,self_employed,tier_2,0.0478,31320,25
b,27.9,2.0,u,g,x,h,1.27,t,t,4,f,g,140,7544,1,696,76004,16605,self_employed,tier_2,0.2185,59399,32
b,33.66,4.04,y,p,i,bb,8.63,t,t,7,t,g,195,0,1,766,30567,8851,salaried,tier_1,0.2896,21716,123
a,31.31,5.29,u,g,e,dd,1.77,t,t,5,t,g,99,500,1,741,28415,9488,salaried,tier_2,0.3339,18927,25
b,38.94,10.125,y,p,k,v,0.23,f,f,0,f,g,160,0,0,681,27722,10515,self_employed,tier_3,0.3793,17207,15
b,51.46,19.0,u,g,ff,ff,0.0,t,t,1,f,g,94,0,0,485,27697,9690,salaried,tier_2,0.3499,18007,21
b,37.44,0.705,u,g,c,v,0.07,f,t,2,f,g,225,500,0,656,16211,1190,business,tier_2,0.0734,15021,6
b,36.11,0.42,y,p,w,v,0.79,f,f,0,t,g,309,2,0,635,13274,2380,business,tier_3,0.1793,10894,14
b,18.0,0.165,u,g,q,n,0.61,f,f,0,f,g,200,40,1,884,42698,1125,salaried,tier_1,0.0263,41573,25
b,47.04,3.75,u,g,i,bb,0.79,f,f,0,f,g,100,2,0,328,18063,2275,salaried,tier_1,0.1259,15788,22
b,32.03,0.83,u,g,x,v,1.38,t,t,8,t,g,303,3290,1,856,27020,9333,salaried,tier_2,0.3454,17687,35
b,54.6,15.5,u,g,e,z,0.0,t,t,20,f,g,152,130,0,393,33913,5737,business,tier_2,0.1692,28176,10
b,28.46,14.5,u,g,d,v,0.4,f,f,0,f,g,0,286,0,619,33682,10553,salaried,tier_1,0.3133,23129,15
a,23.03,0.585,y,p,ff,ff,0.56,f,f,0,f,g,120,87,0,380,13150,84,salaried,tier_3,0.0064,13066,8
a,20.57,8.46,y,p,x,v,2.32,f,f,0,f,g,164,0,1,900,111645,4717,salaried,tier_2,0.0422,106928,27
a,27.26,1.25,u,g,ff,ff,0.31,f,t,1,f,g,92,300,0,300,27292,376,salaried,tier_1,0.0138,26916,14
b,33.76,4.25,u,g,i,bb,3.25,t,t,2,f,g,274,610,1,795,32733,13270,business,tier_3,0.4054,19463,45
b,21.09,0.0,u,g,k,v,0.9,f,t,11,f,s,0,0,0,543,16860,5804,business,tier_1,0.3442,11056,33
b,20.56,7.5,u,g,aa,v,1.85,t,t,1,f,g,80,9800,1,782,96311,7151,salaried,tier_2,0.0742,89160,34
a,22.53,0.79,y,p,q,v,1.51,t,t,2,t,g,80,400,1,663,145199,10491,self_employed,tier_2,0.0723,134708,24
b,18.0,4.0,y,p,w,v,1.72,t,t,2,t,g,120,1000,1,723,101336,3075,salaried,tier_2,0.0303,98261,31
b,30.61,4.0,y,p,cc,v,1.67,f,f,0,t,g,120,0,0,619,16163,7092,salaried,tier_3,0.4388,9071,27
a,29.61,1.75,y,p,k,v,1.01,f,f,0,t,g,280,0,0,417,19032,3173,self_employed,tier_1,0.1667,15859,27
a,31.44,12.0,u,g,c,v,1.82,t,t,1,f,g,220,19,1,838,22506,10062,salaried,tier_2,0.4471,12444,42
b,24.44,1.5,u,g,d,h,2.31,t,t,6,f,g,200,327,1,687,70731,23254,business,tier_2,0.3288,47477,38
b,35.3,0.08,y,p,m,bb,0.22,t,t,1,t,g,280,2000,1,864,150150,43174,salaried,tier_3,0.2875,106976,16
a,28.39,3.54,u,g,i,bb,0.83,t,f,0,t,g,171,0,0,339,43557,7639,freelancer,tier_2,0.1754,35918,23
a,22.5,11.25,y,p,x,h,0.52,t,t,4,f,g,0,321,1,900,37514,10297,freelancer,tier_1,0.2745,27217,17
b,40.41,2.5,y,p,i,h,10.04,f,f,0,t,s,200,0,0,375,18785,1955,business,tier_3,0.1041,16830,132
a,38.46,1.5,u,g,ff,ff,0.47,f,f,0,f,g,76,0,0,628,26901,6753,self_employed,tier_2,0.251,20148,15
b,28.64,1.0,y,p,d,h,2.82,f,f,0,f,g,176,537,0,305,40564,8985,salaried,tier_1,0.2215,31579,36
b,34.99,3.165,u,g,x,h,3.41,t,f,0,t,g,680,0,0,411,21905,3860,salaried,tier_3,0.1762,18045,62
b,40.25,5.0,u,g,c,v,5.01,t,t,7,f,g,0,3065,1,731,144481,28673,business,tier_3,0.1985,115808,67
a,23.71,0.335,u,g,q,v,0.64,f,f,0,f,s,160,0,0,535,38962,8047,salaried,tier_1,0.2065,30915,18
a,28.28,1.75,y,p,k,v,0.91,f,f,0,t,g,280,0,0,453,15514,3499,self_employed,tier_1,0.2255,12015,28
b,25.52,0.835,u,g,cc,v,1.55,f,f,0,f,g,100,0,0,673,11186,1490,freelancer,tier_3,0.1332,9696,34
b,18.0,10.25,u,g,c,h,1.58,f,f,0,f,g,320,13,0,462,13640,1767,salaried,tier_2,0.1295,11873,33
b,21.02,0.79,y,p,cc,v,0.73,f,f,0,f,g,160,0,0,320,20449,5204,salaried,tier_3,0.2545,15245,22
a,21.59,0.75,u,g,c,v,2.27,f,t,2,t,g,200,394,0,322,28670,4450,business,tier_2,0.1552,24220,46
b,19.49,9.5,u,g,w,v,1.86,t,f,0,f,g,120,2206,1,729,86293,32004,business,tier_3,0.3709,54289,29
b,40.77,5.0,u,g,ff,ff,0.2,f,t,2,f,g,17,1,0,316,27111,8329,salaried,tier_3,0.3072,18782,15
b,27.82,4.25,u,g,cc,v,3.83,t,t,1,t,g,120,0,1,709,33868,573,salaried,tier_2,0.0169,33295,66
a,37.71,6.0,u,g,k,v,0.66,t,f,0,t,g,0,0,1,707,85075,9491,business,tier_1,0.1116,75584,10
a,20.88,9.25,y,p,c,v,0.57,t,t,4,t,g,80,500,1,874,44617,208,self_employed,tier_2,0.0047,44409,19
b,40.63,21.5,u,g,e,z,19.51,t,t,11,f,g,0,1200,1,837,80929,15128,self_employed,tier_2,0.1869,65801,245
b,38.77,1.71,u,g,x,v,0.0,t,t,5,t,g,480,0,1,697,22065,7603,self_employed,tier_3,0.3446,14462,8
a,20.26,9.25,y,p,c,v,0.89,t,t,4,t,g,80,500,1,900,57218,232,self_employed,tier_2,0.0041,56986,15
b,37.59,2.0,u,g,i,v,0.0,f,f,0,t,g,221,0,0,506,17360,6208,salaried,tier_1,0.3576,11152,9
a,27.08,8.665,u,g,aa,v,0.98,t,f,0,f,g,160,150,1,877,37889,3100,freelancer,tier_2,0.0818,34789,19
b,35.45,3.25,u,g,q,h,9.03,t,f,0,t,g,102,639,1,847,47638,13097,salaried,tier_1,0.2749,34541,121
b,18.7,3.54,y,p,ff,ff,0.0,f,f,0,t,g,180,1,0,501,31149,12441,salaried,tier_3,0.3994,18708,14
a,30.03,1.665,u,g,q,v,2.71,t,f,0,t,g,440,0,0,528,27228,703,salaried,tier_2,0.0258,26525,47
b,40.6,1.5,u,g,i,bb,0.0,f,f,0,f,s,300,0,0,412,10725,1484,business,tier_2,0.1384,9241,10
b,21.98,1.5,u,g,w,v,1.84,f,f,0,f,g,150,8,1,804,113141,1486,salaried,tier_2,0.0131,111655,26
b,40.93,5.0,u,g,c,v,5.45,t,t,7,f,g,0,3065,1,738,168794,23137,business,tier_3,0.1371,145657,81
b,32.45,1.5,y,p,w,v,0.26,f,f,0,f,s,160,0,0,521,27906,5783,freelancer,tier_2,0.2072,22123,20
b,34.39,3.165,u,g,x,h,3.98,t,f,0,t,g,680,0,0,400,25940,5458,salaried,tier_3,0.2104,20482,48
a,20.63,10.0,u,g,c,h,1.43,t,t,4,f,g,50,1465,1,843,54624,12631,business,tier_1,0.2312,41993,20
b,32.66,5.25,u,g,w,v,0.0,f,f,0,t,g,290,6,1,900,43535,589,salaried,tier_2,0.0135,42946,9
a,29.34,3.75,u,g,c,v,0.74,f,t,1,t,g,40,154,0,521,17107,7510,self_employed,tier_1,0.439,9597,28
b,30.18,13.0,u,g,d,h,0.77,f,f,0,f,g,228,0,0,397,28323,6069,self_employed,tier_2,0.2143,22254,26
b,25.84,13.75,u,g,w,v,5.98,t,f,0,t,g,487,500,1,737,52034,10634,salaried,tier_2,0.2044,41400,83
b,36.87,5.5,u,g,i,bb,4.86,f,f,0,f,g,210,687,0,555,38271,15492,self_employed,tier_2,0.4048,22779,61
b,22.74,0.0,u,g,k,v,1.05,f,t,11,f,s,0,0,0,507,16101,4635,business,tier_1,0.2879,11466,23
b,47.0,4.25,u,g,m,v,0.28,t,f,0,t,g,225,0,1,787,51447,15341,freelancer,tier_2,0.2982,36106,8
b,24.68,11.25,u,g,c,v,2.62,t,t,17,f,g,200,1208,1,798,164147,10008,freelancer,tier_1,0.061,154139,39
b,47.28,4.25,u,g,m,v,0.33,t,f,0,t,g,225,0,1,775,48231,12048,freelancer,tier_2,0.2498,36183,19
a,21.91,1.25,y,p,ff,ff,2.83,f,f,0,f,g,280,0,0,678,10676,1919,business,tier_2,0.1797,8757,51
b,21.79,9.0,u,g,aa,v,0.0,f,f,0,f,g,0,0,0,579,16362,1076,salaried,tier_2,0.0658,15286,23
a,20.7,0.75,u,g,c,v,0.73,t,t,5,t,g,140,5,0,697,36849,9320,self_employed,tier_3,0.2529,27529,16
b,34.27,3.165,y,p,x,v,2.93,t,t,3,t,g,380,0,1,831,46998,9019,salaried,tier_3,0.1919,37979,41
b,28.68,0.875,u,g,m,v,0.63,t,t,3,t,g,396,0,1,746,156425,30208,self_employed,tier_3,0.1931,126217,11
a,21.59,9.0,u,g,q,v,8.14,t,t,5,t,g,120,0,1,702,36059,791,salaried,tier_1,0.0219,35268,106
b,26.89,3.0,u,g,c,v,1.12,f,t,1,f,g,0,22,0,466,42352,5931,self_employed,tier_2,0.14,36421,20
b,18.0,3.0,u,g,k,v,0.03,f,f,0,t,g,160,40,0,344,23968,8689,freelancer,tier_1,0.3625,15279,17
b,34.39,5.0,u,g,c,bb,2.06,t,t,6,f,g,0,367,1,700,54859,212,salaried,tier_2,0.0039,54647,43
b,33.95,5.5,u,g,q,h,5.95,t,t,12,t,g,408,1000,1,712,45561,4950,salaried,tier_1,0.1086,40611,91
b,18.88,0.25,u,g,q,v,0.39,f,f,0,f,g,200,0,0,300,39628,2800,salaried,tier_1,0.0707,36828,21
b,26.99,1.75,y,p,c,v,1.23,t,t,5,t,g,160,5777,1,792,81771,926,salaried,tier_3,0.0113,80845,37
b,57.29,8.5,u,g,e,h,6.67,t,t,3,f,g,0,0,1,830,67803,2628,salaried,tier_3,0.0388,65175,98
b,34.93,16.5,y,p,c,v,4.1,t,f,0,f,g,80,0,0,586,10595,1777,salaried,tier_2,0.1677,8818,62
b,44.06,4.915,y,p,w,v,3.19,t,f,0,t,g,52,1442,1,776,55755,12709,self_employed,tier_1,0.2279,43046,58
b,40.0,21.5,u,g,e,z,20.48,t,t,11,f,g,0,1200,1,858,71465,16881,self_employed,tier_2,0.2362,54584,255
b,41.13,4.625,u,g,q,v,4.83,t,f,0,f,s,0,0,1,872,79137,6100,salaried,tier_1,0.0771,73037,60
b,70.0,9.0,u,g,ff,ff,4.08,f,t,1,f,g,70,6,0,441,34304,784,self_employed,tier_3,0.0229,33520,69
a,37.1,12.0,u,g,q,h,14.35,t,t,8,f,g,0,6590,1,857,26425,8079,salaried,tier_1,0.3057,18346,190
b,22.24,9.75,u,g,c,v,0.0,t,f,0,f,g,140,0,0,507,28344,5116,salaried,tier_1,0.1805,23228,7
a,25.95,8.665,u,g,aa,v,0.93,t,f,0,f,g,160,150,1,867,30335,3143,freelancer,tier_2,0.1036,27192,32
b,22.54,0.875,u,g,q,v,4.82,t,t,2,t,g,520,2000,1,759,154941,12906,salaried,tier_1,0.0833,142035,72
b,20.49,10.915,u,g,c,bb,0.18,f,t,2,t,g,200,7,0,611,36889,16892,freelancer,tier_2,0.4579,19997,5
b,56.88,2.71,u,g,c,v,2.03,f,f,0,t,g,320,0,0,492,38641,15672,freelancer,tier_3,0.4056,22969,42
b,19.35,4.125,y,p,i,h,0.28,f,f,0,f,g,140,100,0,624,26225,9256,salaried,tier_2,0.3529,16969,15
a,49.15,1.5,u,g,j,j,0.0,t,f,0,t,g,100,27,0,514,16094,2186,self_employed,tier_1,0.1358,13908,14
b,53.47,15.5,u,g,e,z,0.13,t,t,20,f,g,152,130,0,378,28181,5701,business,tier_2,0.2023,22480,24
a,20.95,11.585,u,g,cc,v,0.46,t,f,0,f,g,80,1349,1,695,131539,52771,salaried,tier_3,0.4012,78768,24
a,35.11,12.0,u,g,q,h,13.82,t,t,8,f,g,0,6590,1,899,28081,7184,salaried,tier_1,0.2558,20897,170
b,41.72,2.25,u,g,i,bb,0.47,t,f,0,f,g,560,0,0,550,15332,1320,salaried,tier_1,0.0861,14012,11
a,47.64,1.5,u,g,j,j,0.0,t,f,0,t,g,100,27,0,542,17912,1908,self_employed,tier_1,0.1065,16004,22
b,27.98,1.415,u,g,w,h,0.38,t,t,1,f,g,240,100,1,820,88697,27232,salaried,tier_1,0.307,61465,10
a,50.74,6.5,u,g,i,bb,2.65,f,f,0,t,g,73,0,0,441,11307,4649,salaried,tier_2,0.4112,6658,53
b,26.53,3.25,u,g,c,h,1.88,f,t,1,t,g,416,21,0,625,20300,5674,business,tier_1,0.2795,14626,43
b,30.91,0.75,y,p,c,v,0.0,f,f,0,f,g,240,0,0,494,26955,3707,business,tier_2,0.1375,23248,21
a,27.48,2.04,u,g,w,v,0.07,f,f,0,t,g,180,50,0,397,20515,1604,business,tier_2,0.0782,18911,14
a,30.7,12.0,u,g,c,v,2.21,t,t,1,f,g,220,19,1,892,22793,7934,salaried,tier_2,0.3481,14859,47
b,26.38,0.875,u,g,m,v,1.33,t,t,3,t,g,396,0,1,753,160870,31359,self_employed,tier_3,0.1949,129511,36
b,26.11,1.0,y,p,d,h,3.28,f,f,0,f,g,176,537,0,334,40560,8610,salaried,tier_1,0.2123,31950,42
b,36.36,6.5,u,g,m,h,4.28,t,t,12,t,g,93,0,1,635,27883,884,salaried,tier_3,0.0317,26999,56
a,21.93,1.75,y,p,j,j,0.0,f,f,0,f,g,160,0,0,526,30485,2306,freelancer,tier_2,0.0756,28179,10
b,43.79,4.625,u,g,q,v,4.79,t,f,0,f,s,0,0,1,897,75777,4562,salaried,tier_1,0.0602,71215,72
a,57.25,4.25,y,p,ff,ff,4.86,f,f,0,t,g,0,4,0,614,36345,7675,business,tier_2,0.2112,28670,62
a,57.99,21.0,u,g,i,bb,9.59,t,t,13,f,g,0,6700,1,681,89986,73,self_employed,tier_3,0.0008,89913,131
a,23.72,13.5,y,p,ff,ff,2.34,f,t,1,t,g,200,1,0,337,28123,3772,business,tier_2,0.1341,24351,42
b,37.29,5.5,u,g,i,bb,4.84,f,f,0,f,g,210,687,0,554,37934,13544,self_employed,tier_2,0.357,24390,67
b,23.04,1.79,u,g,c,v,0.26,f,f,0,t,g,136,1,0,671,28848,4682,business,tier_1,0.1623,24166,16
b,56.86,11.5,u,g,ff,ff,5.37,t,t,5,f,g,0,8851,1,721,80846,20456,salaried,tier_1,0.253,60390,72
b,18.0,0.25,u,g,q,v,0.74,f,t,4,f,g,160,8,0,568,23791,3345,self_employed,tier_3,0.1406,20446,19
b,42.53,1.75,u,g,k,v,0.05,t,f,0,f,g,160,0,0,425,13627,2845,salaried,tier_3,0.2088,10782,21
b,44.71,0.375,y,p,c,v,0.23,t,t,8,t,g,300,162,1,819,26784,739,salaried,tier_1,0.0276,26045,13
b,28.68,0.75,u,g,c,h,4.33,t,t,3,t,g,312,150,1,695,36023,13942,salaried,tier_1,0.387,22081,62
b,18.0,0.75,u,g,c,v,1.98,t,t,5,t,g,352,690,1,698,167140,47878,freelancer,tier_1,0.2865,119262,36
a,23.05,1.835,u,g,j,j,0.0,f,t,1,f,g,200,53,0,363,34595,474,salaried,tier_1,0.0137,34121,11
b,31.39,2.5,u,g,c,v,1.34,f,f,0,t,g,280,0,0,534,11125,3218,business,tier_3,0.2893,7907,36
a,24.49,6.165,u,g,aa,v,0.62,f,f,0,f,g,220,1000,0,368,11874,2558,salaried,tier_2,0.2154,9316,14
a,23.41,11.5,y,p,k,h,2.76,f,f,0,t,g,20,16,0,400,11017,1308,business,tier_2,0.1187,9709,33
b,31.68,1.0,u,g,x,v,1.16,t,t,7,t,g,340,4071,1,721,107317,38080,self_employed,tier_3,0.3548,69237,18
b,27.4,0.75,u,g,q,h,0.62,f,f,0,t,g,220,251,0,490,13509,3442,salaried,tier_2,0.2548,10067,21
b,41.51,0.29,y,p,cc,h,1.52,t,t,8,f,g,100,375,1,869,97713,21426,freelancer,tier_2,0.2193,76287,24
b,39.18,1.625,u,g,c,v,1.75,t,t,10,f,g,186,4700,1,817,33342,5054,self_employed,tier_3,0.1516,28288,37
a,18.0,0.375,u,g,c,v,0.74,f,f,0,f,g,120,18,0,670,13661,1926,salaried,tier_1,0.141,11735,23
b,33.35,5.5,y,p,c,v,1.74,f,f,0,t,g,60,0,0,554,39338,3725,self_employed,tier_1,0.0947,35613,33
b,18.0,5.5,u,g,k,v,0.8,t,f,0,f,g,80,0,1,818,149507,27755,self_employed,tier_3,0.1856,121752,14
b,32.52,1.585,u,g,d,v,0.33,f,f,0,t,s,0,0,0,377,38219,1955,self_employed,tier_1,0.0512,36264,5
b,23.17,11.0,u,g,cc,v,0.88,t,f,0,f,g,100,0,1,675,39300,8908,salaried,tier_1,0.2267,30392,12
b,41.94,3.29,u,g,m,v,3.81,f,f,0,t,s,400,0,0,422,12248,2824,freelancer,tier_2,0.2306,9424,52
b,20.14,0.835,y,p,c,v,1.86,f,f,0,t,s,240,0,0,565,19415,3548,salaried,tier_2,0.1827,15867,44
b,39.96,1.75,u,g,k,v,0.17,f,f,0,t,g,300,2,0,474,32806,1688,self_employed,tier_2,0.0515,31118,23
b,28.11,0.125,y,p,k,v,0.0,f,f,0,f,g,216,2100,0,454,38102,13523,business,tier_2,0.3549,24579,2
b,24.13,0.58,u,g,c,v,0.37,t,t,7,t,g,96,5124,1,690,147016,42813,business,tier_2,0.2912,104203,24
b,29.5,2.085,u,g,c,v,0.56,f,f,0,f,g,300,0,0,577,44181,8494,business,tier_2,0.1923,35687,25
b,18.21,0.0,u,g,q,v,0.99,f,f,0,f,g,160,1,0,668,28769,507,salaried,tier_2,0.0176,28262,13
a,21.05,0.415,u,g,i,v,0.27,f,f,0,t,s,144,0,0,608,27204,4867,salaried,tier_3,0.1789,22337,26
a,51.82,13.585,u,g,k,h,8.54,t,f,0,t,g,0,0,1,854,113229,6510,freelancer,tier_1,0.0575,106719,121
a,18.0,9.54,u,g,aa,v,0.0,t,f,0,f,g,100,0,1,799,77772,21152,salaried,tier_2,0.272,56620,0
a,32.84,1.625,u,g,d,v,0.2,f,f,0,t,g,0,0,0,568,19304,4957,salaried,tier_2,0.2568,14347,23
a,43.98,6.665,u,g,q,v,7.36,t,t,3,t,g,0,0,1,674,27288,8342,business,tier_3,0.3057,18946,99
b,33.7,4.04,y,p,i,bb,8.46,t,t,7,t,g,195,0,1,759,38622,7886,salaried,tier_1,0.2042,30736,113
b,21.46,0.0,u,g,c,v,0.52,f,f,0,t,s,0,0,0,363,11622,539,self_employed,tier_3,0.0464,11083,8
b,21.68,2.5,u,g,c,v,1.54,t,t,11,t,g,60,2184,1,900,21634,4018,self_employed,tier_3,0.1857,17616,24
b,19.06,0.205,u,g,aa,v,0.14,f,f,0,f,g,280,750,0,439,24264,7159,self_employed,tier_3,0.295,17105,15
b,19.58,9.96,u,g,e,dd,0.11,t,f,0,f,g,0,0,1,672,36824,2716,freelancer,tier_1,0.0738,34108,23
b,40.29,5.0,u,g,i,bb,0.0,f,f,0,f,g,550,0,0,677,39404,6893,self_employed,tier_3,0.1749,32511,8
a,61.44,16.5,u,g,q,v,11.5,t,f,0,t,g,21,10561,1,713,107468,11912,freelancer,tier_2,0.1108,95556,161
b,40.98,1.71,y,p,m,v,0.44,f,f,0,f,s,400,0,0,359,28712,12904,salaried,tier_1,0.4494,15808,5
a,58.92,2.0,u,g,ff,ff,6.88,f,t,1,f,g,0,10,0,572,12485,2443,salaried,tier_2,0.1957,10042,89
a,58.01,2.0,u,g,ff,ff,6.41,f,t,1,f,g,0,10,0,594,10871,2363,salaried,tier_2,0.2174,8508,97
b,33.05,1.75,u,g,x,h,4.5,t,t,4,t,g,253,857,1,682,107481,4925,salaried,tier_2,0.0458,102556,67
b,51.34,10.0,u,g,i,bb,0.02,t,t,11,f,g,0,1249,1,776,50685,11577,business,tier_2,0.2284,39108,9
b,70.0,22.29,u,g,e,z,12.44,t,t,1,t,g,0,109,1,790,91121,25555,salaried,tier_1,0.2805,65566,157
b,24.76,12.625,u,g,c,v,0.31,f,t,2,f,g,0,5552,0,335,11250,4532,self_employed,tier_3,0.4028,6718,6
b,33.42,2.5,u,g,i,v,1.4,f,f,0,t,g,210,0,0,457,26864,958,salaried,tier_2,0.0357,25906,34
b,40.12,5.0,u,g,c,v,4.66,t,t,7,f,g,0,3065,1,724,149217,24722,business,tier_3,0.1657,124495,65
b,21.35,9.96,u,g,e,dd,0.0,t,f,0,f,g,0,0,1,702,32018,3095,freelancer,tier_1,0.0967,28923,10
b,34.15,4.25,u,g,i,bb,3.49,t,t,2,f,g,274,610,1,743,39906,13668,business,tier_3,0.3425,26238,41
b,29.16,3.5,u,g,c,v,0.0,f,f,0,f,g,216,0,0,642,42581,5263,salaried,tier_2,0.1236,37318,2
b,21.48,1.54,u,g,k,v,0.21,f,f,0,t,g,356,0,0,333,13645,3237,self_employed,tier_3,0.2372,10408,18
b,25.41,12.5,u,g,aa,v,3.2,t,f,0,t,s,20,0,1,849,48906,12869,business,tier_1,0.2631,36037,58
a,59.58,2.0,u,g,ff,ff,6.32,f,t,1,f,g,0,10,0,550,11910,1831,salaried,tier_2,0.1537,10079,96
b,29.64,0.75,y,p,c,v,0.36,f,f,0,f,g,240,0,0,516,33581,4614,business,tier_2,0.1374,28967,25
b,51.33,6.5,u,g,k,v,6.34,t,t,15,f,g,0,11202,1,693,25187,11481,business,tier_2,0.4558,13706,99
b,46.32,2.5,u,g,m,bb,2.87,t,t,12,t,g,410,2510,1,884,159327,4085,salaried,tier_1,0.0256,155242,52
b,20.09,0.54,y,p,x,v,0.3,t,t,1,t,g,840,59,1,675,23141,3326,business,tier_3,0.1437,19815,9
b,19.91,0.375,u,g,q,v,2.37,t,t,2,t,g,80,0,1,776,147602,20220,business,tier_3,0.137,127382,39
a,21.93,11.75,u,g,c,v,0.0,f,f,0,t,g,180,0,0,300,10644,3219,business,tier_1,0.3024,7425,6
b,26.57,0.585,y,p,cc,v,0.0,t,t,2,f,g,260,500,1,855,91179,7867,salaried,tier_3,0.0863,83312,17
a,29.36,1.665,u,g,q,v,2.01,t,f,0,t,g,440,0,0,516,25508,836,salaried,tier_2,0.0328,24672,33
b,39.13,10.125,u,g,x,v,2.44,t,t,6,f,g,520,196,1,900,30162,5718,salaried,tier_1,0.1896,24444,51
b,50.46,0.04,u,g,x,h,0.43,t,f,0,f,g,0,3000,1,807,40011,900,business,tier_1,0.0225,39111,16
b,22.46,2.5,u,g,c,v,1.05,t,t,11,t,g,60,2184,1,879,23067,3914,self_employed,tier_3,0.1697,19153,32
a,24.21,1.25,y,p,ff,ff,3.6,f,f,0,f,g,280,0,0,676,12587,1763,business,tier_2,0.1401,10824,56
a,36.83,2.5,u,g,i,h,0.04,f,f,0,f,g,260,246,0,565,19831,6012,self_employed,tier_1,0.3032,13819,12
b,18.0,0.0,y,p,aa,v,0.09,f,f,0,f,g,60,0,0,320,40607,7326,salaried,tier_3,0.1804,33281,19
b,20.48,0.835,y,p,c,v,2.4,f,f,0,t,s,240,0,0,579,16126,3157,salaried,tier_2,0.1958,12969,45
b,34.34,3.04,y,p,c,h,1.97,t,t,1,t,g,180,18027,1,860,53421,1936,business,tier_1,0.0362,51485,45
b,37.5,0.75,y,p,d,v,0.87,f,f,0,f,g,240,3,0,476,30902,6563,business,tier_2,0.2124,24339,25
b,29.0,5.0,u,g,w,v,10.74,t,f,0,t,g,70,0,1,900,106937,16595,salaried,tier_1,0.1552,90342,145
b,40.92,4.25,u,g,c,bb,6.95,t,t,16,f,g,117,1210,1,857,54046,16721,self_employed,tier_3,0.3094,37325,93
b,18.84,0.085,y,p,c,v,0.11,f,f,0,f,g,140,722,0,511,34278,1438,business,tier_3,0.042,32840,2
a,39.07,1.5,u,g,ff,ff,0.26,f,f,0,f,g,76,0,0,624,30662,5241,self_employed,tier_2,0.1709,25421,18
b,47.2,25.085,u,g,w,v,1.34,t,t,3,f,g,120,14,1,881,23812,8640,business,tier_1,0.3628,15172,28
b,22.67,2.5,u,g,ff,ff,0.08,f,f,0,t,g,100,4208,0,621,12534,118,salaried,tier_3,0.0094,12416,7
b,24.36,1.5,u,g,c,h,1.82,t,f,0,f,g,422,200,1,900,43526,4823,salaried,tier_1,0.1108,38703,34
a,47.85,0.75,u,g,q,h,3.13,t,t,1,f,g,333,892,1,724,111921,33818,salaried,tier_2,0.3022,78103,44
a,34.46,0.915,u,g,aa,v,0.3,t,t,4,f,g,0,1583,1,713,44290,20333,business,tier_1,0.4591,23957,17
a,18.0,9.25,y,p,c,v,0.8,t,t,4,t,g,80,500,1,890,47417,259,self_employed,tier_2,0.0055,47158,23
b,28.9,0.125,y,p,k,v,0.03,f,f,0,f,g,216,2100,0,466,43788,11033,business,tier_2,0.252,32755,10
b,35.17,5.5,u,g,i,bb,4.67,f,f,0,f,g,210,687,0,560,41167,14148,self_employed,tier_2,0.3437,27019,64
a,31.92,3.125,u,g,ff,ff,3.27,f,t,2,t,g,200,4,0,357,24202,7429,salaried,tier_2,0.307,16773,51
b,31.16,6.5,u,g,cc,v,2.81,t,t,8,f,g,330,1200,1,693,99203,2414,salaried,tier_3,0.0243,96789,52
b,31.83,0.75,y,p,aa,v,3.35,f,f,0,t,g,320,0,0,644,13276,1189,salaried,tier_2,0.0896,12087,40
b,26.5,0.125,y,p,k,v,0.25,f,f,0,f,g,216,2100,0,425,38080,11998,business,tier_2,0.3151,26082,7
b,23.32,1.25,u,g,c,v,0.23,f,f,0,f,g,110,0,0,443,44435,10185,self_employed,tier_3,0.2292,34250,2
b,61.38,12.75,y,p,c,h,5.24,t,f,0,f,g,112,0,0,351,26293,12795,salaried,tier_1,0.4866,13498,81
b,38.61,13.915,u,g,w,v,9.09,t,t,6,t,g,70,0,1,841,108303,13160,salaried,tier_2,0.1215,95143,115
b,34.93,1.08,u,g,m,v,0.78,f,f,0,f,s,28,0,0,679,13251,573,freelancer,tier_3,0.0432,12678,28
b,23.02,0.75,u,g,m,v,0.71,f,f,0,t,s,320,0,0,663,10854,3714,salaried,tier_3,0.3422,7140,13
b,24.73,0.875,u,g,k,v,0.11,f,t,2,t,g,174,3,0,415,24477,4013,salaried,tier_1,0.1639,20464,17
b,19.69,0.75,y,p,r,n,0.66,f,f,0,t,g,132,2,0,467,10795,2238,salaried,tier_3,0.2073,8557,17
b,35.02,3.79,u,g,w,v,0.7,t,f,0,t,g,200,0,0,511,42479,2225,salaried,tier_1,0.0524,40254,24
b,33.77,0.04,y,p,m,v,0.0,f,f,0,f,g,0,0,0,477,30318,3628,salaried,tier_2,0.1197,26690,14
b,21.7,0.25,u,g,d,h,0.48,t,f,0,t,g,0,0,1,790,78044,10816,salaried,tier_3,0.1386,67228,16
a,49.22,8.0,u,g,c,v,7.72,t,t,6,t,g,0,1260,1,656,22723,4852,salaried,tier_1,0.2135,17871,104
b,24.32,3.165,y,p,c,v,0.56,f,f,0,f,g,160,1058,0,554,16443,962,salaried,tier_1,0.0585,15481,28
b,42.13,1.04,u,g,w,v,5.24,t,t,6,t,g,500,10000,1,844,129367,37699,salaried,tier_3,0.2914,91668,74
b,25.41,12.5,u,g,w,v,1.35,t,f,0,t,g,260,0,0,493,23665,318,self_employed,tier_2,0.0134,23347,19
b,20.85,11.46,u,g,k,v,1.68,f,f,0,t,g,100,1212,0,355,12215,3021,salaried,tier_2,0.2473,9194,29
b,36.5,2.415,u,g,w,v,0.0,f,t,2,f,g,220,1,0,617,33221,7568,self_employed,tier_1,0.2278,25653,20
a,46.51,8.0,u,g,e,bb,6.33,t,t,6,f,g,375,51100,1,655,26251,5810,self_employed,tier_2,0.2213,20441,92
a,22.0,1.835,u,g,q,v,1.9,t,t,5,f,g,220,2503,1,862,49030,2894,business,tier_1,0.059,46136,45
a,23.75,1.125,u,g,q,v,1.12,t,t,2,f,g,200,0,0,554,45437,8601,freelancer,tier_1,0.1893,36836,26
a,32.34,3.75,u,g,cc,h,0.8,t,t,9,t,g,181,0,1,900,79933,7764,salaried,tier_3,0.0971,72169,30
b,31.98,0.25,u,g,i,bb,4.03,f,f,0,t,s,420,0,0,617,13548,3489,salaried,tier_3,0.2575,10059,67
b,22.85,10.5,u,g,c,v,2.89,t,f,0,t,g,0,0,1,849,75620,15803,freelancer,tier_2,0.209,59817,49
b,21.89,0.75,u,g,i,v,1.23,f,t,1,t,g,400,9,0,666,37106,8813,business,tier_2,0.2375,28293,22
b,36.87,5.0,u,g,c,bb,2.02,t,t,6,f,g,0,367,1,674,43292,240,salaried,tier_2,0.0055,43052,30
b,32.28,2.5,u,g,c,v,0.97,f,f,0,t,g,280,0,0,501,12813,4082,business,tier_3,0.3186,8731,30
b,35.8,3.79,u,g,w,v,0.77,t,f,0,t,g,200,0,0,511,35455,2179,salaried,tier_1,0.0615,33276,32
b,21.66,4.125,y,p,i,h,0.33,f,f,0,f,g,140,100,0,631,28224,8837,salaried,tier_2,0.3131,19387,20
b,42.71,2.25,y,p,x,h,9.61,t,f,0,t,g,176,0,0,631,30292,10690,self_employed,tier_1,0.3529,19602,118
a,28.84,12.0,u,g,c,v,2.22,t,t,1,f,g,220,19,1,851,25483,11415,salaried,tier_2,0.4479,14068,37
b,26.85,3.5,u,g,cc,v,0.51,t,t,7,f,g,0,7059,1,676,36056,12651,salaried,tier_2,0.3509,23405,12
b,18.0,0.75,u,g,c,v,1.32,t,t,5,t,g,352,690,1,690,134981,48705,freelancer,tier_1,0.3608,86276,31
b,21.4,9.25,u,g,c,v,1.98,t,t,3,t,g,40,28,1,710,24098,7913,business,tier_2,0.3284,16185,25
b,42.04,4.915,y,p,w,v,3.24,t,f,0,t,g,52,1442,1,787,51757,13756,self_employed,tier_1,0.2658,38001,38
b,26.06,0.835,u,g,cc,v,0.9,f,f,0,f,g,100,0,0,651,13691,1215,freelancer,tier_3,0.0887,12476,31
b,18.0,0.0,y,p,aa,v,0.64,f,f,0,f,g,60,0,0,312,42731,6541,salaried,tier_3,0.1531,36190,26
b,20.99,7.5,u,g,aa,v,0.96,t,t,1,f,g,80,9800,1,778,112678,5606,salaried,tier_2,0.0498,107072,12
b,34.31,1.54,u,g,cc,v,1.24,t,t,1,t,g,520,50000,1,689,161799,26045,salaried,tier_1,0.161,135754,15
b,35.83,7.0,u,g,q,h,11.75,t,t,7,t,g,300,5,0,389,18495,6113,salaried,tier_2,0.3305,12382,144
a,36.88,6.0,u,g,k,v,1.21,t,f,0,t,g,0,0,1,718,68070,7415,business,tier_1,0.1089,60655,29
b,25.74,3.0,u,g,c,v,1.04,f,t,1,f,g,0,22,0,484,42000,6396,self_employed,tier_2,0.1523,35604,35
a,57.95,0.335,u,g,i,bb,0.56,t,f,0,t,g,252,2197,0,439,18666,6958,salaried,tier_2,0.3728,11708,14
a,39.08,1.5,u,g,ff,ff,0.36,f,f,0,f,g,76,0,0,635,30922,5905,self_employed,tier_2,0.191,25017,4
b,19.07,10.0,y,p,c,v,2.31,t,f,0,f,s,40,0,1,751,34892,5028,salaried,tier_1,0.1441,29864,41
b,40.7,0.5,y,p,m,v,0.2,f,f,0,t,g,130,0,0,314,18154,3094,business,tier_1,0.1704,15060,9
b,29.59,1.085,y,p,c,v,0.06,f,f,0,f,g,170,179,0,364,28509,5675,salaried,tier_1,0.1991,22834,16
b,25.73,0.75,u,g,c,bb,0.66,t,f,0,f,g,349,23,1,741,50289,1963,business,tier_1,0.039,48326,22
b,31.4,1.835,u,g,c,h,3.88,t,f,0,f,g,260,200,1,884,31824,13785,self_employed,tier_1,0.4332,18039,54
b,49.27,3.5,u,g,aa,v,3.77,t,f,0,f,s,230,0,1,655,54577,10316,self_employed,tier_2,0.189,44261,60
b,46.42,6.04,u,g,k,v,0.11,f,f,0,f,g,0,2690,1,862,90573,39557,freelancer,tier_1,0.4367,51016,11
b,31.89,0.5,u,g,d,h,0.01,f,f,0,t,s,252,0,0,664,21887,6924,business,tier_1,0.3164,14963,22
b,19.47,0.585,u,g,ff,ff,0.24,f,t,3,f,g,350,769,0,302,39234,8192,salaried,tier_1,0.2088,31042,11
b,26.65,0.29,y,p,c,v,1.97,f,f,0,t,g,160,0,0,381,41899,15532,salaried,tier_1,0.3707,26367,33
b,39.73,1.25,y,p,w,v,0.0,f,f,0,f,g,0,195,0,644,17663,3839,self_employed,tier_3,0.2173,13824,22
a,19.85,8.585,u,g,cc,h,0.39,t,t,7,f,g,96,0,1,781,93302,25062,salaried,tier_2,0.2686,68240,13
b,18.0,10.415,y,p,aa,v,0.54,t,f,0,f,g,120,375,0,544,12209,1973,salaried,tier_1,0.1616,10236,21
b,34.92,25.125,u,g,x,h,1.79,t,t,1,t,g,515,500,1,643,95410,9859,self_employed,tier_1,0.1033,85551,33
b,53.99,11.5,u,g,ff,ff,4.94,t,t,5,f,g,0,8851,1,743,84739,22760,salaried,tier_1,0.2686,61979,78
b,53.44,15.5,u,g,e,z,0.07,t,t,20,f,g,152,130,0,374,33803,4335,business,tier_2,0.1282,29468,8
b,38.29,0.54,y,p,aa,v,0.75,t,t,3,f,g,200,1000,1,717,50035,1431,business,tier_3,0.0286,48604,32
a,18.0,0.375,u,g,c,v,1.27,f,f,0,f,g,120,18,0,649,11380,1928,salaried,tier_1,0.1694,9452,36
b,24.57,12.5,y,p,k,h,1.67,f,f,0,t,g,0,17,0,335,26778,1084,business,tier_3,0.0405,25694,42
b,40.69,0.54,y,p,aa,v,0.43,t,t,3,f,g,200,1000,1,699,43050,1470,business,tier_3,0.0341,41580,25
a,18.0,8.585,u,g,cc,h,0.54,t,t,7,f,g,96,0,1,789,99243,24213,salaried,tier_2,0.244,75030,10
b,42.64,5.04,u,g,q,h,12.89,t,f,0,t,g,92,0,1,792,95089,3268,self_employed,tier_1,0.0344,91821,166
b,26.23,13.75,u,g,w,v,5.67,t,f,0,t,g,487,500,1,752,56308,13278,salaried,tier_2,0.2358,43030,90
b,29.78,2.0,u,g,k,h,4.26,t,t,2,t,g,181,0,1,813,128040,64478,salaried,tier_2,0.5036,63562,52
a,22.23,11.835,u,g,c,h,5.92,t,f,0,f,g,340,0,1,688,101584,20460,freelancer,tier_2,0.2014,81124,79
b,25.07,0.835,u,g,cc,v,0.82,f,f,0,f,g,100,0,0,622,12866,1489,freelancer,tier_3,0.1157,11377,21
b,35.63,2.5,u,g,k,v,4.47,t,t,7,f,g,150,1270,1,802,49775,6555,salaried,tier_1,0.1317,43220,76
a,21.11,11.75,u,g,x,h,0.69,t,t,2,t,g,300,551,1,700,131343,12207,business,tier_3,0.0929,119136,15
b,43.48,0.96,u,g,x,v,2.8,t,f,0,f,g,510,600,1,749,114173,7233,salaried,tier_1,0.0634,106940,41
b,23.26,0.0,u,g,cc,v,0.08,t,f,0,f,g,0,0,1,860,50270,12388,business,tier_2,0.2464,37882,18
a,18.0,8.585,u,g,cc,h,0.42,t,t,7,f,g,96,0,1,779,103425,19891,salaried,tier_2,0.1923,83534,16
b,22.62,12.625,u,g,c,v,0.04,f,t,2,f,g,0,5552,0,311,11051,4455,self_employed,tier_3,0.4031,6596,20
a,42.48,6.665,u,g,q,v,7.66,t,t,3,t,g,0,0,1,684,24876,6832,business,tier_3,0.2746,18044,108
b,28.99,1.25,u,g,c,h,0.16,f,t,2,t,g,400,108,0,481,24468,3234,salaried,tier_2,0.1322,21234,24
b,30.76,1.04,y,p,i,bb,0.7,t,t,10,t,g,132,28,0,609,34898,11723,self_employed,tier_2,0.3359,23175,13
a,22.38,8.46,y,p,x,v,2.47,f,f,0,f,g,164,0,1,885,88184,5101,salaried,tier_2,0.0578,83083,44
a,21.95,11.25,y,p,x,h,0.49,t,t,4,f,g,0,321,1,900,38543,9445,freelancer,tier_1,0.2451,29098,8
b,34.81,3.79,u,g,w,v,1.46,t,f,0,t,g,200,0,0,496,36877,2036,salaried,tier_1,0.0552,34841,40
b,21.48,11.5,y,p,m,v,1.08,f,f,0,t,g,0,4000,0,574,36339,12738,salaried,tier_1,0.3505,23601,18
b,32.65,3.0,u,g,cc,h,7.44,t,f,0,t,g,0,0,1,900,35051,11561,salaried,tier_2,0.3298,23490,101
a,58.31,0.335,u,g,i,bb,0.71,t,f,0,t,g,252,2197,0,405,19451,6838,salaried,tier_2,0.3516,12613,16
b,40.71,5.04,u,g,q,h,12.32,t,f,0,t,g,92,0,1,806,86858,2870,self_employed,tier_1,0.033,83988,164
b,19.71,9.5,u,g,q,v,1.0,t,f,0,t,g,60,400,1,827,51152,5699,salaried,tier_3,0.1114,45453,16
b,28.62,13.0,u,g,d,h,0.5,f,f,0,f,g,228,0,0,402,26572,5019,self_employed,tier_2,0.1889,21553,11
b,30.9,1.75,y,p,e,h,0.25,t,f,0,t,g,393,0,1,666,21523,5965,salaried,tier_3,0.2771,15558,5
b,42.31,0.96,u,g,x,v,2.74,t,f,0,f,g,510,600,1,742,86582,5241,salaried,tier_1,0.0605,81341,45
b,43.08,3.0,u,g,q,h,6.23,t,t,11,f,g,80,0,1,681,55012,6138,business,tier_1,0.1116,48874,74
b,34.35,2.5,u,g,cc,bb,0.41,f,f,0,f,g,348,0,0,496,15937,380,business,tier_1,0.0238,15557,23
b,56.29,11.5,u,g,ff,ff,5.13,t,t,5,f,g,0,8851,1,733,64765,28503,salaried,tier_1,0.4401,36262,63
b,33.64,2.165,u,g,c,v,1.58,f,f,0,f,p,120,0,0,512,24534,2976,salaried,tier_3,0.1213,21558,32
a,32.96,0.75,u,g,k,bb,0.92,t,t,3,t,g,212,0,0,408,44127,8427,salaried,tier_2,0.191,35700,24
b,34.32,6.5,u,g,aa,v,0.22,t,f,0,t,g,443,0,0,673,11144,4234,salaried,tier_1,0.3799,6910,2
b,60.18,2.75,u,g,w,v,2.2,t,t,5,t,g,60,58,1,719,73238,23592,salaried,tier_3,0.3221,49646,47
b,28.28,1.085,y,p,c,v,0.0,f,f,0,f,g,170,179,0,412,25859,4462,salaried,tier_1,0.1726,21397,23
b,25.53,12.5,u,g,cc,v,1.62,t,t,67,t,g,140,258,1,706,49236,9798,salaried,tier_3,0.199,39438,28
b,20.06,0.25,u,g,d,h,0.22,t,f,0,t,g,0,0,1,779,76746,12138,salaried,tier_3,0.1582,64608,3
b,35.25,4.25,u,g,q,v,3.31,f,f,0,f,g,454,50,0,523,30638,6945,self_employed,tier_1,0.2267,23693,57
a,22.99,6.165,u,g,aa,v,0.0,f,f,0,f,g,220,1000,0,343,11396,2446,salaried,tier_2,0.2146,8950,23
b,42.04,5.0,u,g,c,v,5.13,t,t,7,f,g,0,3065,1,760,141698,26818,business,tier_3,0.1893,114880,72
b,54.03,6.5,u,g,k,v,5.92,t,t,15,f,g,0,11202,1,689,22049,8629,business,tier_2,0.3914,13420,79
b,38.86,5.0,u,g,c,v,5.38,t,t,7,f,g,0,3065,1,753,144005,22434,business,tier_3,0.1558,121571,69
a,18.6,9.0,u,g,aa,v,1.08,t,t,2,f,g,88,591,1,872,21996,1678,self_employed,tier_3,0.0763,20318,12
a,47.0,0.46,u,g,cc,h,0.57,t,t,11,t,g,440,6,1,701,37799,1439,self_employed,tier_1,0.0381,36360,28
b,30.67,4.0,y,p,cc,v,1.46,f,f,0,t,g,120,0,0,571,20517,5507,salaried,tier_3,0.2684,15010,36
b,53.56,6.5,u,g,k,v,6.72,t,t,15,f,g,0,11202,1,666,28525,8786,business,tier_2,0.308,19739,103
b,39.98,5.0,u,g,cc,v,3.83,t,t,10,t,g,0,0,1,725,38833,8427,self_employed,tier_2,0.217,30406,64
b,24.61,0.75,u,g,m,v,0.5,t,f,0,t,s,320,0,0,515,12362,4790,business,tier_1,0.3875,7572,20
a,22.78,12.5,u,g,aa,v,1.7,t,t,12,t,g,120,567,1,757,79519,16436,salaried,tier_1,0.2067,63083,28
a,39.7,10.0,u,g,q,h,1.82,t,f,0,f,g,29,837,1,885,140334,44193,salaried,tier_2,0.3149,96141,34
a,27.89,2.54,y,p,ff,ff,0.09,f,f,0,t,g,180,60,0,703,25980,1621,salaried,tier_3,0.0624,24359,19
a,21.43,10.25,u,g,q,v,0.54,t,t,2,t,g,49,0,1,773,34534,3271,business,tier_1,0.0947,31263,22
b,19.58,0.165,u,g,q,n,0.17,f,f,0,f,g,200,40,1,832,49730,1306,salaried,tier_1,0.0263,48424,23
a,39.23,2.04,y,p,q,h,0.0,t,t,23,t,g,455,1236,1,819,80799,13206,salaried,tier_1,0.1634,67593,0
b,23.97,1.79,u,g,c,v,0.4,f,f,0,t,g,136,1,0,676,28037,5830,business,tier_1,0.2079,22207,20
b,51.86,15.0,u,g,c,v,8.7,t,t,9,f,g,0,0,1,814,23635,4244,salaried,tier_1,0.1796,19391,126
b,19.81,1.165,y,p,k,v,2.95,t,t,1,f,g,180,20,0,464,20293,5567,salaried,tier_1,0.2743,14726,45
b,34.47,4.25,u,g,i,bb,3.71,t,t,2,f,g,274,610,1,748,30340,14550,business,tier_3,0.4796,15790,54
b,21.11,5.29,u,g,q,v,0.43,t,t,1,f,g,160,0,0,490,11948,3401,salaried,tier_2,0.2847,8547,7
a,55.27,16.0,u,g,j,ff,0.11,t,t,15,f,g,0,247,1,776,168576,6230,salaried,tier_1,0.037,162346,3
b,40.01,0.5,y,p,m,v,0.19,f,f,0,t,g,130,0,0,332,18595,4362,business,tier_1,0.2346,14233,13
b,38.98,0.705,u,g,c,v,0.57,f,t,2,f,g,225,500,0,631,18250,1404,business,tier_2,0.0769,16846,29
b,43.04,2.25,u,g,i,bb,0.32,t,f,0,f,g,560,0,0,573,16648,1858,salaried,tier_1,0.1116,14790,17
a,58.51,0.335,u,g,i,bb,0.78,t,f,0,t,g,252,2197,0,439,17153,6547,salaried,tier_2,0.3817,10606,12
b,22.79,0.585,u,g,c,h,0.25,t,f,0,f,g,180,0,0,400,13267,4880,business,tier_1,0.3678,8387,3
b,42.07,0.29,y,p,cc,h,1.56,t,t,8,f,g,100,375,1,848,101776,22718,freelancer,tier_2,0.2232,79058,28
b,25.86,0.665,u,g,c,v,0.0,f,f,0,f,g,100,0,1,680,50221,6912,business,tier_2,0.1376,43309,9
a,25.22,0.83,u,g,q,v,0.75,f,t,1,t,g,200,11,0,606,35194,9651,salaried,tier_2,0.2742,25543,14
b,20.37,9.0,u,g,aa,v,0.0,f,f,0,f,g,0,0,0,592,15386,1170,salaried,tier_2,0.076,14216,7
a,21.5,10.5,y,p,x,h,0.0,f,f,0,t,g,154,32,0,637,13669,2037,business,tier_2,0.149,11632,17
b,30.27,0.04,y,p,m,v,0.0,f,f,0,f,g,0,0,0,456,28892,2496,salaried,tier_2,0.0864,26396,2
b,25.11,0.75,u,g,c,h,4.0,t,t,3,t,g,312,150,1,684,36083,11342,salaried,tier_1,0.3143,24741,50
a,18.0,0.0,y,p,j,ff,0.0,f,f,0,f,g,86,0,0,315,34956,16407,self_employed,tier_1,0.4694,18549,15
b,31.33,0.165,y,p,c,h,3.52,t,t,1,t,g,432,8000,1,729,36922,7637,business,tier_3,0.2068,29285,57
b,18.0,0.0,y,p,aa,v,0.07,f,f,0,f,g,60,0,0,319,45190,6517,salaried,tier_3,0.1442,38673,12
b,20.17,10.915,u,g,c,bb,0.89,f,t,2,t,g,200,7,0,652,40907,12623,freelancer,tier_2,0.3086,28284,20
b,44.76,1.25,u,g,m,v,13.55,f,t,1,t,g,352,112,0,724,22195,6753,business,tier_1,0.3043,15442,176
b,42.35,1.54,u,g,i,bb,3.49,f,f,0,f,g,216,0,1,827,35858,2896,salaried,tier_1,0.0808,32962,49
b,44.5,7.0,y,p,c,v,1.81,f,f,0,f,g,160,2,0,572,26997,2334,freelancer,tier_2,0.0865,24663,32
b,33.13,2.5,u,g,c,v,1.4,f,f,0,t,g,280,0,0,534,11663,4038,business,tier_3,0.3462,7625,34
a,47.0,4.585,u,g,k,h,1.1,f,f,0,t,s,240,0,0,598,44558,9763,salaried,tier_2,0.2191,34795,29
a,39.17,4.415,u,g,c,v,0.55,f,f,0,f,g,160,0,0,572,31338,3509,salaried,tier_2,0.112,27829,17
b,41.97,0.5,y,p,m,v,0.23,f,f,0,t,g,130,0,0,314,20155,3895,business,tier_1,0.1933,16260,25
b,19.75,0.165,u,g,q,n,0.2,f,f,0,f,g,200,40,1,854,51852,1428,salaried,tier_1,0.0275,50424,22
a,35.78,2.5,u,g,i,h,0.59,f,f,0,f,g,260,246,0,560,16008,4941,self_employed,tier_1,0.3087,11067,20
b,19.4,10.29,u,g,ff,ff,0.0,f,f,0,f,g,80,0,0,604,28287,12532,freelancer,tier_1,0.443,15755,15
b,20.82,7.25,u,g,m,v,0.0,f,t,1,f,g,100,1,0,619,16389,5622,self_employed,tier_2,0.343,10767,6
a,31.32,1.085,y,p,x,v,0.73,f,f,0,f,g,280,13,0,445,20207,2437,business,tier_1,0.1206,17770,21
b,22.92,9.0,u,g,aa,v,0.38,f,f,0,t,g,0,0,0,456,32343,436,business,tier_2,0.0135,31907,5
b,40.02,6.5,u,g,aa,bb,3.26,t,t,1,f,g,0,500,1,804,36852,5359,self_employed,tier_2,0.1454,31493,46
a,23.39,7.0,u,g,c,v,0.0,f,f,0,f,g,160,0,0,535,11283,452,salaried,tier_2,0.0401,10831,0
b,40.74,0.96,u,g,x,v,2.46,t,f,0,f,g,510,600,1,714,90521,5405,salaried,tier_1,0.0597,85116,31
b,20.9,2.415,u,g,c,v,2.11,t,t,11,t,g,200,3000,1,689,107693,4909,salaried,tier_2,0.0456,102784,38
b,20.03,3.0,y,p,d,v,0.83,t,t,8,t,g,160,1,1,703,34728,5367,salaried,tier_1,0.1545,29361,29
a,22.25,1.25,u,g,q,v,0.05,f,f,0,t,g,120,809,0,609,16519,3859,salaried,tier_2,0.2336,12660,23
b,29.94,0.5,u,g,c,v,1.86,t,t,11,f,g,32,540,1,706,51749,17121,salaried,tier_1,0.3308,34628,29
a,27.79,2.04,u,g,w,v,0.7,f,f,0,t,g,180,50,0,393,15517,1475,business,tier_2,0.0951,14042,23
b,21.3,11.5,u,g,i,v,0.67,t,f,0,t,g,100,68,0,384,28435,10449,self_employed,tier_1,0.3675,17986,28
b,21.8,1.54,u,g,k,v,0.37,f,f,0,t,g,356,0,0,314,11886,2816,self_employed,tier_3,0.2369,9070,11
b,31.61,3.0,u,g,d,v,0.03,f,f,0,t,g,120,0,0,640,16098,7951,freelancer,tier_3,0.4939,8147,13
b,18.0,5.5,u,g,k,v,0.27,t,f,0,f,g,80,0,1,806,171809,25611,self_employed,tier_3,0.1491,146198,22
a,30.52,0.54,u,g,cc,v,0.0,t,f,0,f,g,440,11177,1,708,45636,10525,self_employed,tier_2,0.2306,35111,19
b,18.0,5.5,u,g,k,v,0.81,t,f,0,f,g,80,0,1,813,133365,28250,self_employed,tier_3,0.2118,105115,27
b,24.25,0.585,y,p,cc,h,0.08,f,f,0,f,g,240,1,0,575,16399,7130,freelancer,tier_3,0.4348,9269,3
a,19.06,0.54,u,g,c,v,2.1,f,t,1,t,g,80,5,0,642,43228,4666,salaried,tier_1,0.1079,38562,35
b,37.1,0.705,u,g,c,v,0.86,f,t,2,f,g,225,500,0,657,17597,1418,business,tier_2,0.0806,16179,32
b,38.43,6.5,u,g,aa,bb,3.07,t,t,1,f,g,0,500,1,814,35686,4102,self_employed,tier_2,0.1149,31584,48
b,22.5,11.5,u,g,i,v,0.05,t,f,0,t,g,100,68,0,343,25689,10613,self_employed,tier_1,0.4131,15076,23
b,23.55,6.625,y,p,d,v,5.15,t,f,0,t,s,100,0,1,794,129049,33096,salaried,tier_2,0.2565,95953,73
a,40.14,4.415,u,g,c,v,0.01,f,f,0,f,g,160,0,0,534,29512,2754,salaried,tier_2,0.0933,26758,17
a,28.94,15.0,y,p,e,z,0.0,t,f,0,f,g,0,13212,1,688,109499,7275,self_employed,tier_1,0.0664,102224,17
a,57.73,21.0,u,g,i,bb,10.37,t,t,13,f,g,0,6700,1,697,111557,82,self_employed,tier_3,0.0007,111475,127
a,22.74,0.83,u,g,q,v,0.0,f,t,1,t,g,200,11,0,618,35040,8929,salaried,tier_2,0.2548,26111,9
a,23.01,1.25,u,g,q,v,0.07,f,f,0,t,g,120,809,0,608,18207,3577,salaried,tier_2,0.1965,14630,14
a,22.82,1.75,y,p,c,v,0.0,f,f,0,f,g,132,0,0,615,33719,9765,freelancer,tier_2,0.2896,23954,1
a,35.05,0.29,u,g,ff,ff,0.43,f,t,10,f,g,200,18,0,374,28991,1196,self_employed,tier_1,0.0413,27795,15
b,25.45,1.125,u,g,x,h,1.42,t,f,0,f,g,0,5298,1,650,38460,7846,salaried,tier_1,0.204,30614,34
a,25.18,0.5,u,g,q,h,1.66,t,t,1,f,g,0,678,1,879,22252,7084,business,tier_2,0.3184,15168,19
b,23.98,1.5,u,g,d,h,2.35,t,t,6,f,g,200,327,1,681,84796,19938,business,tier_2,0.2351,64858,37
b,33.21,25.125,u,g,x,h,1.62,t,t,1,t,g,515,500,1,631,107542,11236,self_employed,tier_1,0.1045,96306,40
a,42.27,1.04,u,g,aa,v,0.4,f,f,0,f,g,240,237,0,338,33972,9934,business,tier_3,0.2924,24038,22
b,23.27,1.79,u,g,c,v,0.23,f,f,0,t,g,136,1,0,700,31589,6031,business,tier_1,0.1909,25558,4
b,39.54,4.25,u,g,c,bb,6.22,t,t,16,f,g,117,1210,1,869,47951,17071,self_employed,tier_3,0.356,30880,85
b,36.19,6.5,u,g,m,h,4.46,t,t,12,t,g,93,0,1,683,28286,824,salaried,tier_3,0.0291,27462,62
a,25.21,0.875,u,g,x,h,0.58,t,f,0,t,g,160,5860,1,883,69950,20665,self_employed,tier_1,0.2954,49285,7
b,38.25,2.125,y,p,w,v,0.0,t,t,1,f,g,50,1187,1,800,94965,8162,salaried,tier_1,0.0859,86803,4
a,18.0,0.0,y,p,j,ff,0.11,f,f,0,f,g,86,0,0,351,42409,14252,self_employed,tier_1,0.3361,28157,1
a,27.31,0.375,u,g,q,v,0.73,t,t,4,f,g,80,0,1,727,107959,13186,salaried,tier_1,0.1221,94773,19
b,22.22,1.5,u,g,q,v,2.54,t,t,3,t,g,0,582,1,731,56441,12034,business,tier_3,0.2132,44407,42
a,28.49,1.085,y,p,x,v,0.87,f,f,0,f,g,280,13,0,454,16405,2380,business,tier_1,0.1451,14025,22
b,37.01,1.125,y,p,d,v,1.81,f,f,0,t,g,431,0,1,691,163409,15540,salaried,tier_2,0.0951,147869,42
b,31.44,1.085,y,p,c,v,0.07,f,f,0,f,g,170,179,0,411,32146,5593,salaried,tier_1,0.174,26553,17
b,26.65,11.25,u,g,c,v,2.11,t,t,17,f,g,200,1208,1,821,130370,12714,freelancer,tier_1,0.0975,117656,33
b,38.64,0.5,u,g,m,v,0.55,t,f,0,f,s,288,0,0,338,11594,431,salaried,tier_1,0.0372,11163,23
b,19.5,10.915,u,g,c,bb,1.04,f,t,2,t,g,200,7,0,637,37393,13880,freelancer,tier_2,0.3712,23513,22
b,49.13,6.5,u,g,q,h,5.56,t,f,0,t,g,350,0,1,709,70601,7887,salaried,tier_1,0.1117,62714,78
b,32.51,2.165,y,p,k,ff,0.0,f,f,0,f,g,120,0,0,556,13738,1865,salaried,tier_3,0.1358,11873,22
b,18.0,22.0,l,gg,ff,o,0.0,f,f,0,t,p,450,100000,1,855,52141,247,salaried,tier_1,0.0047,51894,19
b,25.44,14.585,u,g,i,bb,0.0,f,f,0,t,g,178,0,0,385,26632,3304,self_employed,tier_2,0.1241,23328,7
b,28.87,0.375,u,g,c,v,0.66,f,f,0,f,g,220,140,0,479,13715,1059,self_employed,tier_1,0.0772,12656,24
a,30.02,1.375,u,g,w,h,0.0,f,t,3,f,g,0,33,0,599,38526,5348,salaried,tier_2,0.1388,33178,4
b,18.43,3.0,u,g,k,v,0.32,f,f,0,t,g,160,40,0,356,27263,8906,freelancer,tier_1,0.3267,18357,19
a,41.88,10.0,u,g,q,h,1.92,t,f,0,f,g,29,837,1,900,147053,45733,salaried,tier_2,0.311,101320,26
a,19.21,3.0,u,g,q,v,0.26,t,t,3,f,g,100,6,1,670,38880,1043,self_employed,tier_3,0.0268,37837,26
b,29.43,1.5,y,p,w,v,0.0,f,f,0,f,s,160,0,0,539,22604,7056,freelancer,tier_2,0.3122,15548,4
a,62.55,5.0,u,g,aa,v,3.72,t,t,4,f,g,0,99,1,895,39700,1141,freelancer,tier_2,0.0287,38559,56
b,27.06,2.25,u,g,i,bb,0.05,f,f,0,t,g,640,4000,0,352,27468,8195,self_employed,tier_2,0.2983,19273,14
a,40.18,1.5,u,g,ff,ff,0.0,f,f,0,f,g,76,0,0,600,28435,4776,self_employed,tier_2,0.168,23659,21
b,18.0,0.165,u,g,d,v,0.1,f,f,0,t,s,280,0,0,654,12922,2372,salaried,tier_2,0.1836,10550,20
b,36.19,2.54,u,g,ff,ff,0.33,f,f,0,f,g,0,1000,0,416,38725,4442,salaried,tier_3,0.1147,34283,4
b,23.58,0.585,u,g,c,h,0.0,t,f,0,f,g,180,0,0,398,12389,5066,business,tier_1,0.4089,7323,13
b,24.86,0.585,u,g,c,h,0.34,t,f,0,f,g,180,0,0,379,11800,4772,business,tier_1,0.4044,7028,4
b,31.39,2.5,y,p,w,v,6.94,f,f,0,t,g,280,0,0,535,26817,5023,salaried,tier_3,0.1873,21794,85
b,55.54,18.5,u,g,d,bb,15.28,t,t,17,t,g,0,0,1,781,137774,10410,business,tier_1,0.0756,127364,184
b,29.3,1.415,u,g,w,h,1.23,t,t,1,f,g,240,100,1,841,86753,26502,salaried,tier_1,0.3055,60251,15
b,41.04,5.0,u,g,ff,ff,0.0,f,t,2,f,g,17,1,0,306,28199,10548,salaried,tier_3,0.3741,17651,13
a,40.51,1.5,u,g,ff,ff,0.36,f,f,0,f,g,76,0,0,605,29768,6143,self_employed,tier_2,0.2064,23625,14
a,23.22,2.335,u,g,i,bb,0.62,t,t,4,f,s,80,0,1,785,31514,11378,self_employed,tier_3,0.361,20136,11
a,34.01,1.46,u,g,w,v,1.4,t,t,16,f,g,120,2079,1,702,23910,1086,business,tier_3,0.0454,22824,22
b,35.35,2.665,u,g,cc,v,0.32,f,f,0,t,g,0,501,0,671,24249,1764,salaried,tier_2,0.0727,22485,16
a,28.19,5.29,u,g,e,dd,2.17,t,t,5,t,g,99,500,1,745,21680,9200,salaried,tier_2,0.4244,12480,35
a,19.34,10.25,u,g,q,v,0.44,t,t,2,t,g,49,0,1,756,35874,4211,business,tier_1,0.1174,31663,27
b,36.73,2.665,u,g,cc,v,0.0,f,f,0,t,g,0,501,0,685,27882,2438,salaried,tier_2,0.0874,25444,9
b,49.15,4.165,u,g,x,bb,0.12,f,f,0,t,g,520,0,0,575,10746,2848,salaried,tier_3,0.265,7898,15
b,45.82,11.0,y,p,d,v,1.99,t,f,0,f,s,0,0,0,647,12352,4224,salaried,tier_3,0.342,8128,25
b,18.42,10.0,y,p,k,h,1.07,t,f,0,t,g,140,0,0,590,12593,4660,freelancer,tier_2,0.37,7933,28
b,23.73,1.0,u,g,c,v,0.66,t,f,0,f,s,300,0,1,726,24395,1973,business,tier_1,0.0809,22422,7
b,39.42,7.0,u,g,q,h,11.83,t,t,7,t,g,300,5,0,381,19085,8168,salaried,tier_2,0.428,10917,163
b,23.02,0.0,u,g,cc,v,0.35,t,f,0,f,g,0,0,1,852,48660,13476,business,tier_2,0.2769,35184,10
b,32.58,1.54,u,g,cc,v,1.32,t,t,1,t,g,520,50000,1,716,150208,24954,salaried,tier_1,0.1661,125254,23
b,18.5,5.0,u,g,q,v,0.0,t,t,2,f,g,0,38,0,586,10226,4371,salaried,tier_1,0.4274,5855,4
a,30.0,6.5,u,g,c,bb,3.62,t,t,7,t,g,0,3065,1,822,37013,2431,salaried,tier_1,0.0657,34582,66
b,29.98,0.75,y,p,c,v,0.42,f,f,0,f,g,240,0,0,536,31452,3616,business,tier_2,0.115,27836,28
a,50.0,0.835,u,g,aa,v,0.84,f,f,0,t,g,240,117,0,417,21538,23,self_employed,tier_1,0.0011,21515,13
b,32.07,4.5,u,g,aa,v,0.8,t,f,0,t,g,240,0,0,505,24011,695,freelancer,tier_2,0.0289,23316,28
b,24.15,2.25,u,g,i,v,0.0,f,f,0,f,g,160,10,0,420,13724,4357,salaried,tier_2,0.3175,9367,10
a,30.42,5.5,u,g,k,v,5.79,f,f,0,t,s,100,0,0,579,17571,1166,business,tier_2,0.0664,16405,72
b,23.39,2.75,u,g,ff,ff,4.94,f,f,0,f,g,160,25,0,622,40023,789,self_employed,tier_2,0.0197,39234,80
b,31.65,1.25,y,p,k,v,0.53,f,f,0,f,g,224,0,0,340,44919,2445,self_employed,tier_2,0.0544,42474,16
a,21.29,0.75,u,g,c,v,2.11,f,t,2,t,g,200,394,0,311,31955,4397,business,tier_2,0.1376,27558,40
a,19.59,8.5,u,g,c,v,0.0,f,f,0,f,g,0,351,0,646,25615,4708,salaried,tier_2,0.1838,20907,12
b,42.65,5.0,u,g,q,h,5.03,t,t,6,t,g,470,0,1,778,81700,15536,self_employed,tier_3,0.1902,66164,77
b,24.37,0.58,u,g,c,v,0.02,t,t,7,t,g,96,5124,1,694,166396,58102,business,tier_2,0.3492,108294,19
b,43.2,9.79,u,g,x,h,8.27,t,t,8,f,g,0,0,1,796,34547,2969,business,tier_1,0.0859,31578,108
b,18.0,0.25,u,g,q,v,0.22,f,t,4,f,g,160,8,0,576,24813,2776,self_employed,tier_3,0.1119,22037,8
a,19.88,1.75,y,p,j,j,0.33,f,f,0,f,g,160,0,0,544,28974,2140,freelancer,tier_2,0.0739,26834,16
a,25.07,12.33,u,g,cc,h,3.38,t,t,6,f,g,400,458,1,740,28500,415,self_employed,tier_1,0.0146,28085,59
b,26.79,2.0,u,g,k,h,4.49,t,t,2,t,g,181,0,1,781,158872,45461,salaried,tier_2,0.2861,113411,63
b,21.78,5.085,y,p,j,v,0.12,f,f,0,f,g,140,184,0,323,21874,1553,freelancer,tier_1,0.071,20321,2
b,26.06,0.375,u,g,m,v,0.19,t,t,3,f,g,260,15108,1,895,83166,22756,salaried,tier_2,0.2736,60410,13
a,51.77,12.54,u,g,aa,v,2.41,t,t,3,t,g,156,0,1,741,149125,36189,salaried,tier_2,0.2427,112936,34
b,25.88,0.54,u,g,m,v,0.57,f,f,0,t,g,120,1,0,457,21765,9027,business,tier_3,0.4147,12738,14
a,18.0,9.25,y,p,c,v,1.45,t,t,4,t,g,80,500,1,862,50745,220,self_employed,tier_2,0.0043,50525,34
b,22.7,9.75,u,g,c,v,0.32,t,f,0,f,g,140,0,0,535,29254,5411,salaried,tier_1,0.185,23843,3
b,32.65,4.0,y,p,cc,v,1.51,f,f,0,t,g,120,0,0,571,20039,5295,salaried,tier_3,0.2642,14744,30
b,29.26,3.625,u,g,aa,v,0.59,f,f,0,t,g,100,0,0,419,36447,848,freelancer,tier_3,0.0233,35599,14
b,27.5,12.5,y,p,k,h,1.62,f,f,0,t,g,0,17,0,338,27448,1352,business,tier_3,0.0493,26096,25
b,44.63,0.5,u,g,i,h,5.02,t,f,0,t,g,320,0,1,714,101730,8100,self_employed,tier_1,0.0796,93630,82
a,18.0,0.585,u,g,c,h,1.93,t,t,2,f,g,100,0,1,799,43319,6999,salaried,tier_1,0.1616,36320,26
b,18.0,4.085,u,g,i,h,0.0,f,f,0,t,g,120,0,0,323,28538,3803,self_employed,tier_2,0.1333,24735,5
b,33.36,1.54,u,g,cc,v,1.15,t,t,1,t,g,520,50000,1,709,150567,18201,salaried,tier_1,0.1209,132366,29
a,19.15,10.5,y,p,x,h,0.1,f,f,0,t,g,154,32,0,636,11247,2468,business,tier_2,0.2194,8779,5
b,40.05,13.915,u,g,w,v,8.48,t,t,6,t,g,70,0,1,836,99082,15530,salaried,tier_2,0.1567,83552,122
b,34.19,16.5,y,p,c,v,3.96,t,f,0,f,g,80,0,0,557,13288,1997,salaried,tier_2,0.1503,11291,48
b,46.82,4.25,u,g,m,v,0.0,t,f,0,t,g,225,0,1,822,47073,12919,freelancer,tier_2,0.2744,34154,14
b,25.67,13.75,u,g,w,v,5.65,t,f,0,t,g,487,500,1,716,45390,12645,salaried,tier_2,0.2786,32745,73
b,36.6,5.5,u,g,i,bb,5.32,f,f,0,f,g,210,687,0,523,35548,15521,self_employed,tier_2,0.4366,20027,84
b,18.0,2.46,u,g,c,n,1.05,f,t,2,t,g,160,587,0,677,37574,11265,business,tier_2,0.2998,26309,13
b,30.84,2.04,y,p,x,h,0.54,f,f,0,f,g,128,1,0,637,43360,10079,salaried,tier_3,0.2324,33281,26
a,20.17,3.0,u,g,q,v,0.45,t,t,3,f,g,100,6,1,629,34702,1503,self_employed,tier_3,0.0433,33199,13
b,18.0,0.125,u,g,c,v,0.0,f,f,0,f,g,132,0,0,358,36729,13600,freelancer,tier_2,0.3703,23129,23
b,36.38,0.125,y,p,c,v,1.26,f,f,0,t,g,232,113,1,771,67489,1403,business,tier_1,0.0208,66086,35
a,25.18,0.67,u,g,aa,h,1.59,t,f,0,f,g,400,0,0,420,28494,5155,self_employed,tier_1,0.1809,23339,41
b,18.0,0.835,u,g,m,v,0.43,t,f,0,f,s,200,0,0,351,20375,1211,freelancer,tier_2,0.0594,19164,11
b,31.44,4.75,u,g,m,v,1.53,f,t,1,t,g,460,68,0,300,28587,3137,salaried,tier_3,0.1097,25450,31
a,24.66,11.585,u,g,cc,v,0.0,t,f,0,f,g,80,1349,1,659,171965,44916,salaried,tier_3,0.2612,127049,15
a,35.31,1.585,y,p,ff,ff,0.4,t,f,0,f,g,320,0,0,359,11946,1881,business,tier_2,0.1575,10065,8
b,40.68,5.0,u,g,cc,v,3.64,t,t,10,t,g,0,0,1,760,31631,12111,self_employed,tier_2,0.3829,19520,51
a,31.55,3.0,y,p,j,j,0.0,f,f,0,f,g,160,20,0,378,20112,6356,salaried,tier_3,0.316,13756,22
b,36.82,3.25,u,g,q,h,8.72,t,f,0,t,g,102,639,1,835,49405,10731,salaried,tier_1,0.2172,38674,104
b,18.0,4.0,y,p,w,v,2.11,t,t,2,t,g,120,1000,1,742,106290,2599,salaried,tier_2,0.0245,103691,36
a,28.03,0.29,u,g,m,h,0.52,f,t,1,t,g,272,108,0,423,45804,9672,freelancer,tier_3,0.2112,36132,12
a,40.14,5.0,u,g,cc,v,13.26,t,f,0,t,g,980,0,0,505,15570,768,salaried,tier_2,0.0493,14802,170
a,46.95,3.0,u,g,c,v,2.3,t,t,8,t,g,396,4159,1,871,43950,19080,salaried,tier_1,0.4341,24870,30
b,53.57,15.0,u,g,c,v,8.83,t,t,9,f,g,0,0,1,855,26653,4503,salaried,tier_1,0.1689,22150,106
b,32.56,3.04,y,p,c,h,2.31,t,t,1,t,g,180,18027,1,886,46727,2100,business,tier_1,0.0449,44627,28
b,42.25,2.25,y,p,x,h,10.31,t,f,0,t,g,176,0,0,647,27158,7189,self_employed,tier_1,0.2647,19969,140
b,41.96,4.04,u,g,cc,h,7.02,t,t,8,f,g,320,0,1,825,21545,7857,salaried,tier_2,0.3647,13688,100
b,49.27,4.25,u,g,m,v,0.54,t,f,0,t,g,225,0,1,805,42827,14109,freelancer,tier_2,0.3294,28718,7
b,38.55,9.5,u,g,m,v,6.33,t,t,14,f,g,240,4607,1,863,27058,6097,business,tier_1,0.2253,20961,79
b,24.72,0.835,u,g,i,h,0.0,f,f,0,t,g,220,5,0,432,26709,9316,salaried,tier_1,0.3488,17393,11
b,18.0,0.835,u,g,m,v,0.29,t,f,0,f,s,200,0,0,399,17825,1474,freelancer,tier_2,0.0827,16351,9
a,21.54,0.335,u,g,q,v,0.79,f,f,0,f,s,160,0,0,552,41270,8456,salaried,tier_1,0.2049,32814,12
b,34.5,5.085,y,p,i,bb,1.44,f,f,0,t,g,480,0,0,367,11742,2947,self_employed,tier_2,0.251,8795,21
b,59.24,1.54,u,g,q,v,0.0,t,f,0,t,g,260,0,1,814,128719,25365,salaried,tier_2,0.1971,103354,23
a,33.88,3.125,u,g,ff,ff,3.38,f,t,2,t,g,200,4,0,389,27126,9112,salaried,tier_2,0.3359,18014,51
b,29.75,3.5,u,g,c,v,0.0,f,f,0,f,g,216,0,0,612,34126,7036,salaried,tier_2,0.2062,27090,23
b,53.49,9.415,u,g,ff,ff,14.57,t,t,11,t,g,30,300,1,724,80892,16743,business,tier_1,0.207,64149,190
a,45.53,4.0,u,g,j,j,0.0,t,f,0,f,g,100,960,1,761,167698,24489,business,tier_1,0.146,143209,18
b,18.7,5.5,u,g,k,v,0.61,t,f,0,f,g,80,0,1,809,146977,27214,self_employed,tier_3,0.1852,119763,7
b,34.55,5.0,u,g,c,bb,2.72,t,t,6,f,g,0,367,1,707,50533,226,salaried,tier_2,0.0045,50307,36
b,33.58,1.0,u,g,x,v,0.62,t,t,7,t,g,340,4071,1,776,99309,39058,self_employed,tier_3,0.3933,60251,17
b,27.3,0.335,u,g,k,h,3.22,f,f,0,t,g,340,0,0,364,17401,1788,salaried,tier_1,0.1028,15613,60
a,24.98,0.83,u,g,q,v,0.45,f,t,1,t,g,200,11,0,638,44649,10697,salaried,tier_2,0.2396,33952,18
b,23.85,0.335,u,g,k,h,3.83,f,f,0,t,g,340,0,0,358,20127,1847,salaried,tier_1,0.0918,18280,49
b,19.97,0.165,u,g,q,n,0.03,f,f,0,f,g,200,40,1,827,47537,1488,salaried,tier_1,0.0313,46049,15
a,57.62,4.25,y,p,ff,ff,4.75,f,f,0,t,g,0,4,0,612,41380,6717,business,tier_2,0.1623,34663,63
b,20.57,0.54,y,p,x,v,0.0,t,t,1,t,g,840,59,1,687,28201,4021,business,tier_3,0.1426,24180,12
b,19.13,10.085,y,p,e,h,1.7,f,f,0,f,g,260,0,0,641,45544,11832,salaried,tier_3,0.2598,33712,33
b,33.44,15.0,u,g,r,n,5.23,t,t,9,t,g,0,134,1,657,100268,27232,salaried,tier_1,0.2716,73036,72
b,38.02,4.415,y,p,k,v,0.0,t,t,10,t,g,320,0,1,764,73938,536,self_employed,tier_2,0.0072,73402,7
b,34.34,5.0,u,g,c,bb,2.78,t,t,6,f,g,0,367,1,664,46680,206,salaried,tier_2,0.0044,46474,43
b,18.0,0.04,u,g,c,v,0.24,f,f,0,f,g,0,0,1,869,39818,9821,business,tier_2,0.2466,29997,8
a,34.78,0.75,u,g,k,bb,0.63,t,t,3,t,g,212,0,0,403,35713,8806,salaried,tier_2,0.2466,26907,22
b,27.09,1.125,u,g,x,h,1.73,t,f,0,f,g,0,5298,1,632,35838,6958,salaried,tier_1,0.1942,28880,42
b,22.3,0.875,y,p,c,h,0.36,f,f,0,f,g,280,204,0,676,37390,11205,salaried,tier_2,0.2997,26185,19
b,20.31,9.5,u,g,q,v,1.0,t,f,0,t,g,60,400,1,822,46685,4657,salaried,tier_3,0.0998,42028,19
b,18.0,0.165,u,g,q,n,0.09,f,f,0,f,g,200,40,1,884,48574,1477,salaried,tier_1,0.0304,47097,24
b,30.32,1.165,u,g,k,v,0.9,t,f,0,f,s,280,0,0,641,13795,185,business,tier_1,0.0134,13610,28
b,39.83,0.835,u,g,ff,ff,0.0,t,f,0,f,g,130,1,0,670,10397,1611,business,tier_1,0.1549,8786,13
b,30.04,1.25,y,p,k,v,0.04,f,f,0,f,g,224,0,0,364,40942,2365,self_employed,tier_2,0.0578,38577,18
b,20.58,11.045,u,g,c,v,1.62,f,f,0,t,g,136,0,0,409,26243,7374,salaried,tier_3,0.281,18869,38
a,29.25,10.665,u,g,q,h,0.34,f,t,12,t,g,129,3,0,371,16134,260,self_employed,tier_3,0.0161,15874,25
a,22.73,3.0,u,g,aa,v,0.14,t,f,0,f,g,100,0,1,834,98186,9022,salaried,tier_1,0.0919,89164,14
b,48.53,6.5,u,g,q,h,6.11,t,f,0,t,g,350,0,1,749,75235,8986,salaried,tier_1,0.1194,66249,82
b,19.65,0.75,y,p,r,n,0.47,f,f,0,t,g,132,2,0,480,11131,2103,salaried,tier_3,0.1889,9028,16
a,25.83,0.5,u,g,q,h,1.4,t,t,1,f,g,0,678,1,900,23623,7654,business,tier_2,0.324,15969,33
b,31.35,2.085,u,g,c,v,0.35,f,f,0,f,g,300,0,0,580,35043,8818,business,tier_2,0.2516,26225,17
b,28.63,1.0,y,p,d,h,2.86,f,f,0,f,g,176,537,0,306,37638,11424,salaried,tier_1,0.3035,26214,34
b,27.77,13.75,u,g,w,v,6.05,t,f,0,t,g,487,500,1,761,56998,11490,salaried,tier_2,0.2016,45508,85
b,40.34,5.0,u,g,cc,v,3.35,t,t,10,t,g,0,0,1,760,39669,11535,self_employed,tier_2,0.2908,28134,50
a,62.21,0.165,u,g,ff,ff,0.26,t,t,1,f,g,232,100,1,840,142569,5742,business,tier_2,0.0403,136827,10
b,18.0,5.71,u,g,d,v,0.07,f,f,0,f,g,120,0,0,328,25531,1676,self_employed,tier_3,0.0656,23855,13
b,22.8,0.17,u,g,m,v,0.14,f,f,0,f,s,0,0,0,451,33686,11034,self_employed,tier_1,0.3276,22652,9
a,44.31,4.0,u,g,j,j,0.47,t,f,0,f,g,100,960,1,775,127778,23353,business,tier_1,0.1828,104425,7
b,36.99,18.125,u,g,w,v,0.57,f,f,0,f,g,320,3552,0,446,27330,6167,salaried,tier_2,0.2256,21163,22
b,18.0,3.29,u,g,i,v,0.12,f,f,0,t,g,140,2,0,595,13614,453,freelancer,tier_3,0.0333,13161,1
b,55.01,11.5,u,g,ff,ff,4.94,t,t,5,f,g,0,8851,1,720,65804,21590,salaried,tier_1,0.3281,44214,68
b,18.09,0.25,u,g,q,v,0.0,f,f,0,f,g,200,0,0,325,35937,2952,salaried,tier_1,0.0821,32985,11
b,42.05,1.25,y,p,w,v,0.62,f,f,0,f,g,0,195,0,645,20488,4557,self_employed,tier_3,0.2224,15931,26
b,41.92,1.5,u,g,i,bb,0.07,f,f,0,f,s,300,0,0,406,12135,1738,business,tier_2,0.1432,10397,2
b,18.0,6.5,u,g,i,v,0.01,f,f,0,f,g,60,100,0,571,15376,793,freelancer,tier_3,0.0516,14583,22
a,22.93,7.0,u,g,c,v,0.0,f,f,0,f,g,160,0,0,540,11127,548,salaried,tier_2,0.0492,10579,9
a,18.0,0.5,u,g,i,v,0.61,f,t,6,t,g,240,35,0,326,24624,8260,salaried,tier_3,0.3354,16364,14
b,33.99,1.75,u,g,x,h,4.53,t,t,4,t,g,253,857,1,700,105787,5484,salaried,tier_2,0.0518,100303,64
b,46.63,6.5,u,g,q,h,5.78,t,f,0,t,g,350,0,1,727,80246,8066,salaried,tier_1,0.1005,72180,91
b,22.12,2.25,u,g,i,v,0.0,f,f,0,f,g,160,10,0,429,13783,4602,salaried,tier_2,0.3339,9181,21
b,39.58,5.0,u,g,cc,v,3.27,t,t,10,t,g,0,0,1,762,32768,8722,self_employed,tier_2,0.2662,24046,59
a,23.42,1.75,y,p,j,j,0.1,f,f,0,f,g,160,0,0,571,30343,2237,freelancer,tier_2,0.0737,28106,10
b,27.2,2.0,u,g,x,h,1.43,t,t,4,f,g,140,7544,1,706,75749,14497,self_employed,tier_2,0.1914,61252,28
a,38.81,5.5,u,g,q,v,0.48,t,f,0,t,g,228,0,1,713,72877,20938,salaried,tier_2,0.2873,51939,28
b,34.89,4.04,y,p,i,bb,8.46,t,t,7,t,g,195,0,1,784,31526,9004,salaried,tier_1,0.2856,22522,107
b,20.71,0.0,y,p,ff,ff,0.33,f,t,4,f,g,45,1,0,645,20578,1155,salaried,tier_2,0.0561,19423,15
a,19.92,10.0,u,g,c,h,0.92,t,t,4,f,g,50,1465,1,864,55299,10521,business,tier_1,0.1903,44778,30
b,33.45,9.17,u,g,c,v,4.25,t,t,12,t,g,0,221,1,796,99949,35735,salaried,tier_2,0.3575,64214,54
b,38.3,0.125,y,p,c,v,1.98,f,f,0,t,g,232,113,1,791,77323,1540,business,tier_1,0.0199,75783,42
b,34.87,2.0,u,g,i,v,0.05,f,f,0,t,g,221,0,0,525,16527,6030,salaried,tier_1,0.3649,10497,15
b,28.72,1.085,y,p,c,v,0.0,f,f,0,f,g,170,179,0,354,30394,6088,salaried,tier_1,0.2003,24306,7
b,19.0,5.29,u,g,q,v,0.86,t,t,1,f,g,160,0,0,487,12701,3588,salaried,tier_2,0.2825,9113,11
a,19.62,10.0,u,g,w,v,0.63,f,t,1,f,g,120,1,0,300,12054,2251,salaried,tier_1,0.1867,9803,12
b,45.71,0.29,u,g,c,bb,15.26,t,t,20,f,g,0,15000,1,853,57354,2054,self_employed,tier_2,0.0358,55300,194
b,24.7,12.625,u,g,c,v,0.56,f,t,2,f,g,0,5552,0,310,12400,5142,self_employed,tier_3,0.4147,7258,22
a,20.89,5.0,y,p,ff,ff,0.01,f,f,0,f,g,0,0,0,655,28838,336,salaried,tier_2,0.0117,28502,10
a,23.27,13.5,y,p,ff,ff,1.5,f,t,1,t,g,200,1,0,336,27041,3340,business,tier_2,0.1235,23701,37
b,18.0,0.165,u,g,d,v,0.13,f,f,0,t,s,280,0,0,656,10813,2406,salaried,tier_2,0.2225,8407,3
a,18.0,1.25,u,g,q,v,0.0,f,t,1,f,g,108,98,0,593,11584,3359,salaried,tier_2,0.29,8225,13
b,34.67,1.54,u,g,cc,v,1.46,t,t,1,t,g,520,50000,1,725,143113,25889,salaried,tier_1,0.1809,117224,25
a,31.39,12.0,u,g,c,v,2.29,t,t,1,f,g,220,19,1,867,24488,9929,salaried,tier_2,0.4055,14559,28
b,19.95,0.0,u,g,d,v,0.44,f,f,0,f,g,144,0,0,405,43381,2349,self_employed,tier_1,0.0541,41032,22
b,25.83,2.0,u,g,x,h,0.93,t,t,4,f,g,140,7544,1,745,74643,17842,self_employed,tier_2,0.239,56801,19
a,41.62,2.04,y,p,q,h,0.18,t,t,23,t,g,455,1236,1,863,81615,15724,salaried,tier_1,0.1927,65891,9
b,24.95,0.835,u,g,i,h,0.17,f,f,0,t,g,220,5,0,421,30688,6814,salaried,tier_1,0.222,23874,14
b,29.55,9.335,u,g,q,h,6.02,t,t,6,f,g,381,168,1,890,23815,6609,business,tier_3,0.2775,17206,83
b,35.74,4.25,u,g,i,bb,3.06,t,t,2,f,g,274,610,1,752,38254,14164,business,tier_3,0.3703,24090,47
b,29.63,0.0,u,g,w,v,1.57,t,t,1,f,g,202,0,1,751,23037,9165,self_employed,tier_1,0.3978,13872,37
a,32.14,10.665,u,g,q,h,0.15,f,t,12,t,g,129,3,0,407,16511,325,self_employed,tier_3,0.0197,16186,7
b,27.54,5.04,y,p,c,bb,1.3,t,t,8,t,g,144,7,1,841,35047,13300,self_employed,tier_3,0.3795,21747,29
b,25.63,3.25,y,p,q,h,4.88,f,t,2,t,g,369,1,0,424,27847,2533,salaried,tier_2,0.091,25314,79
b,31.45,1.04,y,p,i,bb,0.36,t,t,10,t,g,132,28,0,609,34109,12962,self_employed,tier_2,0.38,21147,19
a,24.77,1.835,u,g,j,j,0.12,f,t,1,f,g,200,53,0,337,41779,542,salaried,tier_1,0.013,41237,15
a,40.95,7.54,y,p,q,h,7.73,t,t,14,f,g,0,2300,1,801,150499,32463,salaried,tier_2,0.2157,118036,111
b,27.18,5.04,y,p,c,bb,1.92,t,t,8,t,g,144,7,1,863,34427,10463,self_employed,tier_3,0.3039,23964,26
b,25.76,1.125,u,g,x,h,1.32,t,f,0,f,g,0,5298,1,675,39903,9450,salaried,tier_1,0.2368,30453,17
b,27.54,13.75,u,g,w,v,6.17,t,f,0,t,g,487,500,1,714,51067,15213,salaried,tier_2,0.2979,35854,74
a,31.09,1.085,y,p,x,v,0.55,f,f,0,f,g,280,13,0,440,19962,3092,business,tier_1,0.1549,16870,28
b,29.68,1.5,y,p,w,v,0.0,f,f,0,f,s,160,0,0,489,22295,7745,freelancer,tier_2,0.3474,14550,0
b,18.0,0.0,y,p,aa,v,0.0,f,f,0,f,g,60,0,0,300,40830,6487,salaried,tier_3,0.1589,34343,0
b,22.92,0.415,y,p,c,v,0.0,f,t,2,f,g,128,6,0,530,44415,4137,freelancer,tier_2,0.0931,40278,14
a,27.81,2.54,y,p,ff,ff,0.36,f,f,0,t,g,180,60,0,660,25623,1900,salaried,tier_3,0.0742,23723,17
b,40.76,6.0,u,g,m,v,0.83,t,t,5,t,g,108,1097,1,714,159810,13181,salaried,tier_2,0.0825,146629,17
b,24.88,3.0,u,g,c,v,1.19,f,t,1,f,g,0,22,0,452,38464,6864,self_employed,tier_2,0.1785,31600,23
b,22.54,11.5,u,g,i,v,3.12,t,t,9,f,g,56,742,1,666,87773,15042,self_employed,tier_3,0.1714,72731,46
b,42.38,4.04,u,g,cc,h,6.92,t,t,8,f,g,320,0,1,809,24684,8981,salaried,tier_2,0.3638,15703,89
a,20.87,10.335,u,g,cc,h,0.67,t,t,1,t,g,80,50,1,842,33892,10984,business,tier_1,0.3241,22908,26
b,18.0,3.29,u,g,i,v,0.46,f,f,0,t,g,140,2,0,570,13321,440,freelancer,tier_3,0.033,12881,8
b,33.24,2.335,u,g,d,h,5.99,f,f,0,t,g,292,0,0,499,16617,6141,business,tier_2,0.3696,10476,87
b,21.86,4.0,u,g,c,bb,0.1,t,f,0,t,g,160,0,1,728,114002,17146,business,tier_2,0.1504,96856,6
b,25.96,1.25,u,g,c,v,0.69,f,f,0,f,g,110,0,0,428,45497,8878,self_employed,tier_3,0.1951,36619,12
a,26.36,3.0,u,g,m,v,3.0,f,t,1,t,g,280,10,0,646,27728,8672,self_employed,tier_2,0.3128,19056,46
b,21.23,9.585,u,g,aa,v,0.71,f,f,0,f,g,80,350,0,388,11452,4874,salaried,tier_1,0.4256,6578,19
b,32.0,2.5,y,p,w,v,6.93,f,f,0,t,g,280,0,0,548,27966,4672,salaried,tier_3,0.1671,23294,95
b,65.02,20.0,u,g,x,h,17.92,t,t,9,t,g,0,1000,1,669,28499,6694,self_employed,tier_1,0.2349,21805,221
b,38.31,1.625,u,g,c,v,1.58,t,t,10,f,g,186,4700,1,854,34406,6225,self_employed,tier_3,0.1809,28181,41
b,22.52,1.5,u,g,q,v,2.58,t,t,3,t,g,0,582,1,705,47314,10874,business,tier_3,0.2298,36440,41
b,23.32,9.0,u,g,aa,v,0.17,f,f,0,t,g,0,0,0,414,30234,458,business,tier_2,0.0151,29776,11
a,56.74,7.08,u,g,k,h,6.47,t,t,3,t,g,100,50,0,529,42253,3,self_employed,tier_1,0.0001,42250,94
b,32.48,0.165,y,p,c,h,3.47,t,t,1,t,g,432,8000,1,745,32621,8286,business,tier_3,0.254,24335,61
b,61.03,2.75,u,g,w,v,1.86,t,t,5,t,g,60,58,1,741,80320,23551,salaried,tier_3,0.2932,56769,36
b,31.06,2.5,u,g,aa,v,7.5,t,f,0,t,g,523,0,0,552,34619,1886,freelancer,tier_2,0.0545,32733,93
a,23.69,1.25,u,g,q,v,0.37,f,f,0,t,g,120,809,0,600,15566,4001,salaried,tier_2,0.257,11565,18
b,36.76,2.415,u,g,w,v,0.0,f,t,2,f,g,220,1,0,566,28976,9462,self_employed,tier_1,0.3265,19514,15
b,29.19,2.71,y,p,m,v,0.42,f,f,0,t,s,80,0,0,667,23901,3378,freelancer,tier_2,0.1413,20523,23
b,23.52,0.585,y,p,cc,h,0.57,f,f,0,f,g,240,1,0,537,17004,5943,freelancer,tier_3,0.3495,11061,24
b,27.93,2.0,u,g,k,h,4.56,t,t,2,t,g,181,0,1,784,149595,53877,salaried,tier_2,0.3602,95718,72
a,34.59,3.75,u,g,ff,ff,0.0,f,t,6,f,g,0,200,0,344,28386,10032,salaried,tier_3,0.3534,18354,18
b,26.54,0.625,u,g,aa,v,0.36,t,f,0,t,g,200,0,0,375,10892,2765,salaried,tier_3,0.2539,8127,17
a,39.67,1.665,u,g,aa,v,0.56,f,f,0,f,g,0,390,0,539,28285,526,self_employed,tier_3,0.0186,27759,24
a,18.0,0.0,y,p,j,ff,0.1,f,f,0,f,g,86,0,0,336,45698,16109,self_employed,tier_1,0.3525,29589,20
b,30.34,0.58,u,g,w,v,0.34,f,t,1,f,g,340,2803,0,592,29200,6317,self_employed,tier_2,0.2163,22883,24
b,70.0,9.0,u,g,ff,ff,4.43,f,t,1,f,g,70,6,0,460,39336,998,self_employed,tier_3,0.0254,38338,57
a,26.34,8.665,u,g,aa,v,1.45,t,f,0,f,g,160,150,1,849,35803,4283,freelancer,tier_2,0.1196,31520,26
b,27.37,2.25,u,g,i,bb,0.51,f,f,0,t,g,640,4000,0,378,34350,8168,self_employed,tier_2,0.2378,26182,26
a,21.7,0.79,y,p,q,v,1.04,t,t,2,t,g,80,400,1,655,138372,13547,self_employed,tier_2,0.0979,124825,13
b,45.71,0.5,u,g,m,v,10.32,t,f,0,f,s,400,0,0,551,42175,11640,salaried,tier_2,0.276,30535,124
b,24.97,12.835,u,g,cc,v,0.01,f,f,0,f,g,0,2,0,434,19166,7051,salaried,tier_1,0.3679,12115,5
b,27.88,12.5,u,g,aa,bb,0.66,f,f,0,t,g,720,0,0,424,30965,3510,self_employed,tier_1,0.1134,27455,24
b,32.25,0.5,u,g,d,h,0.0,f,f,0,t,s,252,0,0,660,21914,5985,business,tier_1,0.2731,15929,0
a,34.3,1.585,y,p,ff,ff,0.0,t,f,0,f,g,320,0,0,392,12636,2093,business,tier_2,0.1656,10543,2
b,23.4,0.125,y,p,k,v,0.47,f,f,0,f,g,200,70,0,300,21730,923,self_employed,tier_2,0.0425,20807,6
a,23.28,9.0,u,g,q,v,8.61,t,t,5,t,g,120,0,1,661,36009,1117,salaried,tier_1,0.031,34892,111
b,23.91,0.29,y,p,c,v,1.61,f,f,0,t,g,160,0,0,369,42874,14818,salaried,tier_1,0.3456,28056,34
b,20.02,3.54,y,p,ff,ff,0.0,f,f,0,t,g,180,1,0,466,27398,9939,salaried,tier_3,0.3628,17459,16
b,18.0,2.75,u,g,aa,v,1.0,f,t,1,f,g,80,21,0,508,33074,2706,business,tier_2,0.0818,30368,15
b,19.38,5.71,u,g,d,v,0.21,f,f,0,f,g,120,0,0,327,21477,1703,self_employed,tier_3,0.0793,19774,19
b,25.76,0.75,u,g,q,h,0.0,f,f,0,t,g,220,251,0,527,13237,2788,salaried,tier_2,0.2106,10449,1
b,26.2,0.54,u,g,m,v,0.69,f,f,0,t,g,120,1,0,459,24702,9396,business,tier_3,0.3804,15306,16
b,30.05,15.5,u,g,c,v,0.27,t,f,0,f,g,120,0,0,561,22881,2792,self_employed,tier_2,0.122,20089,13
b,39.56,4.25,u,g,c,bb,6.28,t,t,16,f,g,117,1210,1,870,44506,16942,self_employed,tier_3,0.3807,27564,88
a,26.56,2.0,u,g,j,j,0.17,f,f,0,t,g,276,1,0,662,45439,11879,business,tier_1,0.2614,33560,13
b,19.5,0.375,u,g,q,v,1.72,t,t,2,t,g,80,0,1,753,130769,20963,business,tier_3,0.1603,109806,29
b,33.53,9.17,u,g,c,v,4.68,t,t,12,t,g,0,221,1,800,90972,36851,salaried,tier_2,0.4051,54121,60
b,25.37,0.375,u,g,m,v,0.0,t,t,3,f,g,260,15108,1,900,71576,18562,salaried,tier_2,0.2593,53014,18
b,18.92,10.0,y,p,k,h,0.48,t,f,0,t,g,140,0,0,595,12432,4965,freelancer,tier_2,0.3994,7467,14
a,50.0,0.835,u,g,aa,v,0.51,f,f,0,t,g,240,117,0,372,25336,20,self_employed,tier_1,0.0008,25316,21
a,38.36,1.665,u,g,aa,v,0.67,f,f,0,f,g,0,390,0,556,26630,644,self_employed,tier_3,0.0242,25986,23
a,39.01,1.5,u,g,ff,ff,0.36,f,f,0,f,g,76,0,0,616,28107,6152,self_employed,tier_2,0.2189,21955,21
a,18.0,0.54,u,g,c,v,2.22,f,t,1,t,g,80,5,0,667,36865,5606,salaried,tier_1,0.1521,31259,32
b,22.37,1.835,u,g,c,v,2.4,t,t,1,f,g,100,150,1,804,45703,22134,self_employed,tier_1,0.4843,23569,48
b,50.75,0.585,u,g,ff,ff,0.18,f,f,0,f,g,145,0,0,334,11680,2080,business,tier_2,0.1781,9600,9
b,35.45,4.415,y,p,k,v,0.38,t,t,10,t,g,320,0,1,768,79590,596,self_employed,tier_2,0.0075,78994,16
a,63.99,0.165,u,g,ff,ff,0.12,t,t,1,f,g,232,100,1,855,137285,6275,business,tier_2,0.0457,131010,1
b,33.14,16.165,u,g,d,v,2.65,t,t,9,f,g,250,730,1,817,33600,7935,business,tier_1,0.2362,25665,49
b,34.59,4.25,u,g,q,v,3.54,f,f,0,f,g,454,50,0,566,29018,5521,self_employed,tier_1,0.1903,23497,44
b,18.0,0.835,u,g,m,v,0.0,t,f,0,f,s,200,0,0,385,20572,1036,freelancer,tier_2,0.0504,19536,7
a,22.77,10.75,u,g,q,v,0.36,t,t,5,t,g,0,560,1,684,39773,8949,salaried,tier_2,0.225,30824,25
b,31.01,3.5,u,g,k,v,0.52,f,f,0,t,g,232,0,0,344,32701,7690,business,tier_3,0.2352,25011,20
a,31.27,5.29,u,g,e,dd,1.88,t,t,5,t,g,99,500,1,748,23062,9127,salaried,tier_2,0.3958,13935,35
b,29.65,6.5,u,g,cc,v,2.98,t,t,8,f,g,330,1200,1,644,87041,3077,salaried,tier_3,0.0354,83964,55
a,19.68,11.835,u,g,c,h,5.56,t,f,0,f,g,340,0,1,690,94507,20287,freelancer,tier_2,0.2147,74220,83
a,40.39,4.0,u,g,c,v,3.48,f,f,0,f,g,480,0,0,624,16740,537,freelancer,tier_2,0.0321,16203,48
b,21.72,0.25,y,p,c,h,0.0,f,f,0,f,g,280,204,0,665,25044,4472,salaried,tier_3,0.1786,20572,6
b,20.42,0.415,y,p,c,v,0.0,f,t,1,f,g,200,1,0,524,27082,9498,freelancer,tier_3,0.3507,17584,9
b,29.19,9.335,u,g,q,h,6.06,t,t,6,f,g,381,168,1,857,27687,6208,business,tier_3,0.2242,21479,75
a,31.38,1.375,u,g,w,h,0.02,f,t,3,f,g,0,33,0,562,44138,6788,salaried,tier_2,0.1538,37350,11
b,29.35,3.0,u,g,w,v,0.39,f,f,0,t,g,300,67,0,348,23947,7792,business,tier_2,0.3254,16155,7
a,20.8,10.75,u,g,q,v,0.3,t,t,5,t,g,0,560,1,649,36965,9119,salaried,tier_2,0.2467,27846,10
a,25.85,3.0,u,g,q,h,1.45,t,t,19,f,g,0,500,1,781,141577,44867,business,tier_3,0.3169,96710,24
b,31.78,19.5,u,g,c,v,6.7,t,t,16,f,g,0,5000,1,830,86827,30602,salaried,tier_2,0.3524,56225,80
b,24.95,4.25,u,g,cc,v,3.84,t,t,1,t,g,120,0,1,733,37116,508,salaried,tier_2,0.0137,36608,53
a,22.95,11.585,u,g,cc,v,0.0,t,f,0,f,g,80,1349,1,647,127942,50590,salaried,tier_3,0.3954,77352,9
a,18.0,10.0,u,g,d,v,0.72,f,f,0,f,g,80,42,0,627,17509,920,salaried,tier_2,0.0525,16589,23
a,37.69,4.71,u,g,ff,ff,0.09,f,f,0,f,g,160,0,0,382,17078,6391,salaried,tier_3,0.3742,10687,24
b,39.69,1.625,u,g,c,v,1.61,f,f,0,f,g,0,316,0,556,12696,3890,salaried,tier_2,0.3064,8806,30
b,32.39,2.71,y,p,m,v,0.0,f,f,0,t,s,80,0,0,642,26996,3115,freelancer,tier_2,0.1154,23881,17
b,62.06,0.54,u,g,c,v,0.43,t,t,3,t,g,180,0,0,439,28236,9359,self_employed,tier_1,0.3315,18877,24
a,24.92,2.415,y,p,c,v,0.35,f,f,0,f,g,120,0,0,647,27337,5908,freelancer,tier_2,0.2161,21429,8
b,21.02,2.25,u,g,i,v,0.0,f,f,0,f,g,160,10,0,432,11258,4612,salaried,tier_2,0.4097,6646,5
a,18.88,9.25,u,g,q,v,1.57,t,t,4,f,g,60,540,1,744,24597,5976,salaried,tier_3,0.243,18621,35
b,52.47,15.0,u,g,c,v,8.48,t,t,9,f,g,0,0,1,810,26702,4715,salaried,tier_1,0.1766,21987,107
b,42.81,0.42,u,g,c,h,0.55,t,t,6,f,g,220,948,1,758,52893,7374,business,tier_2,0.1394,45519,11
a,18.0,0.585,u,g,c,h,1.32,t,t,2,f,g,100,0,1,810,57310,6776,salaried,tier_1,0.1182,50534,17
b,36.99,0.75,u,g,k,v,1.34,f,f,0,t,g,231,0,0,621,16515,4823,salaried,tier_1,0.292,11692,38
b,31.98,2.165,u,g,c,v,1.75,f,f,0,f,p,120,0,0,500,26217,3669,salaried,tier_3,0.1399,22548,43
b,42.2,4.625,u,g,q,v,4.86,t,f,0,f,s,0,0,1,883,77467,5716,salaried,tier_1,0.0738,71751,64
b,27.5,1.125,u,g,x,h,0.98,t,f,0,f,g,0,5298,1,670,39358,7374,salaried,tier_1,0.1874,31984,31
b,39.16,1.625,u,g,c,v,1.97,t,t,10,f,g,186,4700,1,840,31391,5398,self_employed,tier_3,0.172,25993,42
b,41.93,2.25,u,g,i,bb,0.33,t,f,0,f,g,560,0,0,547,19359,1311,salaried,tier_1,0.0677,18048,10
a,57.29,19.5,u,g,c,v,5.07,t,t,7,f,g,0,3000,1,666,153072,51779,business,tier_2,0.3383,101293,62
b,39.55,0.54,y,p,aa,v,0.6,t,t,3,f,g,200,1000,1,737,46619,1184,business,tier_3,0.0254,45435,26
b,38.73,2.5,y,p,i,h,10.22,f,f,0,t,s,200,0,0,347,17861,2362,business,tier_3,0.1322,15499,144
b,25.66,2.0,u,g,e,dd,0.63,f,t,2,f,g,320,1300,0,615,28503,923,business,tier_2,0.0324,27580,18
b,42.71,0.375,y,p,c,v,0.28,t,t,8,t,g,300,162,1,807,25594,651,salaried,tier_1,0.0254,24943,6
b,31.78,2.165,u,g,c,v,1.03,f,f,0,f,p,120,0,0,513,27917,3235,salaried,tier_3,0.1159,24682,32
b,32.31,6.5,u,g,aa,v,0.23,t,f,0,t,g,443,0,0,706,12249,3576,salaried,tier_1,0.2919,8673,19
b,29.0,3.25,y,p,q,h,4.87,f,t,2,t,g,369,1,0,466,31185,2287,salaried,tier_2,0.0733,28898,63
a,30.01,0.375,u,g,q,v,0.52,t,t,4,f,g,80,0,1,719,100562,13308,salaried,tier_1,0.1323,87254,26
b,28.33,2.04,y,p,aa,v,1.99,t,t,3,t,g,370,560,1,759,30287,6331,freelancer,tier_3,0.209,23956,32
b,18.79,9.5,u,g,q,v,0.56,t,f,0,t,g,60,400,1,790,45992,5662,salaried,tier_3,0.1231,40330,23
b,18.67,0.335,y,p,k,v,0.28,f,f,0,f,s,200,0,0,520,11971,1859,salaried,tier_2,0.1553,10112,10
b,35.07,1.335,u,g,i,bb,0.05,f,f,0,t,g,440,4500,0,646,16975,1134,salaried,tier_2,0.0668,15841,5
b,24.05,0.75,u,g,i,v,1.8,f,t,1,t,g,400,9,0,713,36181,7359,business,tier_2,0.2034,28822,40
a,50.06,1.5,u,g,j,j,0.15,t,f,0,t,g,100,27,0,508,18022,1973,self_employed,tier_1,0.1095,16049,5
b,18.0,6.75,y,p,m,v,0.0,f,f,0,f,g,140,0,0,555,28405,9246,business,tier_2,0.3255,19159,15
a,49.99,12.54,u,g,aa,v,2.0,t,t,3,t,g,156,0,1,757,139114,48804,salaried,tier_2,0.3508,90310,42
b,22.16,0.585,u,g,c,h,0.0,t,f,0,f,g,180,0,0,418,11870,4137,business,tier_1,0.3485,7733,23
b,18.0,6.75,y,p,m,v,0.0,f,f,0,f,g,140,0,0,523,26699,7806,business,tier_2,0.2924,18893,5
a,33.03,3.125,u,g,ff,ff,3.2,f,t,2,t,g,200,4,0,358,28208,8000,salaried,tier_2,0.2836,20208,41
b,42.16,3.29,u,g,m,v,3.99,f,f,0,t,s,400,0,0,429,13323,2455,freelancer,tier_2,0.1843,10868,69
b,25.07,0.875,u,g,q,v,4.78,t,t,2,t,g,520,2000,1,753,159342,11211,salaried,tier_1,0.0704,148131,78
a,23.44,0.585,y,p,ff,ff,0.23,f,f,0,f,g,120,87,0,388,10582,91,salaried,tier_3,0.0086,10491,3
b,31.93,0.25,u,g,i,bb,3.91,f,f,0,t,s,420,0,0,630,12993,3180,salaried,tier_3,0.2447,9813,49
b,19.31,4.125,y,p,i,h,0.0,f,f,0,f,g,140,100,0,627,32771,11548,salaried,tier_2,0.3524,21223,11
a,36.08,0.29,u,g,ff,ff,0.41,f,t,10,f,g,200,18,0,337,32409,1135,self_employed,tier_1,0.035,31274,7
b,22.86,0.625,y,p,aa,v,0.59,t,f,0,f,g,180,1,0,560,26525,5080,business,tier_3,0.1915,21445,19
b,26.11,3.25,u,g,c,h,2.29,f,t,1,t,g,416,21,0,618,18777,5263,business,tier_1,0.2803,13514,35
b,28.61,2.71,y,p,m,v,0.0,f,f,0,t,s,80,0,0,633,27507,3173,freelancer,tier_2,0.1154,24334,6
b,25.21,1.5,u,g,q,v,2.65,t,t,3,t,g,0,582,1,733,51160,11160,business,tier_3,0.2181,40000,43
a,18.0,2.875,u,g,q,v,0.0,f,f,0,f,g,120,0,0,345,31317,12928,salaried,tier_1,0.4128,18389,21
b,37.89,4.25,u,g,q,v,3.77,f,f,0,f,g,454,50,0,521,29625,5666,self_employed,tier_1,0.1913,23959,52
b,35.14,3.375,u,g,c,h,8.61,f,f,0,t,g,0,0,0,469,12103,1910,self_employed,tier_1,0.1578,10193,104
b,40.02,1.54,u,g,i,bb,3.12,f,f,0,f,g,216,0,1,861,30110,2737,salaried,tier_1,0.0909,27373,51
b,18.0,0.0,y,p,aa,v,0.73,f,f,0,f,g,60,0,0,326,41667,6591,salaried,tier_3,0.1582,35076,31
b,35.34,4.04,y,p,i,bb,8.99,t,t,7,t,g,195,0,1,788,30605,6693,salaried,tier_1,0.2187,23912,114
a,31.36,3.75,u,g,cc,h,1.06,t,t,9,t,g,181,0,1,881,73537,11182,salaried,tier_3,0.1521,62355,30
b,32.73,9.0,y,p,w,h,5.25,t,f,0,t,g,154,0,1,705,140669,12296,salaried,tier_3,0.0874,128373,79
b,27.77,1.25,u,g,w,v,1.5,f,f,0,f,g,200,0,0,510,18245,5994,self_employed,tier_3,0.3285,12251,19
b,41.54,0.5,y,p,m,v,0.58,f,f,0,t,g,130,0,0,334,16020,4266,business,tier_1,0.2663,11754,22
a,21.14,0.165,u,g,q,v,0.0,f,f,0,t,g,380,0,0,554,26437,3645,business,tier_2,0.1379,22792,11
a,23.62,12.5,u,g,d,v,0.71,f,f,0,t,g,180,1062,0,327,27212,7008,business,tier_3,0.2575,20204,16
b,20.55,11.5,u,g,i,v,0.42,t,f,0,t,g,100,68,0,344,26970,10967,self_employed,tier_1,0.4066,16003,24
b,44.78,5.0,u,g,i,bb,2.41,f,f,0,t,g,141,0,0,618,10575,1007,salaried,tier_2,0.0952,9568,43
b,30.14,2.085,u,g,c,v,0.0,f,f,0,f,g,300,0,0,566,35746,9839,business,tier_2,0.2752,25907,2
b,38.79,10.125,u,g,x,v,2.33,t,t,6,f,g,520,196,1,895,38959,4537,salaried,tier_1,0.1165,34422,39
a,30.39,5.5,u,g,k,v,5.02,f,f,0,t,s,100,0,0,541,18152,1350,business,tier_2,0.0744,16802,68
b,25.56,6.0,u,g,c,v,1.25,t,t,3,f,g,0,0,1,773,34656,3960,business,tier_1,0.1143,30696,18
b,40.66,0.04,u,g,e,v,0.18,f,t,1,f,s,560,0,1,792,44100,9652,salaried,tier_1,0.2189,34448,3
a,31.37,1.46,u,g,w,v,0.65,t,t,16,f,g,120,2079,1,667,26121,1256,business,tier_3,0.0481,24865,17
b,28.02,1.25,y,p,k,v,0.71,f,f,0,f,g,224,0,0,319,44415,2887,self_employed,tier_2,0.065,41528,14
b,41.56,5.0,u,g,c,v,4.52,t,t,7,f,g,0,3065,1,747,164768,27455,business,tier_3,0.1666,137313,70
b,35.15,9.17,u,g,c,v,4.59,t,t,12,t,g,0,221,1,813,103781,39420,salaried,tier_2,0.3798,64361,78
b,39.76,6.0,u,g,m,v,1.57,t,t,5,t,g,108,1097,1,711,130887,15484,salaried,tier_2,0.1183,115403,36
a,22.82,1.25,y,p,ff,ff,3.54,f,f,0,f,g,280,0,0,679,10604,2252,business,tier_2,0.2124,8352,60
a,28.97,5.29,u,g,e,dd,1.78,t,t,5,t,g,99,500,1,729,21619,10356,salaried,tier_2,0.479,11263,32
b,25.92,1.5,u,g,w,v,2.66,f,t,1,t,g,100,3,0,558,16690,5209,business,tier_2,0.3121,11481,49
b,21.65,1.835,u,g,c,v,2.67,t,t,1,f,g,100,150,1,819,44534,16858,self_employed,tier_1,0.3785,27676,40
b,64.04,20.0,u,g,x,h,17.56,t,t,9,t,g,0,1000,1,677,23200,7184,self_employed,tier_1,0.3097,16016,213
b,70.0,17.75,u,g,ff,ff,0.0,t,f,0,t,g,0,0,1,743,96551,18767,self_employed,tier_1,0.1944,77784,22
b,29.24,0.0,u,g,w,v,0.79,t,t,1,f,g,202,0,1,734,28322,8501,self_employed,tier_1,0.3002,19821,29
b,54.25,12.5,u,g,k,h,8.06,t,f,0,t,g,24,2028,1,753,25827,5764,salaried,tier_1,0.2232,20063,100
a,20.48,5.0,y,p,ff,ff,0.0,f,f,0,f,g,0,0,0,624,33014,391,salaried,tier_2,0.0118,32623,17
b,23.05,0.25,u,g,d,h,0.94,t,f,0,t,g,0,0,1,826,79732,11638,salaried,tier_3,0.146,68094,32
b,65.0,0.54,u,g,c,v,0.49,t,t,3,t,g,180,0,0,435,26512,8363,self_employed,tier_1,0.3154,18149,27
b,24.26,0.75,u,g,i,v,1.77,f,t,1,t,g,400,9,0,700,42831,8650,business,tier_2,0.202,34181,29
b,24.43,11.5,u,g,i,v,0.02,f,f,0,f,g,0,0,0,524,11190,1127,business,tier_1,0.1007,10063,2
a,35.38,0.75,u,g,k,bb,0.63,t,t,3,t,g,212,0,0,424,41669,9670,salaried,tier_2,0.2321,31999,8
b,18.0,0.835,u,g,m,v,0.0,t,f,0,f,s,200,0,0,386,17141,1086,freelancer,tier_2,0.0634,16055,18
a,29.3,1.375,u,g,w,h,0.0,f,t,3,f,g,0,33,0,580,45972,7175,salaried,tier_2,0.1561,38797,10
a,20.86,0.21,u,g,q,h,0.33,t,t,11,f,g,80,99,1,743,32517,8231,business,tier_2,0.2531,24286,3
a,18.0,10.0,u,g,d,v,0.71,f,f,0,f,g,80,42,0,633,16807,843,salaried,tier_2,0.0502,15964,28
b,39.99,0.5,y,p,m,v,0.61,f,f,0,t,g,130,0,0,313,20325,3164,business,tier_1,0.1557,17161,16
a,23.93,11.0,y,p,aa,v,4.57,t,f,0,f,g,120,0,0,539,10288,196,salaried,tier_3,0.0191,10092,61
a,24.56,1.75,y,p,c,v,0.35,f,f,0,f,g,132,0,0,585,31770,10205,freelancer,tier_2,0.3212,21565,16
b,26.04,2.0,u,g,d,v,0.59,f,f,0,t,g,80,0,0,615,42703,14039,salaried,tier_3,0.3288,28664,21
b,31.79,1.0,u,g,x,v,0.61,t,t,7,t,g,340,4071,1,773,110091,39333,self_employed,tier_3,0.3573,70758,29
a,68.48,15.0,u,g,e,z,0.0,t,t,14,f,g,0,3376,1,691,85674,8509,business,tier_3,0.0993,77165,19
a,19.92,9.25,u,g,q,v,1.42,t,t,4,f,g,60,540,1,761,28567,5675,salaried,tier_3,0.1987,22892,35
a,37.03,4.71,u,g,ff,ff,0.0,f,f,0,f,g,160,0,0,427,15652,7926,salaried,tier_3,0.5064,7726,1
b,41.01,1.625,u,g,c,v,1.01,f,f,0,f,g,0,316,0,609,13158,4358,salaried,tier_2,0.3312,8800,33
b,26.78,3.0,u,g,w,v,0.85,f,f,0,t,g,300,67,0,315,26097,7268,business,tier_2,0.2785,18829,18
a,40.25,1.04,u,g,aa,v,1.11,f,f,0,f,g,240,237,0,365,31326,11571,business,tier_3,0.3694,19755,24
a,27.47,1.25,u,g,ff,ff,0.11,f,t,1,f,g,92,300,0,300,26655,464,salaried,tier_1,0.0174,26191,21
b,29.1,13.0,u,g,d,h,0.78,f,f,0,f,g,228,0,0,406,31351,6708,self_employed,tier_2,0.214,24643,22
b,18.0,4.0,y,p,w,v,1.92,t,t,2,t,g,120,1000,1,706,114474,3578,salaried,tier_2,0.0313,110896,37
b,53.01,3.0,y,p,ff,ff,1.5,f,f,0,f,g,180,4,0,341,44941,7594,self_employed,tier_1,0.169,37347,19
b,38.18,4.0,u,g,c,bb,5.22,t,f,0,t,s,280,0,0,448,39269,17038,salaried,tier_1,0.4339,22231,65
b,54.27,6.5,u,g,k,v,6.61,t,t,15,f,g,0,11202,1,667,21549,9356,business,tier_2,0.4342,12193,88
b,62.92,0.54,u,g,c,v,0.31,t,t,3,t,g,180,0,0,412,28760,11884,self_employed,tier_1,0.4132,16876,23
a,31.91,1.625,u,g,d,v,0.38,f,f,0,t,g,0,0,0,550,19762,5399,salaried,tier_2,0.2732,14363,18
b,34.37,9.17,u,g,c,v,4.22,t,t,12,t,g,0,221,1,803,106044,34650,salaried,tier_2,0.3268,71394,64
a,18.19,0.75,u,g,c,v,0.75,t,t,5,t,g,140,5,0,675,39512,10669,self_employed,tier_3,0.27,28843,32
b,34.33,2.5,u,g,k,v,4.89,t,t,7,f,g,150,1270,1,793,43326,5774,salaried,tier_1,0.1333,37552,72
b,18.0,6.5,u,g,i,v,0.0,f,f,0,f,g,60,100,0,579,17605,661,freelancer,tier_3,0.0375,16944,15
a,18.76,5.415,u,g,i,h,0.16,f,f,0,f,g,80,484,0,578,17832,5316,salaried,tier_2,0.2981,12516,14
b,39.61,4.04,u,g,cc,h,7.36,t,t,8,f,g,320,0,1,820,28214,9506,salaried,tier_2,0.3369,18708,93
b,25.13,0.75,u,g,c,h,4.27,t,t,3,t,g,312,150,1,680,36481,11451,salaried,tier_1,0.3139,25030,74
a,25.38,12.5,u,g,aa,v,1.54,t,t,12,t,g,120,567,1,753,70762,18313,salaried,tier_1,0.2588,52449,26
b,41.61,1.25,y,p,w,v,0.61,f,f,0,f,g,0,195,0,614,18136,4119,self_employed,tier_3,0.2271,14017,18
b,39.91,6.0,u,g,m,v,1.28,t,t,5,t,g,108,1097,1,730,130472,15482,salaried,tier_2,0.1187,114990,34
b,43.72,0.375,y,p,c,v,0.56,t,t,8,t,g,300,162,1,787,28544,580,salaried,tier_1,0.0203,27964,10
b,35.63,4.0,u,g,c,bb,4.59,t,f,0,t,s,280,0,0,447,38320,17255,salaried,tier_1,0.4503,21065,68
b,22.74,0.835,u,g,i,h,0.0,f,f,0,t,g,220,5,0,432,29800,8446,salaried,tier_1,0.2834,21354,3
b,29.6,1.5,y,p,w,v,0.0,f,f,0,f,s,160,0,0,485,23914,6837,freelancer,tier_2,0.2859,17077,13
b,21.04,10.0,y,p,k,h,0.83,t,f,0,t,g,140,0,0,638,12657,4840,freelancer,tier_2,0.3824,7817,26
b,36.57,0.75,u,g,k,v,1.97,f,f,0,t,g,231,0,0,597,18876,5017,salaried,tier_1,0.2658,13859,38
b,32.81,5.085,y,p,i,bb,1.56,f,f,0,t,g,480,0,0,330,12775,3565,self_employed,tier_2,0.2791,9210,38
a,22.12,6.165,u,g,aa,v,0.52,f,f,0,f,g,220,1000,0,370,11165,2295,salaried,tier_2,0.2056,8870,23
b,29.62,1.29,u,g,k,h,0.07,f,f,0,t,s,140,0,0,505,17004,5783,salaried,tier_2,0.3401,11221,6
a,32.38,6.0,u,g,d,v,1.71,f,f,0,f,g,272,0,0,452,22189,2510,salaried,tier_3,0.1131,19679,25
a,28.87,1.5,u,g,m,v,2.19,t,f,0,f,s,368,0,0,377,31399,1859,business,tier_2,0.0592,29540,39
b,18.0,0.835,u,g,m,v,0.0,t,f,0,f,s,200,0,0,375,15514,1233,freelancer,tier_2,0.0795,14281,7
a,52.17,0.165,u,g,ff,ff,0.2,f,f,0,t,s,62,27,0,612,30879,6338,salaried,tier_1,0.2053,24541,14
b,49.39,25.085,u,g,w,v,1.27,t,t,3,f,g,120,14,1,854,27772,9262,business,tier_1,0.3335,18510,32
b,49.32,0.205,y,p,k,v,0.0,t,t,11,f,g,380,2732,1,723,39103,12655,self_employed,tier_1,0.3236,26448,11
b,26.97,1.54,u,g,w,v,0.45,f,f,0,f,g,100,0,0,584,11816,3233,business,tier_2,0.2736,8583,15
a,19.13,9.25,y,p,c,v,1.15,t,t,4,t,g,80,500,1,894,49389,252,self_employed,tier_2,0.0051,49137,19
a,29.83,1.75,y,p,k,v,1.11,f,f,0,t,g,280,0,0,465,15715,3251,self_employed,tier_1,0.2069,12464,19
b,42.44,1.54,u,g,i,bb,3.5,f,f,0,f,g,216,0,1,858,36793,2725,salaried,tier_1,0.0741,34068,46
b,19.5,1.835,u,g,c,v,2.66,t,t,1,f,g,100,150,1,780,54818,16708,self_employed,tier_1,0.3048,38110,45
b,21.49,11.0,u,g,cc,v,0.8,t,f,0,f,g,100,0,1,693,32318,8460,salaried,tier_1,0.2618,23858,29
a,19.74,10.0,u,g,w,v,0.9,f,t,1,f,g,120,1,0,322,11716,2686,salaried,tier_1,0.2293,9030,11
a,26.91,2.04,u,g,w,v,0.0,f,f,0,t,g,180,50,0,396,19829,1416,business,tier_2,0.0714,18413,22
b,43.36,2.25,u,g,i,bb,0.54,t,f,0,f,g,560,0,0,576,20036,1912,salaried,tier_1,0.0954,18124,15
b,24.31,2.75,u,g,ff,ff,4.98,f,f,0,f,g,160,25,0,617,36918,916,self_employed,tier_2,0.0248,36002,81
a,23.75,1.75,y,p,j,j,0.0,f,f,0,f,g,160,0,0,552,30455,1693,freelancer,tier_2,0.0556,28762,8
a,24.24,2.415,y,p,c,v,0.0,f,f,0,f,g,120,0,0,673,22693,5702,freelancer,tier_2,0.2513,16991,10
a,24.21,1.04,y,p,ff,ff,0.5,t,t,3,f,g,180,147,0,308,15850,714,business,tier_3,0.045,15136,29
a,28.54,1.25,u,g,ff,ff,0.38,f,t,1,f,g,92,300,0,300,33700,366,salaried,tier_1,0.0109,33334,12
a,22.05,8.5,u,g,c,v,0.27,f,f,0,f,g,0,351,0,666,27403,4149,salaried,tier_2,0.1514,23254,4
b,32.17,1.125,u,g,ff,ff,0.19,f,t,1,f,g,96,19,0,617,43120,13741,self_employed,tier_3,0.3187,29379,15
b,27.27,12.5,u,g,aa,bb,0.14,f,f,0,t,g,720,0,0,443,25938,4830,self_employed,tier_1,0.1862,21108,11
b,43.55,0.5,u,g,m,v,10.28,t,f,0,f,s,400,0,0,560,44124,14683,salaried,tier_2,0.3328,29441,133
b,52.26,2.04,y,p,ff,ff,1.93,f,f,0,f,g,120,1,0,381,17665,7798,self_employed,tier_1,0.4414,9867,33
b,43.58,1.04,u,g,w,v,5.45,t,t,6,t,g,500,10000,1,834,142907,47434,salaried,tier_3,0.3319,95473,82
b,43.29,0.96,u,g,x,v,2.95,t,f,0,f,g,510,600,1,715,101394,5354,salaried,tier_1,0.0528,96040,35
a,21.1,7.0,u,g,c,v,0.61,f,f,0,f,g,160,0,0,549,10528,472,salaried,tier_2,0.0448,10056,9
b,18.88,4.0,y,p,i,v,1.32,f,f,0,t,g,360,1000,0,459,19385,5588,salaried,tier_2,0.2883,13797,21
b,22.44,10.04,u,g,x,v,0.22,t,t,9,f,g,60,396,1,859,76854,26713,business,tier_3,0.3476,50141,15
b,29.58,2.0,u,g,x,h,1.34,t,t,4,f,g,140,7544,1,699,67948,13213,self_employed,tier_2,0.1945,54735,38
b,25.71,12.5,u,g,aa,v,3.1,t,f,0,t,s,20,0,1,825,45323,14269,business,tier_1,0.3148,31054,45
b,33.8,9.17,u,g,c,v,4.13,t,t,12,t,g,0,221,1,801,90527,32075,salaried,tier_2,0.3543,58452,49
a,21.52,0.79,y,p,q,v,1.39,t,t,2,t,g,80,400,1,693,130065,14123,self_employed,tier_2,0.1086,115942,26
a,48.01,8.0,u,g,c,v,8.35,t,t,6,t,g,0,1260,1,645,25658,4737,salaried,tier_1,0.1846,20921,109
b,19.05,0.835,y,p,c,v,1.85,f,f,0,t,s,240,0,0,556,19837,3400,salaried,tier_2,0.1714,16437,32
b,22.01,5.29,u,g,q,v,0.74,t,t,1,f,g,160,0,0,467,10262,3441,salaried,tier_2,0.3353,6821,10
b,27.68,1.75,y,p,c,v,0.59,t,t,5,t,g,160,5777,1,795,64852,887,salaried,tier_3,0.0137,63965,25
a,24.59,12.5,u,g,aa,v,1.33,t,t,12,t,g,120,567,1,750,76637,16961,salaried,tier_1,0.2213,59676,25
b,23.8,9.0,u,g,aa,v,0.1,f,f,0,t,g,0,0,0,423,32875,615,business,tier_2,0.0187,32260,14
a,25.17,0.585,y,p,ff,ff,0.0,f,f,0,f,g,120,87,0,340,11376,85,salaried,tier_3,0.0075,11291,13
b,22.57,1.0,u,g,c,v,0.12,f,f,0,t,s,280,0,0,592,28646,6151,business,tier_1,0.2147,22495,14
b,20.92,0.5,u,g,c,v,0.0,f,f,0,f,g,360,0,0,641,41156,9733,salaried,tier_3,0.2365,31423,20
b,34.93,1.04,u,g,r,h,6.84,t,f,0,t,g,164,31285,1,846,46613,1326,salaried,tier_3,0.0284,45287,91
a,25.32,0.5,u,g,q,h,0.81,t,t,1,f,g,0,678,1,900,21449,8578,business,tier_2,0.3999,12871,13
b,27.2,0.875,u,g,k,v,0.17,f,t,2,t,g,174,3,0,450,26764,4141,salaried,tier_1,0.1547,22623,20
a,20.28,6.0,u,g,aa,v,2.01,t,t,3,f,g,80,918,1,637,77827,16677,salaried,tier_1,0.2143,61150,24
b,46.74,7.625,u,g,w,h,15.7,t,t,12,f,g,0,790,1,720,153634,10342,salaried,tier_1,0.0673,143292,193
b,49.68,15.0,u,g,c,v,8.62,t,t,9,f,g,0,0,1,822,26812,6169,salaried,tier_1,0.2301,20643,118
b,36.28,6.5,u,g,m,h,4.39,t,t,12,t,g,93,0,1,683,26314,1074,salaried,tier_3,0.0408,25240,62
b,36.27,2.5,u,g,k,v,4.37,t,t,7,f,g,150,1270,1,815,45588,7074,salaried,tier_1,0.1552,38514,59
b,30.04,3.085,u,g,c,v,2.21,f,t,2,t,g,160,41,0,313,23893,2154,salaried,tier_2,0.0902,21739,49
a,54.25,0.165,u,g,ff,ff,0.22,f,f,0,t,s,62,27,0,598,26634,6839,salaried,tier_1,0.2568,19795,11
b,18.0,0.125,u,g,c,v,0.48,f,f,0,f,g,132,0,0,372,35558,16091,freelancer,tier_2,0.4525,19467,24
a,28.33,3.75,u,g,c,v,0.72,t,t,1,t,g,371,0,1,772,78964,110,business,tier_3,0.0014,78854,29
b,22.35,7.0,u,g,c,v,1.61,t,t,3,f,g,200,1391,1,755,27689,315,salaried,tier_1,0.0114,27374,40
b,66.73,5.5,u,g,e,z,12.75,t,t,1,t,g,0,0,1,691,39858,3120,salaried,tier_2,0.0783,36738,170
b,40.09,1.5,u,g,i,bb,0.0,f,f,0,f,s,300,0,0,402,12462,1831,business,tier_2,0.1469,10631,11
b,31.53,3.5,u,g,k,v,0.73,f,f,0,t,g,232,0,0,351,27156,7584,business,tier_3,0.2793,19572,27
a,37.52,4.0,u,g,c,v,3.04,f,f,0,f,g,480,0,0,662,15870,509,freelancer,tier_2,0.0321,15361,48
b,31.21,2.835,u,g,ff,ff,0.0,f,t,5,f,g,176,146,0,455,32815,3906,self_employed,tier_3,0.119,28909,7
b,31.59,4.0,y,p,cc,v,1.31,f,f,0,t,g,120,0,0,599,18425,6210,salaried,tier_3,0.337,12215,38
b,22.7,0.5,u,g,c,v,0.59,f,f,0,f,g,360,0,0,624,41419,11379,salaried,tier_3,0.2747,30040,10
b,40.6,5.875,u,g,cc,h,10.35,t,t,14,t,g,399,0,1,888,108443,27898,salaried,tier_1,0.2573,80545,140
a,46.18,4.0,u,g,j,j,0.38,t,f,0,f,g,100,960,1,782,159147,16365,business,tier_1,0.1028,142782,11
b,27.38,14.79,u,g,aa,v,5.0,t,t,5,t,g,168,0,1,642,38511,3336,self_employed,tier_2,0.0866,35175,67
a,69.98,6.0,u,g,ff,ff,0.12,f,f,0,f,s,0,0,0,517,26005,7242,self_employed,tier_3,0.2785,18763,17
b,20.47,9.0,u,g,aa,v,0.0,f,f,0,f,g,0,0,0,546,19336,998,salaried,tier_2,0.0516,18338,11
b,36.64,18.125,u,g,w,v,0.0,f,f,0,f,g,320,3552,0,422,27631,8436,salaried,tier_2,0.3053,19195,17
b,25.49,0.54,u,g,m,v,0.9,f,f,0,t,g,120,1,0,511,23396,7726,business,tier_3,0.3302,15670,23
a,29.04,5.5,u,g,k,v,5.59,f,f,0,t,s,100,0,0,529,18758,1161,business,tier_2,0.0619,17597,90
a,28.86,3.0,u,g,m,v,2.58,f,t,1,t,g,280,10,0,646,28327,8616,self_employed,tier_2,0.3042,19711,43
b,29.22,3.25,y,p,q,h,5.43,f,t,2,t,g,369,1,0,446,34121,2263,salaried,tier_2,0.0663,31858,86
b,21.92,5.29,u,g,q,v,0.03,t,t,1,f,g,160,0,0,436,10320,3468,salaried,tier_2,0.336,6852,22
b,70.0,17.75,u,g,ff,ff,0.0,t,f,0,t,g,0,0,1,717,102393,22464,self_employed,tier_1,0.2194,79929,21
b,34.43,0.08,y,p,m,bb,0.0,t,t,1,t,g,280,2000,1,868,134992,42410,salaried,tier_3,0.3142,92582,21
b,21.66,7.0,u,g,c,v,0.4,f,f,0,f,g,0,0,0,401,31909,3357,salaried,tier_2,0.1052,28552,13
b,42.45,5.0,u,g,i,bb,1.79,f,f,0,t,g,141,0,0,578,10833,947,salaried,tier_2,0.0874,9886,27
a,23.2,11.665,u,g,k,h,0.0,f,f,0,f,g,320,5,0,441,16571,2113,salaried,tier_3,0.1275,14458,3
b,18.54,10.0,y,p,c,v,2.4,t,f,0,f,s,40,0,1,715,34940,6655,salaried,tier_1,0.1905,28285,44
b,25.01,0.75,u,g,c,h,4.23,t,t,3,t,g,312,150,1,716,39355,12028,salaried,tier_1,0.3056,27327,58
b,19.12,6.75,y,p,m,v,0.08,f,f,0,f,g,140,0,0,535,27405,10051,business,tier_2,0.3668,17354,11
a,29.47,3.5,u,g,w,v,0.61,t,f,0,f,s,280,0,1,887,44663,15269,freelancer,tier_1,0.3419,29394,23
b,24.33,11.125,u,g,x,h,0.48,t,t,1,f,g,100,0,1,844,107769,842,salaried,tier_2,0.0078,106927,16
b,61.22,2.75,u,g,w,v,1.76,t,t,5,t,g,60,58,1,724,75013,25852,salaried,tier_3,0.3446,49161,38
b,18.0,4.0,y,p,w,v,1.57,t,t,2,t,g,120,1000,1,723,112353,2554,salaried,tier_2,0.0227,109799,21
b,46.6,2.5,u,g,m,bb,2.83,t,t,12,t,g,410,2510,1,843,134097,5549,salaried,tier_1,0.0414,128548,48
a,30.03,3.5,u,g,w,v,0.88,t,f,0,f,s,280,0,1,900,52188,14042,freelancer,tier_1,0.2691,38146,16
b,23.88,6.0,u,g,c,v,0.83,t,t,3,f,g,0,0,1,774,32195,4354,business,tier_1,0.1352,27841,9
b,23.4,10.5,u,g,q,h,1.78,t,f,0,f,g,100,0,1,891,89702,1782,salaried,tier_1,0.0199,87920,33
b,34.54,4.25,u,g,i,bb,3.6,t,t,2,f,g,274,610,1,786,36926,14874,business,tier_3,0.4028,22052,64
a,20.91,10.75,u,g,q,v,0.9,t,t,5,t,g,0,560,1,698,35983,7775,salaried,tier_2,0.2161,28208,17
a,48.14,1.5,u,g,j,j,0.19,t,f,0,t,g,100,27,0,495,19376,2318,self_employed,tier_1,0.1196,17058,22
b,18.0,3.29,u,g,i,v,0.21,f,f,0,t,g,140,2,0,578,11314,496,freelancer,tier_3,0.0438,10818,14
b,30.08,9.335,u,g,q,h,5.45,t,t,6,f,g,381,168,1,853,24609,7805,business,tier_3,0.3172,16804,65
b,23.41,1.5,y,p,aa,v,0.7,f,f,0,t,g,120,67,0,376,38865,12479,self_employed,tier_2,0.3211,26386,14
a,19.66,0.585,y,p,aa,v,1.07,t,f,0,t,g,160,0,0,648,34356,8038,salaried,tier_1,0.234,26318,35
b,35.15,4.5,u,g,x,h,5.88,f,f,0,t,s,711,0,1,797,70325,17607,salaried,tier_2,0.2504,52718,74
b,38.69,1.625,u,g,c,v,1.88,f,f,0,f,g,0,316,0,552,11261,4145,salaried,tier_2,0.3681,7116,44
a,35.81,2.5,u,g,i,h,0.04,f,f,0,f,g,260,246,0,543,17214,5048,self_employed,tier_1,0.2932,12166,20
a,56.72,0.335,u,g,i,bb,0.91,t,f,0,t,g,252,2197,0,396,18348,5452,salaried,tier_2,0.2971,12896,15
a,31.86,0.75,u,g,k,bb,1.41,t,t,3,t,g,212,0,0,403,37027,9705,salaried,tier_2,0.2621,27322,16
b,21.84,0.75,u,g,m,v,0.76,f,f,0,t,s,320,0,0,667,13495,2818,salaried,tier_3,0.2088,10677,14
b,25.23,0.375,u,g,m,v,0.73,t,t,3,f,g,260,15108,1,883,69727,20073,salaried,tier_2,0.2879,49654,11
b,19.09,6.5,u,g,w,h,1.73,t,t,7,f,g,80,2954,1,898,39156,7343,freelancer,tier_2,0.1875,31813,43
b,35.68,1.125,y,p,d,v,1.45,f,f,0,t,g,431,0,1,707,132156,13465,salaried,tier_2,0.1019,118691,26
b,23.03,2.54,y,p,c,h,2.62,t,f,0,f,g,0,0,1,860,78522,11512,salaried,tier_2,0.1466,67010,31
b,18.0,22.0,l,gg,ff,o,0.4,f,f,0,t,p,450,100000,1,843,56104,226,salaried,tier_1,0.004,55878,8
a,22.64,2.5,y,p,i,bb,4.55,f,f,0,f,g,200,456,0,478,10807,4228,salaried,tier_2,0.3912,6579,59
b,31.6,2.04,y,p,x,h,0.0,f,f,0,f,g,128,1,0,666,45619,11038,salaried,tier_3,0.242,34581,16
a,35.15,4.71,u,g,ff,ff,0.0,f,f,0,f,g,160,0,0,416,17745,8190,salaried,tier_3,0.4615,9555,21
b,49.92,4.25,u,g,m,v,0.14,t,f,0,t,g,225,0,1,773,56685,14557,freelancer,tier_2,0.2568,42128,16
b,31.0,2.5,y,p,w,v,6.6,f,f,0,t,g,280,0,0,533,26326,6450,salaried,tier_3,0.245,19876,84
b,60.11,2.71,u,g,c,v,2.66,f,f,0,t,g,320,0,0,467,37619,11698,freelancer,tier_3,0.311,25921,35
a,31.83,0.75,u,g,k,bb,0.61,t,t,3,t,g,212,0,0,399,36259,7437,salaried,tier_2,0.2051,28822,28
b,28.03,0.75,u,g,c,h,4.15,t,t,3,t,g,312,150,1,719,32939,11750,salaried,tier_1,0.3567,21189,55
a,28.03,1.665,u,g,q,v,2.72,t,f,0,t,g,440,0,0,558,26337,570,salaried,tier_2,0.0216,25767,44
a,20.45,0.165,u,g,q,v,0.01,f,f,0,t,g,380,0,0,574,22329,2767,business,tier_2,0.1239,19562,7
b,20.36,5.085,y,p,j,v,0.63,f,f,0,f,g,140,184,0,337,22034,1731,freelancer,tier_1,0.0786,20303,19
b,25.03,1.125,u,g,x,h,1.09,t,f,0,f,g,0,5298,1,668,34190,7085,salaried,tier_1,0.2072,27105,14
a,18.0,0.21,u,g,aa,v,0.58,f,f,0,f,g,200,1,0,683,32660,2711,salaried,tier_2,0.083,29949,15
b,20.62,11.0,u,g,w,v,1.71,t,t,1,f,g,80,278,1,738,22310,1315,freelancer,tier_1,0.0589,20995,36
b,30.36,14.5,u,g,d,v,0.0,f,f,0,f,g,0,286,0,661,26672,10950,salaried,tier_1,0.4105,15722,21
b,39.78,1.75,u,g,k,v,0.58,t,f,0,f,g,160,0,0,430,12516,2991,salaried,tier_3,0.239,9525,20
a,51.84,6.5,u,g,i,bb,3.34,f,f,0,t,g,73,0,0,406,10909,4311,salaried,tier_2,0.3952,6598,44
b,29.47,3.625,u,g,aa,v,0.0,f,f,0,t,g,100,0,0,380,35171,776,freelancer,tier_3,0.0221,34395,4
b,24.99,0.54,u,g,w,v,0.65,f,t,1,f,g,272,444,0,403,27001,6127,freelancer,tier_1,0.2269,20874,28
a,49.12,0.835,u,g,aa,v,0.5,f,f,0,t,g,240,117,0,369,28177,22,self_employed,tier_1,0.0008,28155,27
a,31.71,12.0,u,g,c,v,2.45,t,t,1,f,g,220,19,1,841,27411,9378,salaried,tier_2,0.3421,18033,52
a,26.56,1.125,u,g,q,v,1.3,t,t,2,f,g,200,0,0,521,38248,8432,freelancer,tier_1,0.2205,29816,15
b,24.02,11.0,u,g,w,v,1.97,t,t,1,f,g,80,278,1,684,26168,1255,freelancer,tier_1,0.048,24913,46
b,29.17,0.75,y,p,c,v,0.0,f,f,0,f,g,240,0,0,498,30335,4047,business,tier_2,0.1334,26288,3
a,24.95,1.25,u,g,ff,ff,0.0,t,f,0,f,g,80,0,0,340,42125,12139,freelancer,tier_2,0.2882,29986,15
b,22.7,12.625,u,g,c,v,0.16,f,t,2,f,g,0,5552,0,323,12657,4031,self_employed,tier_3,0.3185,8626,4
b,24.03,12.0,u,g,k,v,2.2,t,t,2,t,g,120,5,0,660,31158,1408,business,tier_2,0.0452,29750,39
b,41.92,2.25,y,p,x,h,9.54,t,f,0,t,g,176,0,0,638,27894,8905,self_employed,tier_1,0.3192,18989,123
a,49.44,12.54,u,g,aa,v,2.05,t,t,3,t,g,156,0,1,755,129255,40020,salaried,tier_2,0.3096,89235,42
b,37.21,1.125,y,p,d,v,1.21,f,f,0,t,g,431,0,1,695,148000,11645,salaried,tier_2,0.0787,136355,34
b,32.78,1.0,u,g,x,v,1.12,t,t,7,t,g,340,4071,1,771,111729,29083,self_employed,tier_3,0.2603,82646,23
b,70.0,9.0,u,g,ff,ff,4.1,f,t,1,f,g,70,6,0,419,40833,997,self_employed,tier_3,0.0244,39836,68
b,45.92,11.0,y,p,d,v,1.76,t,f,0,f,s,0,0,0,653,13196,4162,salaried,tier_3,0.3154,9034,26
b,26.25,0.335,u,g,k,h,3.96,f,f,0,t,g,340,0,0,384,20654,2021,salaried,tier_1,0.0979,18633,59
b,36.56,3.25,u,g,q,h,9.14,t,f,0,t,g,102,639,1,890,44954,12474,salaried,tier_1,0.2775,32480,121
a,21.54,0.835,u,g,q,v,2.07,t,t,1,f,g,0,0,1,794,158629,4000,self_employed,tier_2,0.0252,154629,29
b,29.31,1.5,y,p,c,v,1.31,t,f,0,t,g,0,225,0,452,31568,11394,salaried,tier_3,0.3609,20174,22
b,23.91,12.5,u,g,cc,v,0.9,t,t,67,t,g,140,258,1,757,57199,9454,salaried,tier_3,0.1653,47745,28
a,18.0,10.0,y,p,q,h,0.07,f,f,0,f,g,340,0,0,688,28642,4863,salaried,tier_3,0.1698,23779,4
b,49.73,15.0,u,g,c,v,8.47,t,t,9,f,g,0,0,1,819,26400,4233,salaried,tier_1,0.1603,22167,111
b,27.08,1.665,u,g,cc,h,5.48,t,t,9,f,g,399,827,1,777,23077,4717,self_employed,tier_3,0.2044,18360,83
b,19.47,10.25,u,g,c,h,1.14,f,f,0,f,g,320,13,0,438,13074,1611,salaried,tier_2,0.1232,11463,28
b,39.83,1.5,u,g,i,bb,0.0,f,f,0,f,s,300,0,0,385,10585,1826,business,tier_2,0.1725,8759,2
a,43.87,0.0,u,g,c,v,2.74,t,f,0,f,g,0,0,1,654,162631,55129,salaried,tier_2,0.339,107502,43
b,40.64,5.0,u,g,cc,v,3.51,t,t,10,t,g,0,0,1,725,39307,8917,self_employed,tier_2,0.2269,30390,49
b,45.6,11.0,y,p,d,v,1.16,t,f,0,f,s,0,0,0,672,11578,4942,salaried,tier_3,0.4268,6636,35
a,29.33,1.04,u,g,c,v,2.58,t,t,5,t,g,300,1430,1,677,155878,39716,freelancer,tier_1,0.2548,116162,45
a,18.24,8.585,u,g,cc,h,1.16,t,t,7,f,g,96,0,1,782,97904,24839,salaried,tier_2,0.2537,73065,16
b,62.55,20.0,u,g,x,h,17.84,t,t,9,t,g,0,1000,1,720,24533,6900,self_employed,tier_1,0.2813,17633,236
b,32.81,15.0,u,g,r,n,5.46,t,t,9,t,g,0,134,1,647,94311,27238,salaried,tier_1,0.2888,67073,86
a,36.76,4.415,u,g,c,v,0.0,f,f,0,f,g,160,0,0,539,32359,2581,salaried,tier_2,0.0798,29778,19
a,31.34,1.46,u,g,w,v,0.67,t,t,16,f,g,120,2079,1,692,28271,1157,business,tier_3,0.0409,27114,15
a,58.54,10.0,u,g,q,v,3.97,t,t,14,f,g,0,1602,1,793,113222,25904,self_employed,tier_3,0.2288,87318,62
b,19.43,0.25,y,p,c,h,0.5,f,f,0,f,g,280,204,0,653,22560,4204,salaried,tier_3,0.1863,18356,15
a,19.62,5.0,y,p,ff,ff,0.0,f,f,0,f,g,0,0,0,631,33372,398,salaried,tier_2,0.0119,32974,23
a,37.05,4.415,u,g,c,v,0.0,f,f,0,f,g,160,0,0,563,32136,3316,salaried,tier_2,0.1032,28820,14
a,58.95,21.0,u,g,i,bb,10.43,t,t,13,f,g,0,6700,1,681,92585,77,self_employed,tier_3,0.0008,92508,125
b,29.21,1.165,u,g,k,v,0.82,t,f,0,f,s,280,0,0,659,10442,215,business,tier_1,0.0206,10227,11
b,18.62,10.415,y,p,aa,v,0.26,t,f,0,f,g,120,375,0,579,11164,1939,salaried,tier_1,0.1737,9225,18
b,18.0,0.0,y,p,ff,ff,0.0,f,t,4,f,g,45,1,0,630,20225,1262,salaried,tier_2,0.0624,18963,5
a,18.0,9.0,u,g,aa,v,1.02,t,f,0,t,g,0,0,1,686,51997,13417,salaried,tier_1,0.258,38580,13
b,22.97,1.25,u,g,c,v,0.0,f,f,0,f,g,110,0,0,464,42652,11097,self_employed,tier_3,0.2602,31555,18
b,22.49,1.79,u,g,c,v,0.66,f,f,0,t,g,136,1,0,677,27814,5151,business,tier_1,0.1852,22663,29
b,43.17,1.75,u,g,k,v,0.0,t,f,0,f,g,160,0,0,416,12789,2751,salaried,tier_3,0.2151,10038,9
b,20.75,3.54,y,p,ff,ff,0.34,f,f,0,t,g,180,1,0,482,25753,9620,salaried,tier_3,0.3735,16133,14
b,40.42,0.5,u,g,m,v,0.74,t,f,0,f,s,288,0,0,361,11551,393,salaried,tier_1,0.034,11158,19
b,30.25,3.625,u,g,aa,v,0.12,f,f,0,t,g,100,0,0,372,41521,728,freelancer,tier_3,0.0175,40793,12
a,24.9,2.5,y,p,i,bb,4.45,f,f,0,f,g,200,456,0,435,10725,4548,salaried,tier_2,0.4241,6177,69
a,30.46,0.54,u,g,cc,v,0.25,t,f,0,f,g,440,11177,1,691,54845,12160,self_employed,tier_2,0.2217,42685,15
b,33.91,4.46,u,g,cc,h,6.48,t,t,3,f,g,311,300,1,796,92050,16972,self_employed,tier_2,0.1844,75078,89
b,32.65,1.75,u,g,w,bb,0.64,t,f,0,t,g,163,0,0,326,31370,255,business,tier_3,0.0081,31115,8
b,39.65,1.75,u,g,k,v,0.06,f,f,0,t,g,300,2,0,445,29146,1536,self_employed,tier_2,0.0527,27610,2
b,38.93,6.21,u,g,q,v,0.0,t,t,1,f,g,200,300,1,881,25720,4139,business,tier_2,0.1609,21581,13
b,30.32,1.585,u,g,d,v,0.84,f,f,0,t,s,0,0,0,326,35289,2510,self_employed,tier_1,0.0711,32779,12
a,58.91,10.0,u,g,q,v,4.19,t,t,14,f,g,0,1602,1,759,85507,26071,self_employed,tier_3,0.3049,59436,73
b,18.0,0.04,u,g,c,v,0.0,f,f,0,f,g,0,0,1,869,39300,9210,business,tier_2,0.2344,30090,13
a,32.25,3.0,y,p,aa,v,2.0,f,f,0,f,g,180,0,0,562,11170,1342,salaried,tier_1,0.1201,9828,39
a,26.92,3.0,u,g,m,v,3.07,f,t,1,t,g,280,10,0,640,32877,7934,self_employed,tier_2,0.2413,24943,53
a,37.62,6.0,u,g,k,v,0.72,t,f,0,t,g,0,0,1,715,86235,9052,business,tier_1,0.105,77183,21
a,31.84,5.29,u,g,e,dd,2.62,t,t,5,t,g,99,500,1,765,22835,8473,salaried,tier_2,0.3711,14362,45
b,23.36,12.125,u,g,c,v,2.89,f,t,2,t,g,180,173,0,460,37182,6721,self_employed,tier_1,0.1808,30461,56
b,57.66,7.04,u,g,m,v,14.28,t,t,6,t,g,360,1332,1,853,104885,35263,salaried,tier_2,0.3362,69622,185
b,30.13,19.5,u,g,c,v,7.12,t,t,16,f,g,0,5000,1,869,113963,30748,salaried,tier_2,0.2698,83215,104
b,24.49,1.0,u,g,c,v,0.65,t,f,0,f,s,300,0,1,708,28118,1804,business,tier_1,0.0642,26314,14
b,41.46,1.25,u,g,m,v,14.1,f,t,1,t,g,352,112,0,718,25021,5943,business,tier_1,0.2375,19078,181
b,24.59,0.75,u,g,c,bb,0.53,t,f,0,f,g,349,23,1,761,54426,1539,business,tier_1,0.0283,52887,24
b,27.13,0.75,u,g,q,h,0.6,f,f,0,t,g,220,251,0,485,10688,2865,salaried,tier_2,0.2681,7823,27
b,69.27,5.5,u,g,e,z,12.87,t,t,1,t,g,0,0,1,706,40013,2996,salaried,tier_2,0.0749,37017,161
a,20.28,1.75,y,p,j,j,0.19,f,f,0,f,g,160,0,0,568,34179,2192,freelancer,tier_2,0.0641,31987,24
b,37.82,5.875,u,g,cc,h,10.1,t,t,14,t,g,399,0,1,897,89911,27347,salaried,tier_1,0.3042,62564,125
b,27.56,2.04,y,p,aa,v,2.03,t,t,3,t,g,370,560,1,752,32893,7347,freelancer,tier_3,0.2234,25546,33
b,31.36,0.165,y,p,c,h,3.64,t,t,1,t,g,432,8000,1,722,30801,8441,business,tier_3,0.274,22360,61
b,18.0,2.75,u,g,aa,v,0.17,f,t,1,f,g,80,21,0,552,27945,2237,business,tier_2,0.0801,25708,24
b,22.98,0.0,u,g,cc,v,0.0,t,f,0,f,g,0,0,1,882,54739,16028,business,tier_2,0.2928,38711,5
b,22.74,0.75,u,g,m,v,0.54,t,f,0,t,s,320,0,0,495,11561,5289,business,tier_1,0.4575,6272,14
a,30.78,0.54,u,g,cc,v,0.0,t,f,0,f,g,440,11177,1,704,43825,9089,self_employed,tier_2,0.2074,34736,9
b,20.39,0.25,u,g,d,h,1.07,t,f,0,t,g,0,0,1,812,71450,10625,salaried,tier_3,0.1487,60825,27
b,22.45,0.0,u,g,c,v,0.65,f,f,0,t,s,0,0,0,349,13732,509,self_employed,tier_3,0.0371,13223,16
b,32.21,2.5,u,g,cc,h,2.23,f,f,0,t,s,340,0,0,328,41556,5320,business,tier_3,0.128,36236,35
b,51.44,6.5,u,g,k,v,6.6,t,t,15,f,g,0,11202,1,664,24371,10079,business,tier_2,0.4136,14292,91
b,18.7,9.96,u,g,e,dd,0.0,t,f,0,f,g,0,0,1,646,31498,3191,freelancer,tier_1,0.1013,28307,0
b,25.13,2.25,u,g,i,bb,0.56,f,f,0,t,g,640,4000,0,356,34375,9694,self_employed,tier_2,0.282,24681,24
b,59.93,2.75,u,g,w,v,1.25,t,t,5,t,g,60,58,1,723,82219,22295,salaried,tier_3,0.2712,59924,18
b,37.28,0.75,y,p,d,v,0.45,f,f,0,f,g,240,3,0,499,28033,8108,business,tier_2,0.2892,19925,12
b,27.07,3.25,y,p,q,h,4.72,f,t,2,t,g,369,1,0,421,26130,3041,salaried,tier_2,0.1164,23089,64
b,27.39,4.25,u,g,cc,v,4.48,t,t,1,t,g,120,0,1,716,30344,614,salaried,tier_2,0.0202,29730,62
a,25.6,13.665,u,g,q,h,1.48,f,f,0,f,g,280,1,0,500,26583,9792,salaried,tier_1,0.3684,16791,17
a,42.91,6.5,u,g,q,v,0.3,t,t,3,t,g,145,0,1,875,102423,26764,business,tier_2,0.2613,75659,7
b,23.43,6.0,u,g,c,v,0.97,t,t,3,f,g,0,0,1,806,39502,3517,business,tier_1,0.089,35985,28
b,29.6,0.0,u,g,w,v,0.96,t,t,1,f,g,202,0,1,723,24975,8020,self_employed,tier_1,0.3211,16955,17
b,23.44,6.0,u,g,c,v,1.43,t,t,3,f,g,0,0,1,798,38600,3984,business,tier_1,0.1032,34616,22
b,34.3,2.5,u,g,cc,h,2.3,t,t,6,f,g,160,2072,1,863,98376,30261,salaried,tier_1,0.3076,68115,35
b,41.75,3.29,u,g,m,v,3.87,f,f,0,t,s,400,0,0,428,12750,3117,freelancer,tier_2,0.2445,9633,63
b,42.05,0.96,u,g,x,v,2.51,t,f,0,f,g,510,600,1,726,106956,5161,salaried,tier_1,0.0483,101795,41
a,45.75,8.0,u,g,e,bb,6.62,t,t,6,f,g,375,51100,1,647,22554,7200,self_employed,tier_2,0.3192,15354,89
b,27.76,9.335,u,g,q,h,5.47,t,t,6,f,g,381,168,1,867,23959,6591,business,tier_3,0.2751,17368,75
b,19.61,1.835,u,g,c,v,2.72,t,t,1,f,g,100,150,1,793,52059,15815,self_employed,tier_1,0.3038,36244,53
b,18.57,1.21,y,p,e,dd,0.0,f,f,0,f,g,100,0,0,470,15681,6194,salaried,tier_2,0.395,9487,14
b,31.28,0.165,y,p,c,h,3.34,t,t,1,t,g,432,8000,1,729,33546,8484,business,tier_3,0.2529,25062,40
b,25.87,2.04,y,p,aa,v,2.49,t,t,3,t,g,370,560,1,716,35365,7887,freelancer,tier_3,0.223,27478,46
b,41.84,2.25,y,p,x,h,10.38,t,f,0,t,g,176,0,0,635,34466,7983,self_employed,tier_1,0.2316,26483,127
b,23.62,12.335,u,g,q,h,1.62,t,f,0,t,g,120,0,1,816,148854,41984,salaried,tier_2,0.282,106870,22
b,18.39,5.71,u,g,d,v,1.03,f,f,0,f,g,120,0,0,336,27370,1639,self_employed,tier_3,0.0599,25731,13
b,27.43,0.375,u,g,c,v,0.49,f,f,0,f,g,220,140,0,509,11755,1106,self_employed,tier_1,0.0941,10649,28
b,19.21,0.165,u,g,q,n,0.0,f,f,0,f,g,200,40,1,856,54445,1253,salaried,tier_1,0.023,53192,13
b,22.09,1.54,u,g,k,v,0.0,f,f,0,t,g,356,0,0,300,12343,3493,self_employed,tier_3,0.283,8850,10
a,22.44,0.5,y,p,e,dd,0.83,f,f,0,f,g,260,0,0,367,20087,1676,self_employed,tier_2,0.0834,18411,21
b,20.65,5.29,u,g,q,v,0.22,t,t,1,f,g,160,0,0,478,11679,3615,salaried,tier_2,0.3095,8064,4
b,28.1,13.0,u,g,e,dd,0.26,f,f,0,t,g,140,1110,0,510,41251,13431,salaried,tier_2,0.3256,27820,14
b,24.24,0.75,u,g,i,v,1.67,f,t,1,t,g,400,9,0,712,41560,7491,business,tier_2,0.1802,34069,31
b,42.06,0.96,u,g,x,v,2.04,t,f,0,f,g,510,600,1,754,97521,6921,salaried,tier_1,0.071,90600,26
b,25.16,1.0,u,g,c,v,0.88,f,f,0,t,s,280,0,0,602,26798,5162,business,tier_1,0.1926,21636,26
b,55.71,28.0,y,p,c,v,28.3,t,t,40,f,g,0,15,1,636,87806,30020,self_employed,tier_3,0.3419,57786,360
b,22.88,0.585,u,g,c,h,0.58,t,f,0,f,g,180,0,0,393,10260,4170,business,tier_1,0.4064,6090,20
b,25.43,0.625,u,g,aa,v,0.91,t,f,0,t,g,200,0,0,405,13344,2691,salaried,tier_3,0.2017,10653,13
b,23.11,11.0,u,g,q,v,2.94,t,t,7,t,g,100,809,1,812,32232,8229,business,tier_1,0.2553,24003,36
a,21.72,0.5,y,p,e,dd,1.31,f,f,0,f,g,260,0,0,391,16442,1684,self_employed,tier_2,0.1024,14758,36
b,30.67,4.5,u,g,w,v,7.22,t,t,2,t,g,330,0,1,688,37478,3533,salaried,tier_2,0.0943,33945,91
b,32.77,1.54,u,g,cc,v,1.57,t,t,1,t,g,520,50000,1,731,141900,26186,salaried,tier_1,0.1845,115714,21
b,27.2,12.5,u,g,aa,bb,0.0,f,f,0,t,g,720,0,0,440,30054,3349,self_employed,tier_1,0.1114,26705,12
b,18.04,9.5,u,g,q,v,0.76,t,f,0,t,g,60,400,1,777,44937,5170,salaried,tier_3,0.115,39767,18
a,24.23,0.585,y,p,ff,ff,0.24,f,f,0,f,g,120,87,0,358,13655,81,salaried,tier_3,0.0059,13574,23
a,19.46,0.5,y,p,e,dd,0.54,f,f,0,f,g,260,0,0,400,19898,1709,self_employed,tier_2,0.0859,18189,7
b,43.37,0.96,u,g,x,v,2.97,t,f,0,f,g,510,600,1,712,110913,6773,salaried,tier_1,0.0611,104140,44
a,33.75,1.25,y,p,i,h,0.92,f,f,0,t,g,160,0,0,662,38881,5048,freelancer,tier_1,0.1298,33833,18
b,18.0,6.5,u,g,i,v,0.01,f,f,0,f,g,60,100,0,536,19416,815,freelancer,tier_3,0.042,18601,8
b,27.15,0.5,u,g,c,v,1.48,t,t,5,t,g,312,0,1,803,66987,8255,business,tier_1,0.1232,58732,37
a,38.08,6.0,u,g,k,v,0.97,t,f,0,t,g,0,0,1,738,63943,7113,business,tier_1,0.1112,56830,34
a,26.77,1.04,u,g,c,v,2.88,t,t,5,t,g,300,1430,1,705,128398,51205,freelancer,tier_1,0.3988,77193,54
a,25.4,1.125,u,g,q,v,1.48,t,t,2,f,g,200,0,0,513,41039,7704,freelancer,tier_1,0.1877,33335,18
a,32.26,1.585,y,p,ff,ff,0.0,t,f,0,f,g,320,0,0,383,11839,2337,business,tier_2,0.1974,9502,10
b,25.36,1.0,u,g,c,v,0.45,f,f,0,t,s,280,0,0,582,30162,4886,business,tier_1,0.162,25276,25
b,18.93,10.29,u,g,ff,ff,0.34,f,f,0,f,g,80,0,0,579,25567,9145,freelancer,tier_1,0.3577,16422,26
b,18.2,4.0,y,p,i,v,1.46,f,f,0,t,g,360,1000,0,461,17582,5482,salaried,tier_2,0.3118,12100,40
b,65.67,11.0,u,g,e,z,19.68,t,t,7,t,g,22,0,1,677,159813,37978,business,tier_2,0.2376,121835,238
a,18.0,0.54,u,g,c,v,1.34,f,t,1,t,g,80,5,0,621,39312,5638,salaried,tier_1,0.1434,33674,36
a,47.28,3.0,u,g,c,v,2.76,t,t,8,t,g,396,4159,1,863,53483,14852,salaried,tier_1,0.2777,38631,52
a,48.7,13.0,u,g,i,bb,5.56,t,t,9,t,g,0,0,1,674,22997,4739,salaried,tier_1,0.2061,18258,71
b,33.33,0.04,y,p,m,v,0.41,f,f,0,f,g,0,0,0,462,32818,3129,salaried,tier_2,0.0953,29689,13
b,20.7,7.5,u,g,aa,v,1.43,t,t,1,f,g,80,9800,1,806,102652,6324,salaried,tier_2,0.0616,96328,35
b,37.97,0.21,u,g,k,v,0.24,t,f,0,t,g,280,0,1,812,22830,5738,salaried,tier_1,0.2513,17092,15
b,45.47,6.5,u,g,c,v,1.06,f,f,0,t,g,0,228,0,560,16578,4243,salaried,tier_1,0.2559,12335,31
b,38.78,10.125,u,g,x,v,2.07,t,t,6,f,g,520,196,1,894,36344,5611,salaried,tier_1,0.1544,30733,46
b,25.81,0.29,y,p,c,v,1.6,f,f,0,t,g,160,0,0,367,43959,14302,salaried,tier_1,0.3253,29657,25
b,26.59,1.125,u,g,x,h,0.76,t,f,0,f,g,0,5298,1,628,34114,9242,salaried,tier_1,0.2709,24872,26
b,22.05,1.085,u,g,q,v,1.32,f,f,0,f,g,108,7,0,609,16694,2366,freelancer,tier_3,0.1417,14328,36
b,36.09,2.04,u,g,w,v,0.47,t,f,0,t,g,400,5800,1,885,83257,3933,self_employed,tier_2,0.0472,79324,18
a,27.54,1.085,y,p,x,v,0.8,f,f,0,f,g,280,13,0,432,18914,2718,business,tier_1,0.1437,16196,27
b,34.04,2.415,u,g,w,v,0.56,f,t,2,f,g,220,1,0,588,29532,7033,self_employed,tier_1,0.2381,22499,10
b,28.14,14.79,u,g,aa,v,4.79,t,t,5,t,g,168,0,1,690,34872,4357,self_employed,tier_2,0.1249,30515,73
b,28.88,1.585,u,g,d,v,0.4,f,f,0,t,s,0,0,0,327,36451,2202,self_employed,tier_1,0.0604,34249,18
b,40.59,5.0,u,g,c,v,5.13,t,t,7,f,g,0,3065,1,740,155706,20644,business,tier_3,0.1326,135062,72
a,47.01,8.0,u,g,c,v,8.14,t,t,6,t,g,0,1260,1,654,23940,4627,salaried,tier_1,0.1933,19313,102
b,20.64,0.54,y,p,x,v,0.04,t,t,1,t,g,840,59,1,660,28717,3540,business,tier_3,0.1233,25177,1
b,23.08,2.335,u,g,k,v,1.13,f,f,0,f,g,180,0,0,550,29821,11744,freelancer,tier_2,0.3938,18077,18
b,43.65,7.0,y,p,c,v,1.17,f,f,0,f,g,160,2,0,519,24894,2623,freelancer,tier_2,0.1054,22271,36
b,43.25,4.915,y,p,w,v,3.59,t,f,0,t,g,52,1442,1,751,50987,9771,self_employed,tier_1,0.1916,41216,64
b,20.4,4.79,y,p,w,v,1.95,t,t,1,t,g,80,300,1,829,56251,1327,salaried,tier_3,0.0236,54924,34
b,22.8,11.5,u,g,i,v,0.8,f,f,0,f,g,0,0,0,513,13082,1375,business,tier_1,0.1051,11707,13
b,27.49,0.75,u,g,c,bb,0.15,t,f,0,f,g,349,23,1,775,49266,1367,business,tier_1,0.0277,47899,17
b,32.32,5.25,u,g,w,v,0.42,f,f,0,t,g,290,6,1,868,53280,573,salaried,tier_2,0.0108,52707,15
a,60.58,16.5,u,g,q,v,11.17,t,f,0,t,g,21,10561,1,675,102587,10606,freelancer,tier_2,0.1034,91981,148
b,49.5,6.04,u,g,k,v,0.0,f,f,0,f,g,0,2690,1,844,99771,38613,freelancer,tier_1,0.387,61158,18
a,21.02,3.0,u,g,q,v,0.58,t,t,3,f,g,100,6,1,638,31769,1214,self_employed,tier_3,0.0382,30555,6
b,50.94,3.0,y,p,ff,ff,1.25,f,f,0,f,g,180,4,0,328,39567,9325,self_employed,tier_1,0.2357,30242,26
b,37.01,2.04,u,g,w,v,0.0,t,f,0,t,g,400,5800,1,897,69280,3456,self_employed,tier_2,0.0499,65824,13
a,28.39,2.04,u,g,w,v,0.56,f,f,0,t,g,180,50,0,382,20240,1165,business,tier_2,0.0576,19075,6
b,24.81,1.0,u,g,c,v,0.44,t,f,0,f,s,300,0,1,680,23765,1876,business,tier_1,0.0789,21889,26
b,40.24,1.04,u,g,w,v,4.72,t,t,6,t,g,500,10000,1,834,170351,39970,salaried,tier_3,0.2346,130381,56
b,18.0,0.165,u,g,q,n,0.21,f,f,0,f,g,200,40,1,871,50495,1156,salaried,tier_1,0.0229,49339,8
b,23.63,6.625,y,p,d,v,5.83,t,f,0,t,s,100,0,1,812,155919,37110,salaried,tier_2,0.238,118809,89
b,34.1,4.5,u,g,x,h,5.4,f,f,0,t,s,711,0,1,760,75966,19227,salaried,tier_2,0.2531,56739,70
b,18.23,9.5,u,g,w,v,1.55,t,f,0,f,g,120,2206,1,727,88881,32944,business,tier_3,0.3707,55937,38
a,46.14,0.75,u,g,q,h,2.96,t,t,1,f,g,333,892,1,733,96274,31435,salaried,tier_2,0.3265,64839,58
b,28.7,1.835,u,g,c,h,4.7,t,f,0,f,g,260,200,1,893,30791,12798,self_employed,tier_1,0.4156,17993,72
a,20.27,11.75,u,g,c,v,0.69,f,f,0,t,g,180,0,0,306,12442,3123,business,tier_1,0.251,9319,24
b,25.16,1.0,u,g,c,v,0.78,f,f,0,t,s,280,0,0,554,29521,5167,business,tier_1,0.175,24354,19
b,31.58,2.5,y,p,w,v,7.15,f,f,0,t,g,280,0,0,524,27084,5239,salaried,tier_3,0.1934,21845,101
a,40.4,1.04,u,g,aa,v,0.6,f,f,0,f,g,240,237,0,349,27484,11317,business,tier_3,0.4118,16167,15
b,19.66,5.29,u,g,q,v,0.0,t,t,1,f,g,160,0,0,472,10792,2790,salaried,tier_2,0.2585,8002,12
b,27.06,0.58,u,g,c,v,0.5,t,t,7,t,g,96,5124,1,705,145784,41809,business,tier_2,0.2868,103975,6
b,22.6,0.79,y,p,cc,v,1.16,f,f,0,f,g,160,0,0,318,20303,4612,salaried,tier_3,0.2272,15691,14
a,37.74,0.29,u,g,ff,ff,0.24,f,t,10,f,g,200,18,0,355,31893,983,self_employed,tier_1,0.0308,30910,19
b,20.25,11.0,u,g,x,v,0.0,t,t,6,f,g,121,0,1,705,48783,1220,self_employed,tier_3,0.025,47563,18
b,29.35,2.0,u,g,k,h,4.16,t,t,2,t,g,181,0,1,805,150777,63698,salaried,tier_2,0.4225,87079,65
b,37.13,1.75,y,p,c,bb,0.36,t,f,0,t,g,164,400,0,658,26257,8865,self_employed,tier_2,0.3376,17392,8
b,22.55,2.75,u,g,ff,ff,4.69,f,f,0,f,g,160,25,0,635,45814,671,self_employed,tier_2,0.0146,45143,74
b,48.47,3.5,u,g,aa,v,3.72,t,f,0,f,s,230,0,1,667,52496,10462,self_employed,tier_2,0.1993,42034,54
a,38.04,4.71,u,g,ff,ff,0.06,f,f,0,f,g,160,0,0,440,16841,7268,salaried,tier_3,0.4316,9573,23
b,63.61,12.75,y,p,c,h,4.72,t,f,0,f,g,112,0,0,343,30772,10157,salaried,tier_1,0.3301,20615,75
b,18.0,3.125,u,g,w,v,0.53,f,t,1,f,g,0,6,0,418,35313,1636,salaried,tier_2,0.0463,33677,14
a,40.79,4.0,u,g,c,v,3.2,f,f,0,f,g,480,0,0,666,20515,645,freelancer,tier_2,0.0314,19870,41
b,42.95,2.0,u,g,m,v,1.49,t,t,2,t,g,0,15,1,667,90243,472,self_employed,tier_2,0.0052,89771,31
a,24.95,13.5,y,p,ff,ff,1.82,f,t,1,t,g,200,1,0,383,26110,2600,business,tier_2,0.0996,23510,25
b,28.39,0.5,u,g,d,h,0.51,f,f,0,t,s,252,0,0,682,23090,7902,business,tier_1,0.3422,15188,10
b,49.35,4.165,u,g,x,bb,0.47,f,f,0,t,g,520,0,0,568,12783,2875,salaried,tier_3,0.2249,9908,25
a,22.2,0.83,u,g,q,v,0.32,f,t,1,t,g,200,11,0,615,43321,10426,salaried,tier_2,0.2407,32895,7
a,57.95,16.0,u,g,j,ff,0.0,t,t,15,f,g,0,247,1,782,157803,7274,salaried,tier_1,0.0461,150529,3
a,26.65,1.665,u,g,ff,ff,0.0,f,f,0,f,g,340,1,0,508,25858,1212,business,tier_1,0.0469,24646,18
b,20.14,0.415,u,g,c,v,0.0,f,f,0,f,g,0,44,0,489,13412,5449,salaried,tier_3,0.4063,7963,16
b,22.24,9.0,u,g,aa,v,0.38,f,f,0,t,g,0,0,0,412,26207,609,business,tier_2,0.0232,25598,8
b,32.14,2.5,u,g,cc,h,2.83,t,t,6,f,g,160,2072,1,898,94927,34919,salaried,tier_1,0.3679,60008,55
b,28.8,0.625,u,g,aa,v,0.59,t,f,0,t,g,200,0,0,386,11093,2792,salaried,tier_3,0.2517,8301,12
a,19.35,2.335,u,g,i,bb,0.72,t,t,4,f,s,80,0,1,754,40124,10649,self_employed,tier_3,0.2654,29475,8
a,20.38,10.25,u,g,q,v,0.23,t,t,2,t,g,49,0,1,769,33838,3785,business,tier_1,0.1119,30053,17
a,26.71,3.75,u,g,c,v,0.0,f,t,1,t,g,40,154,0,499,19256,5866,self_employed,tier_1,0.3046,13390,17
a,20.98,6.0,u,g,aa,v,2.36,t,t,3,f,g,80,918,1,653,79156,16185,salaried,tier_1,0.2045,62971,35
b,24.61,0.875,u,g,k,v,0.03,f,t,2,t,g,174,3,0,422,22840,3196,salaried,tier_1,0.1399,19644,0
a,25.59,2.54,y,p,ff,ff,0.0,f,f,0,t,g,180,60,0,710,23042,1512,salaried,tier_3,0.0656,21530,20
b,20.68,9.5,u,g,w,v,1.64,t,f,0,f,g,120,2206,1,749,93438,23857,business,tier_3,0.2553,69581,31
a,37.49,5.5,u,g,q,v,0.44,t,f,0,t,g,228,0,1,678,73000,26494,salaried,tier_2,0.3629,46506,6
a,18.0,0.54,u,g,c,v,2.0,f,t,1,t,g,80,5,0,628,36811,5053,salaried,tier_1,0.1373,31758,31
b,20.53,8.17,u,g,aa,v,2.28,t,t,14,f,g,60,158,1,803,128384,40374,business,tier_1,0.3145,88010,27
a,46.32,8.0,u,g,c,v,8.04,t,t,6,t,g,0,1260,1,643,27845,4497,salaried,tier_1,0.1615,23348,97
b,47.29,25.085,u,g,w,v,1.99,t,t,3,f,g,120,14,1,893,28492,8180,business,tier_1,0.2871,20312,25
a,38.43,6.0,u,g,k,v,0.77,t,f,0,t,g,0,0,1,749,71435,8932,business,tier_1,0.125,62503,9
b,53.78,15.5,u,g,e,z,0.49,t,t,20,f,g,152,130,0,391,28546,4378,business,tier_2,0.1534,24168,9
b,42.89,5.04,u,g,q,h,12.43,t,f,0,t,g,92,0,1,765,85212,3478,self_employed,tier_1,0.0408,81734,169
b,51.3,10.0,u,g,i,bb,0.0,t,t,11,f,g,0,1249,1,771,52703,9941,business,tier_2,0.1886,42762,11
b,21.76,0.415,u,g,c,v,0.0,f,f,0,f,g,0,44,0,488,13171,5689,salaried,tier_3,0.4319,7482,21
b,41.29,1.625,u,g,c,v,1.98,f,f,0,f,g,0,316,0,571,10727,4120,salaried,tier_2,0.3841,6607,35
b,32.63,2.75,u,g,i,bb,2.99,f,f,0,t,g,232,200,0,363,22447,9355,salaried,tier_3,0.4168,13092,41
b,26.09,1.125,u,g,x,h,1.54,t,f,0,f,g,0,5298,1,676,38045,7061,salaried,tier_1,0.1856,30984,22
b,18.0,0.205,u,g,aa,v,0.17,f,f,0,f,g,280,750,0,456,25872,6240,self_employed,tier_3,0.2412,19632,24
b,47.35,26.335,y,p,ff,ff,0.02,t,f,0,t,g,0,0,0,631,21586,7257,salaried,tier_1,0.3362,14329,19
b,56.07,15.5,u,g,e,z,0.47,t,t,20,f,g,152,130,0,405,31102,6082,business,tier_2,0.1956,25020,23
b,44.29,25.21,u,g,q,h,0.41,t,t,1,f,g,760,90,0,397,11312,779,freelancer,tier_3,0.0689,10533,24
b,21.11,0.25,y,p,c,h,0.69,f,f,0,f,g,280,204,0,656,24015,5102,salaried,tier_3,0.2125,18913,19
b,43.23,0.375,y,p,c,v,0.19,t,t,8,t,g,300,162,1,806,27022,658,salaried,tier_1,0.0244,26364,16
b,39.24,0.04,u,g,e,v,0.0,f,t,1,f,s,560,0,1,775,54664,13084,salaried,tier_1,0.2394,41580,14
b,26.55,13.0,u,g,e,dd,0.35,f,f,0,t,g,140,1110,0,530,38804,11729,salaried,tier_2,0.3023,27075,6
b,24.17,0.75,u,g,m,v,0.15,t,f,0,t,s,320,0,0,482,13609,4469,business,tier_1,0.3284,9140,15
a,22.8,8.5,u,g,q,v,2.2,t,t,10,f,g,80,990,0,370,24298,8025,salaried,tier_2,0.3303,16273,32
b,26.73,13.75,u,g,w,v,5.76,t,f,0,t,g,487,500,1,751,54077,12485,salaried,tier_2,0.2309,41592,91
b,29.0,5.0,u,g,w,v,11.43,t,f,0,t,g,70,0,1,900,99516,23598,salaried,tier_1,0.2371,75918,143
b,38.62,2.5,y,p,i,h,9.84,f,f,0,t,s,200,0,0,335,20146,1958,business,tier_3,0.0972,18188,135
a,38.43,6.0,u,g,k,v,1.22,t,f,0,t,g,0,0,1,714,84174,7163,business,tier_1,0.0851,77011,27
b,41.12,4.04,u,g,cc,h,6.98,t,t,8,f,g,320,0,1,830,21905,8740,salaried,tier_2,0.399,13165,96
a,21.77,1.25,y,p,ff,ff,3.38,f,f,0,f,g,280,0,0,723,13571,2027,business,tier_2,0.1494,11544,56
b,28.71,4.0,y,p,i,h,5.75,t,t,2,t,g,75,0,0,383,32929,10410,salaried,tier_2,0.3161,22519,77
b,30.79,14.79,u,g,aa,v,5.51,t,t,5,t,g,168,0,1,665,38058,3552,self_employed,tier_2,0.0933,34506,81
b,27.6,4.5,u,g,w,v,7.69,t,t,2,t,g,330,0,1,679,31859,3604,salaried,tier_2,0.1131,28255,108
b,22.81,10.085,y,p,e,h,1.0,f,f,0,f,g,260,0,0,655,43661,12945,salaried,tier_3,0.2965,30716,25
b,38.97,1.75,u,g,k,v,0.91,f,f,0,t,g,300,2,0,474,33151,1638,self_employed,tier_2,0.0494,31513,10
a,25.88,2.54,y,p,aa,v,0.04,t,f,0,t,g,370,0,1,765,140511,64341,salaried,tier_2,0.4579,76170,15
a,18.75,9.5,u,g,aa,v,1.62,f,t,10,t,g,0,10,0,406,20442,3704,salaried,tier_1,0.1812,16738,22
b,27.7,4.0,y,p,i,h,5.35,t,t,2,t,g,75,0,0,348,25948,13934,salaried,tier_2,0.537,12014,87
b,27.01,3.25,u,g,c,h,2.69,f,t,1,t,g,416,21,0,636,16109,5323,business,tier_1,0.3304,10786,47
a,24.79,8.665,u,g,aa,v,1.2,t,f,0,f,g,160,150,1,880,35394,3706,freelancer,tier_2,0.1047,31688,17
b,18.0,9.5,u,g,q,v,0.76,t,f,0,t,g,60,400,1,810,51136,5311,salaried,tier_3,0.1039,45825,19
b,38.88,10.125,y,p,k,v,0.55,f,f,0,f,g,160,0,0,694,31306,9481,self_employed,tier_3,0.3028,21825,25
b,19.06,10.0,u,g,w,h,0.47,f,t,1,f,g,120,1,0,632,34203,3365,business,tier_2,0.0984,30838,17
a,26.07,0.5,u,g,q,h,1.14,t,f,0,f,g,280,824,1,740,39833,1962,business,tier_2,0.0493,37871,28
b,57.15,18.5,u,g,d,bb,15.27,t,t,17,t,g,0,0,1,786,129506,9652,business,tier_1,0.0745,119854,196
b,42.85,4.085,u,g,aa,v,0.45,f,f,0,f,g,108,100,0,405,26787,2613,salaried,tier_2,0.0975,24174,16
b,22.41,2.5,u,g,c,v,0.66,t,t,11,t,g,60,2184,1,873,21355,3328,self_employed,tier_3,0.1558,18027,29
b,45.0,0.375,y,p,c,v,0.7,t,t,8,t,g,300,162,1,803,25501,524,salaried,tier_1,0.0205,24977,10
b,19.53,9.96,u,g,e,dd,0.05,t,f,0,f,g,0,0,1,656,39538,2465,freelancer,tier_1,0.0623,37073,0
a,25.48,2.415,y,p,c,v,0.17,f,f,0,f,g,120,0,0,667,26244,7532,freelancer,tier_2,0.287,18712,16
b,26.8,4.25,u,g,cc,v,4.28,t,t,1,t,g,120,0,1,748,38387,638,salaried,tier_2,0.0166,37749,57
a,45.43,4.585,u,g,k,h,1.2,f,f,0,t,s,240,0,0,579,34159,9344,salaried,tier_2,0.2735,24815,31
b,26.32,1.125,u,g,x,h,0.78,t,f,0,f,g,0,5298,1,682,35441,8304,salaried,tier_1,0.2343,27137,21
a,54.03,0.0,y,p,ff,ff,0.26,f,f,0,f,g,0,0,0,305,11854,1147,salaried,tier_1,0.0968,10707,22
b,48.54,25.085,u,g,w,v,1.28,t,t,3,f,g,120,14,1,876,24992,8672,business,tier_1,0.347,16320,26
b,29.42,13.75,u,g,w,v,5.71,t,f,0,t,g,487,500,1,703,43583,15224,salaried,tier_2,0.3493,28359,80
b,36.61,3.335,u,g,w,v,3.65,t,t,14,f,g,383,1344,1,680,158299,30163,salaried,tier_3,0.1905,128136,43
a,29.79,1.085,y,p,x,v,1.32,f,f,0,f,g,280,13,0,473,18017,3128,business,tier_1,0.1736,14889,36
b,42.37,1.54,u,g,i,bb,3.31,f,f,0,f,g,216,0,1,856,37784,2672,salaried,tier_1,0.0707,35112,49
a,25.73,12.5,u,g,aa,v,1.45,t,t,12,t,g,120,567,1,758,74669,14886,salaried,tier_1,0.1994,59783,24
b,36.54,2.5,u,g,w,v,0.0,t,f,0,t,g,239,200,1,715,67111,12878,salaried,tier_2,0.1919,54233,21
a,20.69,0.75,u,g,c,v,2.27,f,t,2,t,g,200,394,0,301,31334,4914,business,tier_2,0.1568,26420,40
b,36.67,0.21,u,g,k,v,0.07,t,f,0,t,g,280,0,1,856,22542,5938,salaried,tier_1,0.2634,16604,22
b,39.47,13.915,u,g,w,v,8.91,t,t,6,t,g,70,0,1,884,111171,16781,salaried,tier_2,0.1509,94390,113
b,35.54,2.04,u,g,w,v,0.0,t,f,0,t,g,400,5800,1,900,77545,3716,self_employed,tier_2,0.0479,73829,21
b,31.48,4.75,u,g,m,v,1.69,f,t,1,t,g,460,68,0,318,26914,2649,salaried,tier_3,0.0984,24265,41
b,62.97,20.0,u,g,x,h,17.55,t,t,9,t,g,0,1000,1,688,28467,8698,self_employed,tier_1,0.3055,19769,229
b,38.47,3.335,u,g,w,v,4.45,t,t,14,f,g,383,1344,1,706,150826,33768,salaried,tier_3,0.2239,117058,64
b,26.99,1.165,u,g,k,v,0.07,t,f,0,f,s,280,0,0,647,10462,263,business,tier_1,0.0251,10199,19
b,22.59,0.125,y,p,k,v,0.0,f,f,0,f,g,200,70,0,331,25951,999,self_employed,tier_2,0.0385,24952,6
b,42.52,0.29,y,p,cc,h,1.41,t,t,8,f,g,100,375,1,868,92595,17887,freelancer,tier_2,0.1932,74708,39
b,32.18,5.085,y,p,i,bb,1.23,f,f,0,t,g,480,0,0,319,13093,3621,self_employed,tier_2,0.2766,9472,32
a,24.76,1.125,u,g,q,v,1.19,t,t,2,f,g,200,0,0,560,43813,7910,freelancer,tier_1,0.1805,35903,17
a,34.74,3.75,u,g,ff,ff,0.33,f,t,6,f,g,0,200,0,325,34310,11604,salaried,tier_3,0.3382,22706,8
b,30.21,0.875,u,g,m,v,0.53,t,t,3,t,g,396,0,1,726,150084,32590,self_employed,tier_3,0.2171,117494,11
b,38.83,6.5,u,g,aa,bb,3.2,t,t,1,f,g,0,500,1,809,34527,5511,self_employed,tier_2,0.1596,29016,49
b,42.35,5.04,u,g,q,h,12.55,t,f,0,t,g,92,0,1,775,107604,3472,self_employed,tier_1,0.0323,104132,172
a,37.7,0.915,u,g,aa,v,0.88,t,t,4,f,g,0,1583,1,727,44487,18739,business,tier_1,0.4212,25748,22
b,28.17,1.5,y,p,w,v,0.56,t,f,0,t,g,260,1065,1,713,152111,22515,business,tier_2,0.148,129596,17
b,39.47,0.835,u,g,e,v,0.0,f,f,0,f,g,120,5,0,451,18249,6194,freelancer,tier_1,0.3394,12055,7
a,34.95,1.625,u,g,d,v,0.98,f,f,0,t,g,0,0,0,565,15783,6449,salaried,tier_2,0.4086,9334,34
b,41.71,0.96,u,g,x,v,2.34,t,f,0,f,g,510,600,1,753,97539,6553,salaried,tier_1,0.0672,90986,47
b,26.96,0.25,u,g,i,bb,0.21,t,f,0,t,g,0,0,1,712,82948,712,self_employed,tier_2,0.0086,82236,23
a,42.61,6.665,u,g,q,v,7.4,t,t,3,t,g,0,0,1,676,27671,9656,business,tier_3,0.349,18015,105
b,27.43,2.0,u,g,x,h,0.72,t,t,4,f,g,140,7544,1,722,65982,14788,self_employed,tier_2,0.2241,51194,15
b,20.07,3.54,y,p,ff,ff,0.35,f,f,0,t,g,180,1,0,499,26316,10691,salaried,tier_3,0.4063,15625,22
b,40.94,2.25,y,p,x,h,10.32,t,f,0,t,g,176,0,0,611,27864,9192,self_employed,tier_1,0.3299,18672,125
b,29.39,3.625,u,g,aa,v,0.15,f,f,0,t,g,100,0,0,386,44497,680,freelancer,tier_3,0.0153,43817,8
b,44.23,25.21,u,g,q,h,0.3,t,t,1,f,g,760,90,0,416,10664,800,freelancer,tier_3,0.075,9864,16
b,19.18,8.17,u,g,aa,v,1.72,t,t,14,f,g,60,158,1,801,159899,49460,business,tier_1,0.3093,110439,35
b,27.42,0.875,u,g,k,v,0.56,f,t,2,t,g,174,3,0,414,22008,2931,salaried,tier_1,0.1332,19077,7
a,18.67,9.5,u,g,w,v,1.43,t,t,6,t,g,40,600,1,714,155541,26088,salaried,tier_2,0.1677,129453,39
b,18.0,0.25,u,g,q,v,0.68,f,t,4,f,g,160,8,0,574,23920,2752,self_employed,tier_3,0.1151,21168,24
a,57.21,7.08,u,g,k,h,6.47,t,t,3,t,g,100,50,0,519,43466,2,self_employed,tier_1,0.0,43464,99
b,49.17,7.585,u,g,i,bb,7.1,t,t,15,t,g,0,5000,1,865,92010,30190,self_employed,tier_3,0.3281,61820,93
b,35.25,3.0,u,g,cc,h,7.18,t,f,0,t,g,0,0,1,868,36461,12386,salaried,tier_2,0.3397,24075,108
b,24.11,1.5,u,g,d,h,1.57,t,t,6,f,g,200,327,1,689,69052,24714,business,tier_2,0.3579,44338,38
a,36.86,2.5,u,g,i,h,0.22,f,f,0,f,g,260,246,0,556,19153,5390,self_employed,tier_1,0.2814,13763,2
b,31.16,1.835,u,g,c,h,4.04,t,f,0,f,g,260,200,1,857,38923,11061,self_employed,tier_1,0.2842,27862,52
b,29.92,4.5,u,g,w,v,7.76,t,t,2,t,g,330,0,1,710,31081,3576,salaried,tier_2,0.1151,27505,94
b,32.23,9.0,y,p,w,h,4.99,t,f,0,t,g,154,0,1,700,166496,16805,salaried,tier_3,0.1009,149691,59
b,18.0,7.0,u,g,e,v,1.21,f,f,0,f,g,600,0,0,570,18505,5886,business,tier_2,0.3181,12619,33
b,22.58,4.79,y,p,w,v,2.33,t,t,1,t,g,80,300,1,784,44406,1566,salaried,tier_3,0.0353,42840,39
b,34.56,0.75,y,p,d,v,1.07,f,f,0,f,g,240,3,0,467,29347,8369,business,tier_2,0.2852,20978,14
a,59.87,21.0,u,g,i,bb,10.5,t,t,13,f,g,0,6700,1,669,89825,81,self_employed,tier_3,0.0009,89744,126
a,18.0,0.375,u,g,c,v,1.37,f,f,0,f,g,120,18,0,669,12721,2048,salaried,tier_1,0.161,10673,23
b,37.31,0.125,y,p,c,v,1.76,f,f,0,t,g,232,113,1,799,80824,1450,business,tier_1,0.0179,79374,33
a,18.61,0.5,u,g,i,v,0.05,f,t,6,t,g,240,35,0,313,22043,6685,salaried,tier_3,0.3033,15358,6
a,59.19,16.5,u,g,q,v,11.25,t,f,0,t,g,21,10561,1,712,100184,12100,freelancer,tier_2,0.1208,88084,145
b,27.02,4.5,y,p,c,bb,2.96,f,f,0,f,g,200,1210,0,466,19698,2725,salaried,tier_1,0.1383,16973,53
a,48.48,3.0,u,g,x,v,13.4,t,t,2,t,g,519,1704,1,737,28271,1882,salaried,tier_1,0.0666,26389,173
a,25.61,0.67,u,g,aa,h,1.79,t,f,0,f,g,400,0,0,431,30121,3685,self_employed,tier_1,0.1223,26436,36
b,22.85,11.5,u,g,i,v,0.13,f,f,0,f,g,0,0,0,497,13621,1041,business,tier_1,0.0764,12580,1
b,56.92,28.0,y,p,c,v,28.56,t,t,40,f,g,0,15,1,652,101070,27781,self_employed,tier_3,0.2749,73289,353
a,51.11,12.54,u,g,aa,v,2.26,t,t,3,t,g,156,0,1,711,145238,50409,salaried,tier_2,0.3471,94829,36
b,36.53,4.5,u,g,x,h,5.83,f,f,0,t,s,711,0,1,804,82834,22193,salaried,tier_2,0.2679,60641,69
b,20.55,0.29,u,g,k,v,0.34,f,f,0,f,g,280,364,0,400,11974,3604,salaried,tier_2,0.301,8370,22
a,18.0,7.625,u,g,q,v,0.59,f,t,1,t,g,0,160,0,615,24789,8507,salaried,tier_3,0.3432,16282,8
b,24.57,10.04,u,g,x,v,0.09,t,t,9,f,g,60,396,1,892,74782,28610,business,tier_3,0.3826,46172,17
b,22.41,2.54,y,p,c,h,2.93,t,f,0,f,g,0,0,1,900,82802,9371,salaried,tier_2,0.1132,73431,52
b,42.1,2.0,u,g,m,v,1.57,t,t,2,t,g,0,15,1,635,109958,552,self_employed,tier_2,0.005,109406,38
b,36.78,2.665,u,g,cc,v,0.1,f,f,0,t,g,0,501,0,646,24276,2407,salaried,tier_2,0.0992,21869,12
b,32.01,1.75,u,g,x,h,4.47,t,t,4,t,g,253,857,1,692,94998,4605,salaried,tier_2,0.0485,90393,55
b,50.32,3.0,y,p,ff,ff,1.28,f,f,0,f,g,180,4,0,373,39903,10214,self_employed,tier_1,0.256,29689,25
b,23.46,6.625,y,p,d,v,5.38,t,f,0,t,s,100,0,1,793,153274,41519,salaried,tier_2,0.2709,111755,84
b,19.71,9.75,u,g,c,v,0.35,t,f,0,f,g,140,0,0,503,27645,3829,salaried,tier_1,0.1385,23816,22
b,35.17,4.25,u,g,i,bb,3.33,t,t,2,f,g,274,610,1,752,38086,10525,business,tier_3,0.2763,27561,41
b,18.0,9.5,u,g,w,v,1.64,t,f,0,f,g,120,2206,1,749,99594,24197,business,tier_3,0.243,75397,33
a,36.56,5.5,u,g,q,v,0.0,t,f,0,t,g,228,0,1,710,71266,23589,salaried,tier_2,0.331,47677,13
b,28.45,1.04,y,p,i,bb,0.32,t,t,10,t,g,132,28,0,615,35281,11365,self_employed,tier_2,0.3221,23916,16
b,39.17,0.5,y,p,m,v,0.61,f,f,0,t,g,130,0,0,354,16589,3916,business,tier_1,0.2361,12673,26
b,39.99,2.25,y,p,x,h,9.63,t,f,0,t,g,176,0,0,638,34043,8121,self_employed,tier_1,0.2386,25922,121
b,25.46,3.0,u,g,c,v,1.0,f,t,1,f,g,0,22,0,468,37661,7280,self_employed,tier_2,0.1933,30381,30
a,23.61,11.75,u,g,c,v,0.0,f,f,0,t,g,180,0,0,304,10807,3067,business,tier_1,0.2838,7740,15
b,29.33,1.0,y,p,d,h,2.57,f,f,0,f,g,176,537,0,300,39528,8674,salaried,tier_1,0.2194,30854,36
a,54.0,7.0,u,g,aa,h,2.74,f,f,0,f,g,0,0,0,544,11305,2043,salaried,tier_2,0.1807,9262,38
b,34.87,18.125,u,g,w,v,0.0,f,f,0,f,g,320,3552,0,414,21513,7341,salaried,tier_2,0.3412,14172,16
b,25.81,4.5,y,p,c,bb,2.25,f,f,0,f,g,200,1210,0,439,17044,2728,salaried,tier_1,0.1601,14316,47
a,38.64,7.54,y,p,q,h,8.15,t,t,14,f,g,0,2300,1,756,151984,33642,salaried,tier_2,0.2214,118342,107
b,44.19,0.375,y,p,c,v,0.0,t,t,8,t,g,300,162,1,776,25387,549,salaried,tier_1,0.0216,24838,17
b,21.28,0.75,u,g,m,v,0.44,f,f,0,t,s,320,0,0,683,11483,3790,salaried,tier_3,0.3301,7693,11
b,38.4,10.125,u,g,x,v,2.91,t,t,6,f,g,520,196,1,868,34446,6504,salaried,tier_1,0.1888,27942,53
a,31.16,1.46,u,g,w,v,1.38,t,t,16,f,g,120,2079,1,703,28491,1120,business,tier_3,0.0393,27371,33
b,28.8,1.25,y,p,k,v,0.06,f,f,0,f,g,224,0,0,351,38528,2512,self_employed,tier_2,0.0652,36016,11
b,54.29,1.375,y,p,c,h,9.88,t,f,0,t,g,200,100,0,641,37098,13088,salaried,tier_1,0.3528,24010,141
a,29.2,0.375,u,g,q,v,0.41,t,t,4,f,g,80,0,1,690,92304,17759,salaried,tier_1,0.1924,74545,25
b,37.68,2.125,y,p,w,v,0.0,t,t,1,f,g,50,1187,1,791,98732,7422,salaried,tier_1,0.0752,91310,6
b,33.87,0.25,u,g,i,bb,4.49,f,f,0,t,s,420,0,0,656,12934,3704,salaried,tier_3,0.2864,9230,59
a,38.06,0.29,u,g,ff,ff,0.37,f,t,10,f,g,200,18,0,341,27353,1142,self_employed,tier_1,0.0418,26211,8
a,18.0,0.585,u,g,c,h,1.47,t,t,2,f,g,100,0,1,834,53139,5828,salaried,tier_1,0.1097,47311,26
a,42.95,6.5,u,g,q,v,0.67,t,t,3,t,g,145,0,1,900,85634,26232,business,tier_2,0.3063,59402,15
a,21.8,0.79,u,g,i,v,0.26,f,f,0,f,g,144,0,0,654,11708,4526,self_employed,tier_1,0.3866,7182,13
b,32.21,2.5,u,g,aa,v,7.19,t,f,0,t,g,523,0,0,514,43310,2303,freelancer,tier_2,0.0532,41007,108
a,19.34,10.0,u,g,d,v,0.12,f,f,0,f,g,80,42,0,600,17129,771,salaried,tier_2,0.045,16358,16
a,18.0,0.165,u,g,aa,v,0.97,f,t,2,t,g,320,1,0,693,12229,855,freelancer,tier_1,0.0699,11374,18
a,19.69,10.0,y,p,q,h,0.58,f,f,0,f,g,340,0,0,670,22787,4902,salaried,tier_3,0.2151,17885,28
b,36.59,1.08,u,g,m,v,0.67,f,f,0,f,s,28,0,0,681,12871,501,freelancer,tier_3,0.0389,12370,21
b,22.73,11.5,u,g,i,v,0.7,f,f,0,f,g,0,0,0,522,10388,1317,business,tier_1,0.1268,9071,28
b,20.23,0.835,y,p,c,v,1.56,f,f,0,t,s,240,0,0,556,19903,3488,salaried,tier_2,0.1752,16415,34
b,25.39,0.375,u,g,m,v,0.23,t,t,3,f,g,260,15108,1,900,68209,21175,salaried,tier_2,0.3104,47034,9
b,53.24,3.0,y,p,ff,ff,1.64,f,f,0,f,g,180,4,0,332,44492,10671,self_employed,tier_1,0.2398,33821,24
b,18.0,0.75,u,g,c,v,1.94,t,t,5,t,g,352,690,1,725,143363,41623,freelancer,tier_1,0.2903,101740,36
b,39.68,1.54,u,g,i,bb,3.06,f,f,0,f,g,216,0,1,840,37338,2847,salaried,tier_1,0.0762,34491,50
b,34.34,5.25,u,g,w,v,0.0,f,f,0,t,g,290,6,1,884,47288,555,salaried,tier_2,0.0117,46733,8
b,26.82,1.165,u,g,k,v,0.58,t,f,0,f,s,280,0,0,652,13461,216,business,tier_1,0.016,13245,8
a,18.69,9.0,u,g,aa,v,0.94,t,f,0,t,g,0,0,1,716,44399,14837,salaried,tier_1,0.3342,29562,16
a,23.81,2.415,y,p,c,v,0.0,f,f,0,f,g,120,0,0,650,22588,5521,freelancer,tier_2,0.2444,17067,0
b,20.39,2.415,u,g,c,v,2.16,t,t,11,t,g,200,3000,1,731,99790,6136,salaried,tier_2,0.0615,93654,46
b,52.77,15.0,u,g,c,v,8.52,t,t,9,f,g,0,0,1,832,21864,5319,salaried,tier_1,0.2433,16545,125
b,30.19,1.75,y,p,e,h,0.0,t,f,0,t,g,393,0,1,662,22719,6156,salaried,tier_3,0.271,16563,20
b,21.3,2.54,y,p,c,h,2.62,t,f,0,f,g,0,0,1,862,84984,11484,salaried,tier_2,0.1351,73500,43
b,39.84,21.5,u,g,e,z,20.41,t,t,11,f,g,0,1200,1,823,85721,15423,self_employed,tier_2,0.1799,70298,254
b,19.09,5.625,u,g,w,v,1.23,t,f,0,f,s,120,0,1,742,96287,17891,self_employed,tier_1,0.1858,78396,25
a,22.27,1.25,u,g,q,v,0.39,f,f,0,t,g,120,809,0,627,20285,2765,salaried,tier_2,0.1363,17520,19
b,36.41,1.335,u,g,i,bb,0.0,f,f,0,t,g,440,4500,0,621,18242,987,salaried,tier_2,0.0541,17255,15
a,18.63,9.5,u,g,aa,v,1.26,f,t,10,t,g,0,10,0,401,16756,3888,salaried,tier_1,0.232,12868,38
b,21.54,0.0,u,g,d,v,0.15,f,f,0,f,g,144,0,0,413,42428,2741,self_employed,tier_1,0.0646,39687,6
b,27.5,0.75,u,g,c,bb,0.17,t,f,0,f,g,349,23,1,744,52383,1925,business,tier_1,0.0367,50458,6
b,22.44,0.0,u,g,k,v,1.3,f,t,11,f,s,0,0,0,541,20641,5334,business,tier_1,0.2584,15307,34
a,45.02,10.5,u,g,q,v,4.78,t,t,7,t,g,0,0,1,765,23237,3,business,tier_1,0.0001,23234,76
b,22.36,0.585,u,g,c,h,0.21,t,f,0,f,g,180,0,0,372,12619,4439,business,tier_1,0.3518,8180,21
b,48.99,2.5,u,g,m,bb,2.41,t,t,12,t,g,410,2510,1,895,129841,5444,salaried,tier_1,0.0419,124397,28
a,22.47,1.75,y,p,j,j,0.0,f,f,0,f,g,160,0,0,577,26522,1748,freelancer,tier_2,0.0659,24774,14
b,63.02,20.0,u,g,x,h,17.51,t,t,9,t,g,0,1000,1,692,21279,6994,self_employed,tier_1,0.3287,14285,223
b,26.26,2.0,u,g,d,v,1.05,f,f,0,t,g,80,0,0,621,45993,15194,salaried,tier_3,0.3304,30799,33
b,18.0,3.125,u,g,w,v,0.42,f,t,1,f,g,0,6,0,401,43627,1215,salaried,tier_2,0.0278,42412,8
b,23.61,2.75,u,g,ff,ff,4.85,f,f,0,f,g,160,25,0,635,43440,867,self_employed,tier_2,0.02,42573,70
a,31.13,1.75,y,p,k,v,1.09,f,f,0,t,g,280,0,0,440,18052,3635,self_employed,tier_1,0.2014,14417,31
a,38.27,1.5,u,g,ff,ff,0.29,f,f,0,f,g,76,0,0,617,28200,5408,self_employed,tier_2,0.1918,22792,5
b,23.71,2.335,u,g,k,v,0.46,f,f,0,f,g,180,0,0,546,26861,11437,freelancer,tier_2,0.4258,15424,27
b,40.94,4.04,u,g,cc,h,7.24,t,t,8,f,g,320,0,1,822,23385,9671,salaried,tier_2,0.4136,13714,104
b,19.82,0.0,u,g,q,v,1.11,f,f,0,f,g,160,1,0,686,28883,529,salaried,tier_2,0.0183,28354,29
b,18.0,0.0,y,p,aa,v,0.0,f,f,0,f,g,60,0,0,325,43075,5840,salaried,tier_3,0.1356,37235,13
b,23.71,11.0,u,g,cc,v,0.61,t,f,0,f,g,100,0,1,692,35416,8372,salaried,tier_1,0.2364,27044,22
a,22.73,0.5,u,g,q,h,1.65,t,f,0,f,g,280,824,1,760,30563,1825,business,tier_2,0.0597,28738,41
b,22.4,0.46,y,p,w,v,2.83,t,t,6,t,g,208,347,0,553,10264,4064,salaried,tier_1,0.3959,6200,50
b,22.91,0.625,y,p,aa,v,0.0,t,f,0,f,g,180,1,0,568,26420,4009,business,tier_3,0.1517,22411,6
b,32.9,1.0,u,g,x,v,1.22,t,t,7,t,g,340,4071,1,752,97314,31025,self_employed,tier_3,0.3188,66289,25
a,27.89,1.665,u,g,ff,ff,0.12,f,f,0,f,g,340,1,0,544,28248,1364,business,tier_1,0.0483,26884,5
b,40.95,1.71,u,g,x,v,0.0,t,t,5,t,g,480,0,1,717,26030,8163,self_employed,tier_3,0.3136,17867,20
b,46.7,25.085,u,g,w,v,1.27,t,t,3,f,g,120,14,1,865,27263,10441,business,tier_1,0.383,16822,24
a,20.89,5.0,y,p,ff,ff,0.28,f,f,0,f,g,0,0,0,672,29697,394,salaried,tier_2,0.0133,29303,3
a,39.6,10.0,u,g,q,h,1.33,t,f,0,f,g,29,837,1,900,143774,62082,salaried,tier_2,0.4318,81692,17
b,28.33,4.5,y,p,c,bb,2.14,f,f,0,f,g,200,1210,0,479,15885,2510,salaried,tier_1,0.158,13375,47
b,29.69,1.5,u,g,w,v,2.32,f,t,1,t,g,100,3,0,539,20030,6286,business,tier_2,0.3138,13744,30
b,23.83,0.665,u,g,c,v,0.27,f,f,0,f,g,100,0,1,710,54247,6255,business,tier_2,0.1153,47992,12
b,49.75,10.0,u,g,i,bb,0.19,t,t,11,f,g,0,1249,1,817,45021,11946,business,tier_2,0.2653,33075,24
a,29.31,0.375,u,g,q,v,0.48,t,t,4,f,g,80,0,1,694,100367,16131,salaried,tier_1,0.1607,84236,18
a,39.12,4.415,u,g,c,v,0.4,f,f,0,f,g,160,0,0,548,29886,2958,salaried,tier_2,0.099,26928,5
a,18.0,1.25,u,g,q,v,0.72,f,t,1,f,g,108,98,0,584,12450,4065,salaried,tier_2,0.3265,8385,9
b,23.55,0.79,u,g,w,v,0.06,f,t,1,f,g,420,283,0,645,28346,8981,salaried,tier_2,0.3168,19365,1
a,54.07,0.0,y,p,ff,ff,0.2,f,f,0,f,g,0,0,0,304,12287,814,salaried,tier_1,0.0662,11473,17
b,26.9,1.75,y,p,c,v,1.43,t,t,5,t,g,160,5777,1,834,75904,1021,salaried,tier_3,0.0135,74883,37
b,52.59,1.375,y,p,c,h,9.65,t,f,0,t,g,200,100,0,677,34603,11837,salaried,tier_1,0.3421,22766,130
b,21.27,2.335,u,g,k,v,0.93,f,f,0,f,g,180,0,0,571,26066,11286,freelancer,tier_2,0.433,14780,15
b,63.67,0.54,u,g,c,v,0.31,t,t,3,t,g,180,0,0,393,27186,11253,self_employed,tier_1,0.4139,15933,20
b,22.09,11.0,u,g,w,v,2.04,t,t,1,f,g,80,278,1,704,21493,1052,freelancer,tier_1,0.0489,20441,41
b,25.46,1.54,u,g,w,v,0.19,f,f,0,f,g,100,0,0,618,12876,3462,business,tier_2,0.2689,9414,4
b,18.0,2.46,u,g,c,n,1.16,f,t,2,t,g,160,587,0,699,42679,8241,business,tier_2,0.1931,34438,15
b,18.0,10.0,u,g,w,h,0.66,f,t,1,f,g,120,1,0,591,35632,3457,business,tier_2,0.097,32175,16
b,20.62,0.25,u,g,d,h,0.2,t,f,0,t,g,0,0,1,792,82561,12391,salaried,tier_3,0.1501,70170,4
b,48.75,0.205,y,p,k,v,0.0,t,t,11,f,g,380,2732,1,709,31375,9926,self_employed,tier_1,0.3164,21449,23
b,28.41,2.0,u,g,k,h,3.74,t,t,2,t,g,181,0,1,796,141052,51794,salaried,tier_2,0.3672,89258,50
b,18.0,3.125,u,g,w,v,0.33,f,t,1,f,g,0,6,0,404,36987,1707,salaried,tier_2,0.0462,35280,6
b,18.0,0.165,u,g,q,n,0.0,f,f,0,f,g,200,40,1,847,48084,1380,salaried,tier_1,0.0287,46704,22
a,20.76,5.0,y,p,ff,ff,0.12,f,f,0,f,g,0,0,0,645,27791,331,salaried,tier_2,0.0119,27460,18
b,31.17,1.25,y,p,k,v,0.07,f,f,0,f,g,224,0,0,344,39867,2672,self_employed,tier_2,0.067,37195,19
a,28.32,3.5,u,g,w,v,0.79,t,f,0,f,s,280,0,1,868,48611,12905,freelancer,tier_1,0.2655,35706,18
b,34.95,2.5,y,p,w,v,6.72,f,f,0,t,g,280,0,0,538,28649,4792,salaried,tier_3,0.1673,23857,96
b,23.01,12.625,u,g,c,v,0.49,f,t,2,f,g,0,5552,0,300,10401,4535,self_employed,tier_3,0.436,5866,25
a,24.18,0.83,u,g,q,v,0.5,f,t,1,t,g,200,11,0,617,35706,7673,salaried,tier_2,0.2149,28033,10
b,21.37,11.125,u,g,x,h,0.9,t,t,1,f,g,100,0,1,844,86584,1042,salaried,tier_2,0.012,85542,24
b,18.03,6.5,u,g,i,v,0.2,f,f,0,f,g,60,100,0,536,18679,866,freelancer,tier_3,0.0464,17813,25
b,21.41,11.045,u,g,c,v,1.62,f,f,0,t,g,136,0,0,410,25990,8992,salaried,tier_3,0.346,16998,27
b,34.94,1.0,u,g,x,v,0.42,t,t,7,t,g,340,4071,1,744,110093,36176,self_employed,tier_3,0.3286,73917,22
b,34.82,2.5,u,g,cc,h,3.24,t,t,6,f,g,160,2072,1,900,100358,43295,salaried,tier_1,0.4314,57063,42
b,32.71,0.25,u,g,i,bb,4.23,f,f,0,t,s,420,0,0,646,12097,3257,salaried,tier_3,0.2692,8840,54
a,23.22,11.585,u,g,cc,v,0.0,t,f,0,f,g,80,1349,1,654,152771,48471,salaried,tier_3,0.3173,104300,22
b,28.05,5.125,u,g,x,v,4.95,t,t,2,f,g,420,7,1,894,22531,3749,salaried,tier_2,0.1664,18782,81
a,23.84,11.5,y,p,k,h,2.91,f,f,0,t,g,20,16,0,394,10911,1153,business,tier_2,0.1057,9758,56
b,21.46,3.0,u,g,m,v,1.1,t,t,1,f,g,260,800,1,816,94564,7562,self_employed,tier_1,0.08,87002,35
b,35.59,2.75,u,g,i,bb,2.15,f,f,0,t,g,232,200,0,381,25701,9194,salaried,tier_3,0.3577,16507,43
b,18.14,0.125,u,g,c,v,0.5,f,f,0,f,g,132,0,0,359,36521,15932,freelancer,tier_2,0.4362,20589,24
b,27.55,0.585,y,p,cc,v,0.0,t,t,2,f,g,260,500,1,859,88489,7771,salaried,tier_3,0.0878,80718,0
b,35.2,2.54,u,g,ff,ff,0.0,f,f,0,f,g,0,1000,0,441,45641,3949,salaried,tier_3,0.0865,41692,2
b,40.56,0.205,u,g,i,h,4.93,t,f,0,f,g,400,0,1,670,21414,1131,salaried,tier_2,0.0528,20283,62
a,23.66,1.25,u,g,q,v,0.0,f,f,0,t,g,120,809,0,620,19634,4072,salaried,tier_2,0.2074,15562,3
a,23.0,0.71,u,g,w,v,0.26,f,t,1,t,g,240,4,0,589,19555,2855,self_employed,tier_3,0.146,16700,20
b,24.64,0.625,y,p,aa,v,0.0,t,f,0,f,g,180,1,0,550,28174,4946,business,tier_3,0.1756,23228,12
b,34.68,4.5,u,g,aa,v,0.8,t,f,0,t,g,240,0,0,512,22267,697,freelancer,tier_2,0.0313,21570,11
b,40.16,13.915,u,g,w,v,9.06,t,t,6,t,g,70,0,1,845,89368,17098,salaried,tier_2,0.1913,72270,128
a,56.74,16.0,u,g,j,ff,0.0,t,t,15,f,g,0,247,1,777,158884,7837,salaried,tier_1,0.0493,151047,18
b,24.1,0.875,u,g,k,v,0.24,f,t,2,t,g,174,3,0,430,26071,3131,salaried,tier_1,0.1201,22940,15
b,46.56,7.0,y,p,c,v,1.6,f,f,0,f,g,160,2,0,547,27120,2148,freelancer,tier_2,0.0792,24972,42
b,30.68,0.5,u,g,c,v,1.81,t,t,11,f,g,32,540,1,708,56562,17578,salaried,tier_1,0.3108,38984,43
b,27.56,0.335,u,g,k,h,3.81,f,f,0,t,g,340,0,0,388,19036,1702,salaried,tier_1,0.0894,17334,51
b,19.57,1.5,y,p,cc,v,1.69,t,f,0,t,g,100,20,0,495,22418,3818,business,tier_1,0.1703,18600,27
b,28.51,2.0,u,g,x,h,1.37,t,t,4,f,g,140,7544,1,715,69227,16876,self_employed,tier_2,0.2438,52351,16
b,48.97,0.585,u,g,ff,ff,0.26,f,f,0,f,g,145,0,0,346,13231,1668,business,tier_2,0.1261,11563,7
b,27.53,1.5,y,p,w,v,0.6,t,f,0,t,g,260,1065,1,700,136918,19111,business,tier_2,0.1396,117807,11
b,23.73,10.5,u,g,q,h,0.92,t,f,0,f,g,100,0,1,845,87175,2534,salaried,tier_1,0.0291,84641,32
a,35.94,1.25,y,p,i,h,0.02,f,f,0,t,g,160,0,0,679,42439,4930,freelancer,tier_1,0.1162,37509,15
a,47.16,3.0,u,g,c,v,2.47,t,t,8,t,g,396,4159,1,900,48537,17408,salaried,tier_1,0.3587,31129,50
b,21.66,11.5,u,g,i,v,0.78,f,f,0,f,g,0,0,0,498,13512,1271,business,tier_1,0.0941,12241,21
b,21.4,9.585,u,g,aa,v,0.87,f,f,0,f,g,80,350,0,370,12540,4517,salaried,tier_1,0.3602,8023,11
b,27.56,0.335,u,g,k,h,3.21,f,f,0,t,g,340,0,0,345,15788,2321,salaried,tier_1,0.147,13467,56
b,32.38,0.08,y,p,m,bb,0.0,t,t,1,t,g,280,2000,1,863,170153,47298,salaried,tier_3,0.278,122855,10
b,44.58,1.25,u,g,m,v,14.07,f,t,1,t,g,352,112,0,671,23189,7593,business,tier_1,0.3274,15596,180
b,18.33,4.0,y,p,i,v,1.22,f,f,0,t,g,360,1000,0,451,17120,4873,salaried,tier_2,0.2846,12247,30
b,35.76,3.375,u,g,c,h,7.96,f,f,0,t,g,0,0,0,422,11648,1603,self_employed,tier_1,0.1376,10045,111
a,25.43,8.665,u,g,aa,v,0.94,t,f,0,f,g,160,150,1,849,30287,3594,freelancer,tier_2,0.1187,26693,30
b,44.37,4.915,y,p,w,v,3.07,t,f,0,t,g,52,1442,1,780,49947,10180,self_employed,tier_1,0.2038,39767,56
b,18.0,5.71,u,g,d,v,0.62,f,f,0,f,g,120,0,0,338,22174,1879,self_employed,tier_3,0.0847,20295,25
a,24.49,2.415,y,p,c,v,0.21,f,f,0,f,g,120,0,0,650,24257,6983,freelancer,tier_2,0.2879,17274,11
b,19.71,11.045,u,g,c,v,2.31,f,f,0,t,g,136,0,0,400,28656,6243,salaried,tier_3,0.2179,22413,49
a,19.63,10.0,u,g,c,h,1.11,t,t,4,f,g,50,1465,1,843,54092,14209,business,tier_1,0.2627,39883,20
b,42.16,1.75,u,g,k,v,0.0,t,f,0,f,g,160,0,0,457,13091,2809,salaried,tier_3,0.2146,10282,8
b,34.77,5.0,u,g,c,bb,2.68,t,t,6,f,g,0,367,1,688,44801,202,salaried,tier_2,0.0045,44599,41
b,19.04,2.46,u,g,c,n,1.44,f,t,2,t,g,160,587,0,677,38398,10087,business,tier_2,0.2627,28311,39
b,37.5,0.75,u,g,k,v,1.91,f,f,0,t,g,231,0,0,594,17316,5829,salaried,tier_1,0.3366,11487,28
b,28.14,2.25,u,g,i,bb,0.87,f,f,0,t,g,640,4000,0,386,26862,8582,self_employed,tier_2,0.3195,18280,19
b,30.86,1.25,u,g,w,v,1.55,f,f,0,f,g,200,0,0,502,19611,4505,self_employed,tier_3,0.2297,15106,28
b,30.52,1.5,y,p,w,v,0.29,f,f,0,f,s,160,0,0,508,26554,6444,freelancer,tier_2,0.2427,20110,7
b,33.47,2.75,u,g,i,bb,2.85,f,f,0,t,g,232,200,0,364,22677,9333,salaried,tier_3,0.4116,13344,36
a,20.9,8.5,u,g,c,v,0.34,f,f,0,f,g,0,351,0,646,24000,4625,salaried,tier_2,0.1927,19375,7
b,20.43,9.0,u,g,aa,v,0.0,f,f,0,f,g,0,0,0,579,15871,1147,salaried,tier_2,0.0723,14724,12
b,30.45,14.5,u,g,d,v,0.58,f,f,0,f,g,0,286,0,654,31153,9852,salaried,tier_1,0.3162,21301,20
b,18.08,9.585,u,g,aa,v,0.74,f,f,0,f,g,80,350,0,375,10636,4431,salaried,tier_1,0.4166,6205,12
b,29.86,0.875,u,g,m,v,0.59,t,t,3,t,g,396,0,1,727,171867,42556,self_employed,tier_3,0.2476,129311,24
b,18.0,10.0,u,g,w,h,0.0,f,t,1,f,g,120,1,0,632,43368,2943,business,tier_2,0.0679,40425,5
b,41.21,6.21,u,g,q,v,0.19,t,t,1,f,g,200,300,1,891,24176,3463,business,tier_2,0.1432,20713,14
b,27.36,1.5,y,p,c,v,1.44,t,f,0,t,g,0,225,0,473,30707,11073,salaried,tier_3,0.3606,19634,39
b,37.98,0.5,u,g,m,v,0.0,t,f,0,f,s,288,0,0,346,13480,511,salaried,tier_1,0.0379,12969,4
b,28.88,3.0,u,g,w,v,0.99,f,f,0,t,g,300,67,0,328,25405,6515,business,tier_2,0.2564,18890,23
b,56.95,7.04,u,g,m,v,14.3,t,t,6,t,g,360,1332,1,889,90234,39617,salaried,tier_2,0.439,50617,171
b,45.19,0.5,u,g,i,h,5.23,t,f,0,t,g,320,0,1,723,96361,6636,self_employed,tier_1,0.0689,89725,68
b,28.22,2.0,u,g,k,h,3.87,t,t,2,t,g,181,0,1,765,165441,55926,salaried,tier_2,0.338,109515,48
b,27.86,1.25,u,g,w,v,1.94,f,f,0,f,g,200,0,0,480,18778,5516,self_employed,tier_3,0.2937,13262,33
b,33.81,4.0,y,p,cc,v,1.01,f,f,0,t,g,120,0,0,573,18813,7307,salaried,tier_3,0.3884,11506,26
a,18.98,5.415,u,g,i,h,0.1,f,f,0,f,g,80,484,0,535,19980,4521,salaried,tier_2,0.2263,15459,5
b,35.77,2.5,y,p,w,v,2.9,f,f,0,f,s,200,0,0,403,44727,12323,business,tier_3,0.2755,32404,35
b,34.17,9.17,u,g,c,v,4.84,t,t,12,t,g,0,221,1,822,112593,30269,salaried,tier_2,0.2688,82324,58
a,20.17,0.75,u,g,c,v,0.69,t,t,5,t,g,140,5,0,718,35138,12122,self_employed,tier_3,0.345,23016,23
b,47.38,7.625,u,g,w,h,15.01,t,t,12,f,g,0,790,1,738,151985,8380,salaried,tier_1,0.0551,143605,187
a,25.38,2.54,y,p,ff,ff,0.0,f,f,0,t,g,180,60,0,676,26803,1811,salaried,tier_3,0.0676,24992,22
b,23.17,0.75,u,g,m,v,0.5,f,f,0,t,s,320,0,0,644,12924,2940,salaried,tier_3,0.2275,9984,10
b,32.76,2.5,y,p,w,v,7.45,f,f,0,t,g,280,0,0,536,25800,6018,salaried,tier_3,0.2333,19782,89
b,21.56,0.79,u,g,w,v,0.73,f,t,1,f,g,420,283,0,675,22500,7786,salaried,tier_2,0.346,14714,28
b,18.0,0.085,y,p,c,v,0.0,f,f,0,f,g,140,722,0,527,32676,1380,business,tier_3,0.0422,31296,9
a,26.01,13.5,y,p,ff,ff,1.69,f,t,1,t,g,200,1,0,386,26650,3031,business,tier_2,0.1137,23619,32
b,23.18,12.0,u,g,k,v,1.91,t,t,2,t,g,120,5,0,643,26275,1446,business,tier_2,0.055,24829,28
b,21.52,2.25,u,g,i,v,0.41,f,f,0,f,g,160,10,0,462,11869,4371,salaried,tier_2,0.3683,7498,27
a,18.0,0.335,u,g,ff,ff,0.0,f,t,1,f,g,160,126,0,661,10826,4850,salaried,tier_2,0.448,5976,8
b,18.81,1.085,u,g,q,v,1.13,f,f,0,f,g,108,7,0,586,17122,2975,freelancer,tier_3,0.1738,14147,23
a,32.69,0.75,u,g,k,bb,1.04,t,t,3,t,g,212,0,0,426,34216,9444,salaried,tier_2,0.276,24772,25
b,34.54,2.125,y,p,w,v,0.0,t,t,1,f,g,50,1187,1,754,97009,7225,salaried,tier_1,0.0745,89784,16
b,24.98,0.75,u,g,m,v,0.09,t,f,0,t,s,320,0,0,512,12179,5229,business,tier_1,0.4293,6950,13
b,27.87,2.25,u,g,i,bb,0.36,f,f,0,t,g,640,4000,0,344,31076,7118,self_employed,tier_2,0.2291,23958,18
b,26.35,2.0,u,g,k,h,3.94,t,t,2,t,g,181,0,1,773,157357,52954,salaried,tier_2,0.3365,104403,49
b,29.75,0.83,u,g,x,v,1.35,t,t,8,t,g,303,3290,1,818,27522,9140,salaried,tier_2,0.3321,18382,25
b,28.71,1.0,y,p,d,h,3.48,f,f,0,f,g,176,537,0,306,36585,9646,salaried,tier_1,0.2637,26939,61
b,25.93,0.835,u,g,cc,v,0.79,f,f,0,f,g,100,0,0,674,10633,1205,freelancer,tier_3,0.1133,9428,9
b,70.0,19.0,y,p,ff,ff,0.0,f,t,2,f,g,0,351,0,668,19898,577,salaried,tier_1,0.029,19321,0
b,41.61,0.54,y,p,aa,v,0.93,t,t,3,f,g,200,1000,1,715,44849,1447,business,tier_3,0.0323,43402,22
b,37.57,4.0,u,g,c,bb,5.38,t,f,0,t,s,280,0,0,457,45697,14712,salaried,tier_1,0.3219,30985,82
b,22.33,1.79,u,g,c,v,0.43,f,f,0,t,g,136,1,0,694,33082,5771,business,tier_1,0.1744,27311,6
b,33.21,4.0,y,p,cc,v,1.7,f,f,0,t,g,120,0,0,580,18004,7355,salaried,tier_3,0.4085,10649,23
a,35.57,0.75,u,g,k,bb,0.59,t,t,3,t,g,212,0,0,422,45777,8703,salaried,tier_2,0.1901,37074,23
a,22.82,8.46,y,p,x,v,2.67,f,f,0,f,g,164,0,1,900,87921,4398,salaried,tier_2,0.05,83523,32
b,41.73,0.04,u,g,e,v,0.51,f,t,1,f,s,560,0,1,782,47045,13450,salaried,tier_1,0.2859,33595,11
b,33.35,5.5,y,p,c,v,1.54,f,f,0,t,g,60,0,0,536,41658,4211,self_employed,tier_1,0.1011,37447,28
a,57.86,10.0,u,g,q,v,4.0,t,t,14,f,g,0,1602,1,751,95500,20588,self_employed,tier_3,0.2156,74912,64
b,38.69,7.0,u,g,q,h,11.19,t,t,7,t,g,300,5,0,382,20313,5968,salaried,tier_2,0.2938,14345,144
b,49.79,3.75,u,g,i,bb,1.13,f,f,0,f,g,100,2,0,315,15654,2099,salaried,tier_1,0.1341,13555,34
b,64.6,20.0,u,g,x,h,17.59,t,t,9,t,g,0,1000,1,671,25370,6235,self_employed,tier_1,0.2458,19135,230
a,31.16,5.29,u,g,e,dd,2.4,t,t,5,t,g,99,500,1,782,25681,7730,salaried,tier_2,0.301,17951,47
b,41.86,2.25,u,g,i,bb,0.28,t,f,0,f,g,560,0,0,589,18824,1501,salaried,tier_1,0.0797,17323,5
b,19.27,7.0,u,g,c,v,1.67,t,t,3,f,g,200,1391,1,758,23167,283,salaried,tier_1,0.0122,22884,32
b,18.0,4.46,u,g,c,v,0.34,f,f,0,f,s,80,0,0,485,28781,9339,business,tier_1,0.3245,19442,12
b,24.63,0.875,u,g,k,v,0.08,f,t,2,t,g,174,3,0,418,27577,4096,salaried,tier_1,0.1485,23481,18
b,22.62,11.46,u,g,k,v,1.29,f,f,0,t,g,100,1212,0,353,10901,3971,salaried,tier_2,0.3643,6930,16
b,24.59,0.54,u,g,w,v,0.0,f,t,1,f,g,272,444,0,394,32941,6368,freelancer,tier_1,0.1933,26573,5
a,33.09,3.125,u,g,ff,ff,3.25,f,t,2,t,g,200,4,0,337,25469,7027,salaried,tier_2,0.2759,18442,46
b,55.81,9.415,u,g,ff,ff,14.52,t,t,11,t,g,30,300,1,706,80899,23336,business,tier_1,0.2885,57563,194
b,22.53,1.585,y,p,w,v,3.43,t,t,6,f,g,80,0,1,674,53204,1506,salaried,tier_2,0.0283,51698,54
b,35.39,3.25,u,g,q,h,8.8,t,f,0,t,g,102,639,1,837,45612,14653,salaried,tier_1,0.3213,30959,116
b,42.76,5.04,u,g,q,h,13.16,t,f,0,t,g,92,0,1,784,102064,2612,self_employed,tier_1,0.0256,99452,161
b,44.14,5.04,u,g,q,h,12.99,t,f,0,t,g,92,0,1,797,111031,3500,self_employed,tier_1,0.0315,107531,161
b,28.32,1.54,u,g,w,v,3.65,t,t,5,t,g,100,3,1,649,146945,26884,self_employed,tier_1,0.183,120061,59
b,21.56,1.0,u,g,c,v,0.1,f,f,0,t,s,280,0,0,608,34199,5097,business,tier_1,0.149,29102,13
b,50.49,1.5,u,g,d,v,3.51,f,f,0,t,g,0,350,0,370,24641,1325,business,tier_1,0.0538,23316,56
b,18.45,9.5,u,g,w,v,1.96,t,f,0,f,g,120,2206,1,763,89283,30557,business,tier_3,0.3422,58726,28
b,47.53,8.5,u,g,c,h,12.31,t,t,9,f,g,181,1655,1,869,24170,1396,business,tier_3,0.0578,22774,152
b,21.25,0.0,u,g,d,v,0.33,f,f,0,f,g,144,0,0,460,45420,2434,self_employed,tier_1,0.0536,42986,13
b,33.46,4.0,y,p,cc,v,1.19,f,f,0,t,g,120,0,0,583,17026,6938,salaried,tier_3,0.4075,10088,17
a,18.0,10.0,u,g,w,v,1.31,f,t,1,f,g,120,1,0,307,13325,2296,salaried,tier_1,0.1723,11029,32
b,18.63,10.915,u,g,c,bb,0.36,f,t,2,t,g,200,7,0,631,44575,12495,freelancer,tier_2,0.2803,32080,10
a,19.36,10.5,y,p,x,h,0.0,f,f,0,t,g,154,32,0,643,11460,2455,business,tier_2,0.2142,9005,8
b,50.38,8.5,u,g,c,h,12.41,t,t,9,f,g,181,1655,1,884,21874,1284,business,tier_3,0.0587,20590,156
a,24.93,1.25,u,g,ff,ff,0.0,t,f,0,f,g,80,0,0,341,42694,13680,freelancer,tier_2,0.3204,29014,18
b,26.37,0.75,u,g,c,bb,0.16,t,f,0,f,g,349,23,1,779,47172,1455,business,tier_1,0.0308,45717,6
b,42.41,4.085,u,g,aa,v,0.04,f,f,0,f,g,108,100,0,423,32546,2764,salaried,tier_2,0.0849,29782,1
b,26.77,1.54,u,g,w,v,0.44,f,f,0,f,g,100,0,0,593,11793,2585,business,tier_2,0.2192,9208,16
a,22.21,0.75,u,g,c,v,2.32,f,t,2,t,g,200,394,0,340,29867,4944,business,tier_2,0.1655,24923,30
b,18.0,0.25,u,g,q,v,0.63,f,t,4,f,g,160,8,0,563,27084,2908,self_employed,tier_3,0.1074,24176,30
b,48.62,3.75,u,g,i,bb,0.6,f,f,0,f,g,100,2,0,300,17364,1657,salaried,tier_1,0.0954,15707,14
b,26.03,2.21,y,p,aa,v,4.3,t,f,0,f,g,188,0,0,441,39317,10618,salaried,tier_3,0.2701,28699,64
b,33.25,2.5,u,g,c,v,0.62,f,f,0,f,g,460,16,0,300,24071,1847,self_employed,tier_3,0.0767,22224,12
b,52.52,9.625,u,g,e,v,8.29,t,t,5,f,g,0,0,1,850,33607,9989,business,tier_1,0.2972,23618,120
b,35.8,3.79,u,g,w,v,1.61,t,f,0,t,g,200,0,0,506,40311,2209,salaried,tier_1,0.0548,38102,22
b,28.58,0.375,u,g,c,v,0.61,f,f,0,f,g,220,140,0,503,13111,1014,self_employed,tier_1,0.0773,12097,14
b,32.93,3.0,u,g,d,v,0.22,f,f,0,t,g,120,0,0,639,17253,5749,freelancer,tier_3,0.3332,11504,5
a,24.66,11.75,u,g,x,h,0.87,t,t,2,t,g,300,551,1,705,151091,13295,business,tier_3,0.088,137796,14
b,32.39,1.75,u,g,w,bb,0.74,t,f,0,t,g,163,0,0,327,31536,212,business,tier_3,0.0067,31324,16
a,26.14,1.25,u,g,ff,ff,0.11,f,t,1,f,g,92,300,0,300,27924,472,salaried,tier_1,0.0169,27452,2
a,48.6,13.585,u,g,k,h,8.61,t,f,0,t,g,0,0,1,868,93325,8508,freelancer,tier_1,0.0912,84817,113
a,36.76,4.71,u,g,ff,ff,0.25,f,f,0,f,g,160,0,0,399,20340,7742,salaried,tier_3,0.3806,12598,26
b,18.89,0.0,y,p,m,bb,0.0,f,f,0,t,s,500,1,1,850,37347,4119,self_employed,tier_2,0.1103,33228,19
b,60.42,2.75,u,g,w,v,1.42,t,t,5,t,g,60,58,1,761,76736,25842,salaried,tier_3,0.3368,50894,31
a,19.8,3.0,u,g,aa,v,0.3,t,f,0,f,g,100,0,1,858,104431,8533,salaried,tier_1,0.0817,95898,16
b,38.13,7.0,u,g,q,h,11.34,t,t,7,t,g,300,5,0,374,15458,8415,salaried,tier_2,0.5444,7043,150
b,35.12,0.335,y,p,cc,v,0.0,f,f,0,f,g,180,0,0,445,41417,7455,business,tier_2,0.18,33962,13
b,61.72,14.5,u,g,ff,ff,17.81,t,t,15,t,g,0,1000,1,838,25071,7095,self_employed,tier_3,0.283,17976,219
a,34.92,4.625,u,g,q,h,1.48,t,t,2,f,g,0,0,1,810,50686,13273,salaried,tier_3,0.2619,37413,31
b,32.09,2.085,u,g,c,v,0.55,f,f,0,f,g,300,0,0,563,38313,8640,business,tier_2,0.2255,29673,7
a,24.12,8.5,u,g,q,v,1.95,t,t,10,f,g,80,990,0,353,21861,9510,salaried,tier_2,0.435,12351,27
b,28.77,2.04,y,p,x,h,0.07,f,f,0,f,g,128,1,0,660,36320,11166,salaried,tier_3,0.3074,25154,16
a,39.79,2.04,y,p,q,h,0.59,t,t,23,t,g,455,1236,1,857,85141,15402,salaried,tier_1,0.1809,69739,13
b,37.11,6.0,u,g,m,v,1.69,t,t,5,t,g,108,1097,1,740,145891,13589,salaried,tier_2,0.0931,132302,25
b,30.41,4.5,u,g,w,v,7.51,t,t,2,t,g,330,0,1,703,34650,3470,salaried,tier_2,0.1001,31180,109
a,26.33,0.67,u,g,aa,h,2.16,t,f,0,f,g,400,0,0,438,25974,3693,self_employed,tier_1,0.1422,22281,35
b,22.0,1.0,u,g,c,v,0.74,t,f,0,f,s,300,0,1,718,21531,2399,business,tier_1,0.1114,19132,26
a,19.47,9.25,y,p,c,v,0.73,t,t,4,t,g,80,500,1,872,53257,188,self_employed,tier_2,0.0035,53069,8
a,34.66,0.375,u,g,cc,v,0.11,f,f,0,f,g,300,44,1,699,101142,12728,salaried,tier_2,0.1258,88414,5
a,18.21,1.25,u,g,q,v,0.41,f,t,1,f,g,108,98,0,631,12031,3877,salaried,tier_2,0.3223,8154,4
b,30.42,1.25,y,p,k,v,0.25,f,f,0,f,g,224,0,0,369,36917,2283,self_employed,tier_2,0.0618,34634,3
b,37.05,2.5,u,g,k,v,4.66,t,t,7,f,g,150,1270,1,814,53671,6381,salaried,tier_1,0.1189,47290,66
b,41.38,9.79,u,g,x,h,8.15,t,t,8,f,g,0,0,1,812,31516,2301,business,tier_1,0.073,29215,106
a,26.98,3.0,u,g,m,v,2.31,f,t,1,t,g,280,10,0,622,27209,8604,self_employed,tier_2,0.3162,18605,41
b,19.5,9.5,u,g,q,v,0.55,t,f,0,t,g,60,400,1,775,49410,5910,salaried,tier_3,0.1196,43500,11
a,19.95,10.5,y,p,x,h,0.03,f,f,0,t,g,154,32,0,629,11230,2400,business,tier_2,0.2137,8830,23
b,46.34,12.0,u,g,m,v,15.69,t,f,0,f,s,110,0,1,688,138635,56516,salaried,tier_2,0.4077,82119,202
a,26.18,13.5,y,p,ff,ff,2.13,f,t,1,t,g,200,1,0,379,26089,2786,business,tier_2,0.1068,23303,28
b,32.34,19.5,u,g,c,v,7.05,t,t,16,f,g,0,5000,1,856,104529,25990,salaried,tier_2,0.2486,78539,84
b,43.49,4.915,y,p,w,v,3.25,t,f,0,t,g,52,1442,1,767,54867,13651,self_employed,tier_1,0.2488,41216,60
b,42.55,2.25,u,g,i,bb,0.55,t,f,0,f,g,560,0,0,547,17555,1542,salaried,tier_1,0.0878,16013,15
b,26.76,1.75,y,p,c,v,1.14,t,t,5,t,g,160,5777,1,794,65394,1155,salaried,tier_3,0.0177,64239,13
b,35.61,5.5,u,g,i,bb,5.33,f,f,0,f,g,210,687,0,554,37283,18800,self_employed,tier_2,0.5043,18483,84
a,23.48,1.125,u,g,q,v,1.79,t,t,2,f,g,200,0,0,515,45760,6341,freelancer,tier_1,0.1386,39419,23
a,68.92,15.0,u,g,e,z,0.34,t,t,14,f,g,0,3376,1,706,77165,7152,business,tier_3,0.0927,70013,22
b,45.67,5.835,u,g,w,v,5.56,f,f,0,f,g,465,150,0,341,26573,8259,business,tier_2,0.3108,18314,73
b,27.07,1.165,u,g,k,v,0.19,t,f,0,f,s,280,0,0,675,10226,219,business,tier_1,0.0214,10007,24
b,29.27,5.04,y,p,c,bb,1.68,t,t,8,t,g,144,7,1,832,35191,9844,self_employed,tier_3,0.2797,25347,36
b,25.04,0.75,u,g,c,h,4.69,t,t,3,t,g,312,150,1,698,30144,12170,salaried,tier_1,0.4037,17974,76
a,29.51,1.5,u,g,m,v,1.71,t,f,0,f,s,368,0,0,383,30623,1659,business,tier_2,0.0542,28964,27
b,22.73,2.54,y,p,c,h,2.34,t,f,0,f,g,0,0,1,857,84467,12105,salaried,tier_2,0.1433,72362,35
b,64.43,12.75,y,p,c,h,4.65,t,f,0,f,g,112,0,0,362,34215,9526,salaried,tier_1,0.2784,24689,76
b,25.81,2.04,y,p,aa,v,2.24,t,t,3,t,g,370,560,1,766,35425,6595,freelancer,tier_3,0.1862,28830,27
b,41.25,2.25,y,p,x,h,9.91,t,f,0,t,g,176,0,0,620,29623,10465,self_employed,tier_1,0.3533,19158,124
b,36.9,1.75,y,p,c,bb,0.0,t,f,0,t,g,164,400,0,679,34005,11744,self_employed,tier_2,0.3454,22261,18
b,40.95,5.0,u,g,ff,ff,0.37,f,t,2,f,g,17,1,0,300,31562,10197,salaried,tier_3,0.3231,21365,14
a,20.19,10.25,u,g,q,v,0.77,t,t,2,t,g,49,0,1,727,30431,4308,business,tier_1,0.1416,26123,12
b,29.87,0.0,u,g,w,v,1.08,t,t,1,f,g,202,0,1,764,24742,8017,self_employed,tier_1,0.324,16725,24
b,26.01,1.25,u,g,c,v,0.09,f,f,0,f,g,110,0,0,472,36882,11344,self_employed,tier_3,0.3076,25538,12
a,32.58,1.625,u,g,d,v,0.33,f,f,0,t,g,0,0,0,571,17836,5180,salaried,tier_2,0.2904,12656,23
b,39.4,0.0,u,g,c,bb,14.96,t,f,0,f,g,0,0,1,844,98663,26863,salaried,tier_2,0.2723,71800,194
a,24.48,1.25,u,g,ff,ff,0.0,t,f,0,f,g,80,0,0,355,40985,14012,freelancer,tier_2,0.3419,26973,10
a,37.95,2.5,u,g,i,h,0.26,f,f,0,f,g,260,246,0,511,17226,5000,self_employed,tier_1,0.2903,12226,21
a,28.52,1.085,y,p,x,v,1.27,f,f,0,f,g,280,13,0,430,16187,3186,business,tier_1,0.1968,13001,32
b,35.81,2.54,u,g,ff,ff,0.17,f,f,0,f,g,0,1000,0,457,40044,3590,salaried,tier_3,0.0897,36454,21
b,18.0,0.585,u,g,ff,ff,0.0,f,t,3,f,g,350,769,0,335,43962,9480,salaried,tier_1,0.2156,34482,5
a,64.43,0.165,u,g,ff,ff,0.03,t,t,1,f,g,232,100,1,857,157380,7484,business,tier_2,0.0476,149896,14
b,45.28,0.5,u,g,m,v,11.09,t,f,0,f,s,400,0,0,598,38060,12405,salaried,tier_2,0.3259,25655,155
b,32.48,2.5,u,g,cc,h,2.32,t,t,6,f,g,160,2072,1,880,113065,41202,salaried,tier_1,0.3644,71863,50
a,38.01,4.415,u,g,c,v,0.0,f,f,0,f,g,160,0,0,569,33709,3067,salaried,tier_2,0.091,30642,22
b,18.0,6.75,y,p,m,v,0.1,f,f,0,f,g,140,0,0,543,27384,10735,business,tier_2,0.392,16649,23
b,39.98,1.335,u,g,d,v,0.3,f,f,0,f,g,168,0,0,536,15512,2386,business,tier_2,0.1538,13126,8
b,19.87,1.5,u,g,w,v,1.21,f,f,0,f,g,150,8,1,789,107239,1592,salaried,tier_2,0.0148,105647,36
b,23.1,11.125,u,g,x,h,0.71,t,t,1,f,g,100,0,1,874,109828,904,salaried,tier_2,0.0082,108924,23
b,36.45,3.79,u,g,w,v,1.31,t,f,0,t,g,200,0,0,499,45614,1816,salaried,tier_1,0.0398,43798,38
b,32.55,1.585,u,g,d,v,1.01,f,f,0,t,s,0,0,0,351,44678,2040,self_employed,tier_1,0.0457,42638,31
b,18.0,0.04,u,g,c,v,0.0,f,f,0,f,g,0,0,1,851,36055,10713,business,tier_2,0.2971,25342,13
b,25.73,0.58,u,g,c,v,0.54,t,t,7,t,g,96,5124,1,708,151352,57438,business,tier_2,0.3795,93914,13
b,34.19,6.5,u,g,aa,v,0.0,t,f,0,t,g,443,0,0,711,10300,4054,salaried,tier_1,0.3936,6246,17
b,20.23,8.17,u,g,aa,v,2.03,t,t,14,f,g,60,158,1,814,138599,46971,business,tier_1,0.3389,91628,41
a,35.24,0.75,u,g,k,bb,1.05,t,t,3,t,g,212,0,0,378,39515,7428,salaried,tier_2,0.188,32087,20
b,39.4,5.0,u,g,c,v,4.89,t,t,7,f,g,0,3065,1,726,155782,24619,business,tier_3,0.158,131163,73
b,31.33,3.165,y,p,x,v,3.51,t,t,3,t,g,380,0,1,833,50858,7094,salaried,tier_3,0.1395,43764,60
b,27.36,4.25,u,g,cc,v,3.79,t,t,1,t,g,120,0,1,713,37547,671,salaried,tier_2,0.0179,36876,62
b,25.13,0.5,u,g,c,v,1.48,t,t,5,t,g,312,0,1,825,70044,9111,business,tier_1,0.1301,60933,20
b,25.9,4.0,y,p,i,h,5.47,t,t,2,t,g,75,0,0,334,30584,11417,salaried,tier_2,0.3733,19167,73
b,20.93,0.54,y,p,x,v,0.28,t,t,1,t,g,840,59,1,689,21911,2738,business,tier_3,0.125,19173,3
a,46.66,8.0,u,g,e,bb,6.04,t,t,6,f,g,375,51100,1,672,24352,5791,self_employed,tier_2,0.2378,18561,82
b,21.14,0.415,u,g,c,v,0.46,f,f,0,f,g,0,44,0,525,12900,5031,salaried,tier_3,0.39,7869,16
b,21.27,1.5,y,p,aa,v,0.88,f,f,0,t,g,120,67,0,409,42320,13155,self_employed,tier_2,0.3108,29165,26
b,29.32,1.415,u,g,w,h,1.08,t,t,1,f,g,240,100,1,807,114719,35331,salaried,tier_1,0.308,79388,13
a,53.26,0.165,u,g,ff,ff,0.0,f,f,0,t,s,62,27,0,618,28001,6470,salaried,tier_1,0.2311,21531,7
b,20.09,9.96,u,g,e,dd,0.13,t,f,0,f,g,0,0,1,700,34980,3335,freelancer,tier_1,0.0953,31645,9
b,23.57,1.165,y,p,k,v,2.01,t,t,1,f,g,180,20,0,496,17079,6653,salaried,tier_1,0.3895,10426,31
b,22.1,0.585,y,p,cc,h,0.47,f,f,0,f,g,240,1,0,530,17679,6630,freelancer,tier_3,0.375,11049,26
b,36.63,2.5,y,p,w,v,3.22,f,f,0,f,s,200,0,0,387,44283,13761,business,tier_3,0.3108,30522,53
b,56.33,12.5,u,g,k,h,8.03,t,f,0,t,g,24,2028,1,776,26381,4790,salaried,tier_1,0.1816,21591,112
a,18.0,0.165,u,g,aa,v,1.23,f,t,2,t,g,320,1,0,703,13376,899,freelancer,tier_1,0.0672,12477,25
b,47.89,7.625,u,g,w,h,15.09,t,t,12,f,g,0,790,1,741,136657,11121,salaried,tier_1,0.0814,125536,187
b,26.57,2.0,u,g,d,v,0.78,f,f,0,t,g,80,0,0,615,44480,13965,salaried,tier_3,0.314,30515,25
a,33.44,3.125,u,g,ff,ff,2.83,f,t,2,t,g,200,4,0,393,21698,8887,salaried,tier_2,0.4096,12811,38
b,24.08,11.5,y,p,m,v,1.97,f,f,0,t,g,0,4000,0,593,44663,16237,salaried,tier_1,0.3635,28426,38
b,18.0,3.125,u,g,w,v,0.44,f,t,1,f,g,0,6,0,410,37948,1320,salaried,tier_2,0.0348,36628,18
b,37.38,3.335,u,g,w,v,4.23,t,t,14,f,g,383,1344,1,698,141656,32996,salaried,tier_3,0.2329,108660,50
a,19.65,0.21,u,g,q,h,0.72,t,t,11,f,g,80,99,1,763,35126,9864,business,tier_2,0.2808,25262,10
a,32.27,12.0,u,g,c,v,1.85,t,t,1,f,g,220,19,1,858,28305,9514,salaried,tier_2,0.3361,18791,31
b,23.04,12.0,u,g,c,v,2.49,f,f,0,f,s,80,0,0,472,10372,3692,self_employed,tier_3,0.356,6680,52
b,33.28,9.0,y,p,w,h,5.08,t,f,0,t,g,154,0,1,697,143350,14633,salaried,tier_3,0.1021,128717,77
b,24.33,3.165,y,p,k,v,0.65,f,t,1,t,g,280,80,0,326,33209,8752,self_employed,tier_2,0.2635,24457,25
b,32.53,15.5,u,g,c,v,0.74,t,f,0,f,g,120,0,0,560,24220,2123,self_employed,tier_2,0.0877,22097,15
a,28.76,1.0,u,g,q,v,0.52,t,t,2,t,g,167,500,0,667,22743,2192,salaried,tier_2,0.0964,20551,26
b,20.28,0.415,u,g,c,v,0.0,f,f,0,f,g,0,44,0,517,11729,4372,salaried,tier_3,0.3728,7357,10
a,29.2,1.665,u,g,ff,ff,0.0,f,f,0,f,g,340,1,0,516,24141,1376,business,tier_1,0.057,22765,10
a,22.12,11.5,y,p,j,j,0.5,t,t,11,t,g,0,0,1,890,28115,3692,salaried,tier_3,0.1313,24423,18
b,20.58,10.0,y,p,k,h,0.46,t,f,0,t,g,140,0,0,616,12942,5115,freelancer,tier_2,0.3952,7827,15
b,24.13,0.54,u,g,m,v,1.04,f,f,0,t,g,120,1,0,459,25038,8826,business,tier_3,0.3525,16212,13
b,23.93,1.0,u,g,c,v,1.13,t,f,0,f,s,300,0,1,706,28662,2289,business,tier_1,0.0799,26373,29
a,28.53,1.085,y,p,x,v,0.7,f,f,0,f,g,280,13,0,468,17812,2415,business,tier_1,0.1356,15397,14
b,22.9,1.5,u,g,d,h,1.86,t,t,6,f,g,200,327,1,672,65060,24687,business,tier_2,0.3794,40373,38
b,60.94,14.5,u,g,ff,ff,18.11,t,t,15,t,g,0,1000,1,803,23217,6960,self_employed,tier_3,0.2998,16257,230
b,27.51,12.5,u,g,aa,bb,0.0,f,f,0,t,g,720,0,0,462,29424,4617,self_employed,tier_1,0.1569,24807,7
b,19.9,4.0,y,p,i,v,1.28,f,f,0,t,g,360,1000,0,458,16147,5172,salaried,tier_2,0.3203,10975,28
b,28.91,3.5,u,g,c,v,0.0,f,f,0,f,g,216,0,0,600,45370,5239,salaried,tier_2,0.1155,40131,15
a,19.97,0.665,u,g,w,v,1.38,f,f,0,f,g,220,5,0,605,32401,5780,salaried,tier_2,0.1784,26621,31
a,56.86,19.5,u,g,c,v,5.56,t,t,7,f,g,0,3000,1,677,139572,46505,business,tier_2,0.3332,93067,82
b,41.56,4.04,u,g,cc,h,6.91,t,t,8,f,g,320,0,1,809,25681,8396,salaried,tier_2,0.3269,17285,98
a,56.24,0.335,u,g,i,bb,1.42,t,f,0,t,g,252,2197,0,421,19195,5520,salaried,tier_2,0.2876,13675,33
b,25.36,13.335,y,p,aa,v,0.42,f,f,0,t,g,120,475,0,307,20382,3178,business,tier_2,0.1559,17204,28
b,35.64,4.25,u,g,i,bb,3.23,t,t,2,f,g,274,610,1,755,39007,14997,business,tier_3,0.3845,24010,53
b,51.54,6.5,u,g,k,v,6.15,t,t,15,f,g,0,11202,1,664,25113,9568,business,tier_2,0.381,15545,84
b,29.12,1.835,u,g,c,h,4.16,t,f,0,f,g,260,200,1,877,37883,13822,self_employed,tier_1,0.3649,24061,70
b,68.39,5.5,u,g,e,z,12.77,t,t,1,t,g,0,0,1,668,35652,3198,salaried,tier_2,0.0897,32454,156
b,39.45,0.21,u,g,k,v,0.13,t,f,0,t,g,280,0,1,851,25395,6932,salaried,tier_1,0.273,18463,20
b,27.57,4.5,y,p,c,bb,2.8,f,f,0,f,g,200,1210,0,466,15919,3319,salaried,tier_1,0.2085,12600,50
a,32.65,3.125,u,g,ff,ff,2.85,f,t,2,t,g,200,4,0,389,22196,9045,salaried,tier_2,0.4075,13151,50
b,26.82,1.665,u,g,cc,h,4.78,t,t,9,f,g,399,827,1,800,25221,5415,self_employed,tier_3,0.2147,19806,70
a,26.16,2.54,y,p,ff,ff,0.0,f,f,0,t,g,180,60,0,676,23266,1714,salaried,tier_3,0.0737,21552,6
b,34.27,16.5,y,p,c,v,3.57,t,f,0,f,g,80,0,0,572,10275,2200,salaried,tier_2,0.2141,8075,65
b,42.88,11.0,y,p,d,v,1.7,t,f,0,f,s,0,0,0,691,12802,4153,salaried,tier_3,0.3244,8649,35
b,21.27,2.415,u,g,c,v,2.02,t,t,11,t,g,200,3000,1,714,85974,5376,salaried,tier_2,0.0625,80598,29
b,18.0,6.5,u,g,w,h,1.46,t,t,7,f,g,80,2954,1,900,36000,6945,freelancer,tier_2,0.1929,29055,30
a,26.5,12.5,u,g,aa,v,1.3,t,t,12,t,g,120,567,1,750,75881,18675,salaried,tier_1,0.2461,57206,19
b,36.48,4.5,u,g,x,h,6.15,f,f,0,t,s,711,0,1,757,85548,21509,salaried,tier_2,0.2514,64039,74
b,50.93,7.585,u,g,i,bb,7.18,t,t,15,t,g,0,5000,1,872,99526,26719,self_employed,tier_3,0.2685,72807,99
a,26.88,12.5,u,g,d,v,1.37,f,f,0,t,g,180,1062,0,352,21727,6884,business,tier_3,0.3168,14843,24
b,23.55,0.665,u,g,c,v,0.04,f,f,0,f,g,100,0,1,696,50775,8861,business,tier_2,0.1745,41914,8
b,24.06,2.54,y,p,c,h,2.97,t,f,0,f,g,0,0,1,859,82674,9402,salaried,tier_2,0.1137,73272,52
b,20.46,0.25,u,g,d,h,0.89,t,f,0,t,g,0,0,1,776,86179,12158,salaried,tier_3,0.1411,74021,13
a,39.42,1.0,u,g,i,bb,1.85,t,f,0,t,g,0,300,1,685,73432,21418,business,tier_1,0.2917,52014,26
b,18.56,6.5,u,g,i,v,0.46,f,f,0,f,g,60,100,0,539,17029,764,freelancer,tier_3,0.0449,16265,28
b,49.88,15.0,u,g,c,v,8.68,t,t,9,f,g,0,0,1,830,28049,6272,salaried,tier_1,0.2236,21777,121
b,22.62,0.415,u,g,c,v,0.0,f,f,0,f,g,0,44,0,531,10888,3984,salaried,tier_3,0.3659,6904,16
b,18.95,0.165,u,g,d,v,0.0,f,f,0,t,s,280,0,0,620,12415,2237,salaried,tier_2,0.1802,10178,18
b,33.84,2.5,u,g,cc,h,2.89,t,t,6,f,g,160,2072,1,881,97171,33971,salaried,tier_1,0.3496,63200,40
b,36.15,4.0,u,g,c,bb,5.16,t,f,0,t,s,280,0,0,444,34492,17529,salaried,tier_1,0.5082,16963,83
b,18.0,0.25,u,g,q,v,0.58,f,t,4,f,g,160,8,0,532,23854,3943,self_employed,tier_3,0.1653,19911,25
b,19.75,0.79,y,p,cc,v,0.89,f,f,0,f,g,160,0,0,329,16732,3892,salaried,tier_3,0.2326,12840,14
b,66.77,11.0,u,g,e,z,20.16,t,t,7,t,g,22,0,1,653,158374,37894,business,tier_2,0.2393,120480,251
a,21.1,11.25,y,p,x,h,1.02,t,t,4,f,g,0,321,1,889,39712,9343,freelancer,tier_1,0.2353,30369,19
b,66.21,11.0,u,g,e,z,20.08,t,t,7,t,g,22,0,1,688,139562,42540,business,tier_2,0.3048,97022,254
b,19.32,1.085,u,g,q,v,1.26,f,f,0,f,g,108,7,0,575,19681,2744,freelancer,tier_3,0.1394,16937,17
a,45.69,8.0,u,g,e,bb,6.91,t,t,6,f,g,375,51100,1,677,21665,5424,self_employed,tier_2,0.2504,16241,87
a,64.01,0.165,u,g,ff,ff,0.0,t,t,1,f,g,232,100,1,862,151715,5444,business,tier_2,0.0359,146271,18
b,28.1,1.25,u,g,w,v,1.62,f,f,0,f,g,200,0,0,477,15680,5859,self_employed,tier_3,0.3737,9821,32
b,58.34,8.5,u,g,e,h,7.23,t,t,3,f,g,0,0,1,867,84765,1980,salaried,tier_3,0.0234,82785,100
b,35.62,2.0,u,g,i,v,0.18,f,f,0,t,g,221,0,0,541,19438,5967,salaried,tier_1,0.307,13471,12
b,33.79,1.335,u,g,i,bb,0.0,f,f,0,t,g,440,4500,0,661,18852,834,salaried,tier_2,0.0442,18018,10
b,20.77,2.415,u,g,c,v,1.57,t,t,11,t,g,200,3000,1,692,109716,4874,salaried,tier_2,0.0444,104842,35
b,30.39,2.835,u,g,ff,ff,0.15,f,t,5,f,g,176,146,0,437,31327,4064,self_employed,tier_3,0.1297,27263,6
a,37.26,5.5,u,g,q,v,0.59,t,f,0,t,g,228,0,1,668,85551,24582,salaried,tier_2,0.2873,60969,24
a,30.84,1.75,y,p,k,v,1.3,f,f,0,t,g,280,0,0,413,19155,3465,self_employed,tier_1,0.1809,15690,19
b,33.89,2.5,u,g,k,v,4.51,t,t,7,f,g,150,1270,1,792,56369,5428,salaried,tier_1,0.0963,50941,66
b,26.58,0.875,u,g,m,v,0.78,t,t,3,t,g,396,0,1,744,150770,37741,self_employed,tier_3,0.2503,113029,25
a,34.14,1.25,y,p,i,h,0.26,f,f,0,t,g,160,0,0,674,35404,6034,freelancer,tier_1,0.1704,29370,10
b,23.28,0.46,y,p,w,v,2.15,t,t,6,t,g,208,347,0,521,12101,3669,salaried,tier_1,0.3032,8432,46
a,29.67,0.46,u,g,k,v,0.31,t,t,4,f,g,380,500,1,727,22201,3856,business,tier_3,0.1737,18345,10
a,38.57,4.0,u,g,c,v,2.95,f,f,0,f,g,480,0,0,635,18499,647,freelancer,tier_2,0.035,17852,39
b,52.99,3.0,y,p,ff,ff,1.2,f,f,0,f,g,180,4,0,370,39789,8529,self_employed,tier_1,0.2144,31260,20
a,23.41,12.5,u,g,d,v,0.59,f,f,0,t,g,180,1062,0,344,25919,8726,business,tier_3,0.3367,17193,25
b,39.56,0.5,u,g,m,v,0.47,t,f,0,f,s,288,0,0,325,10236,505,salaried,tier_1,0.0493,9731,5
b,25.28,0.5,u,g,c,v,1.85,t,t,5,t,g,312,0,1,811,68133,6599,business,tier_1,0.0969,61534,41
b,39.84,9.5,u,g,m,v,6.94,t,t,14,f,g,240,4607,1,900,24934,5898,business,tier_1,0.2365,19036,87
b,19.12,3.0,u,g,k,v,0.16,f,f,0,t,g,160,40,0,355,28378,7484,freelancer,tier_1,0.2637,20894,18
b,39.37,5.875,u,g,cc,h,9.55,t,t,14,t,g,399,0,1,888,96508,31311,salaried,tier_1,0.3244,65197,126
b,31.37,1.25,u,g,c,h,0.49,f,t,2,t,g,400,108,0,479,24432,2998,salaried,tier_2,0.1227,21434,9
b,33.21,5.085,y,p,i,bb,0.7,f,f,0,t,g,480,0,0,364,12772,3577,self_employed,tier_2,0.2801,9195,29
b,18.0,5.0,u,g,q,v,0.54,t,t,2,f,g,0,38,0,545,12373,4980,salaried,tier_1,0.4025,7393,13
b,21.74,2.5,u,g,ff,ff,0.36,f,f,0,t,g,100,4208,0,613,11276,96,salaried,tier_3,0.0085,11180,25
b,26.25,2.71,y,p,cc,v,5.48,t,t,1,f,g,211,0,1,711,48662,10409,self_employed,tier_1,0.2139,38253,84
b,18.94,10.0,y,p,k,h,1.29,t,f,0,t,g,140,0,0,595,10983,5169,freelancer,tier_2,0.4706,5814,28
b,24.22,12.835,u,g,cc,v,0.74,f,f,0,f,g,0,2,0,422,20516,6326,salaried,tier_1,0.3083,14190,14
b,29.31,4.75,u,g,m,v,2.19,f,t,1,t,g,460,68,0,333,26675,3287,salaried,tier_3,0.1232,23388,26
a,24.43,2.54,y,p,aa,v,0.01,t,f,0,t,g,370,0,1,750,144232,48214,salaried,tier_2,0.3343,96018,8
b,21.74,1.0,u,g,c,v,1.26,t,f,0,f,s,300,0,1,688,21443,2031,business,tier_1,0.0947,19412,15
b,27.18,2.0,u,g,k,h,3.84,t,t,2,t,g,181,0,1,777,137480,50591,salaried,tier_2,0.368,86889,63
b,25.63,0.875,u,g,m,v,0.49,f,t,4,f,g,254,1950,0,409,19514,1120,self_employed,tier_2,0.0574,18394,20
b,18.0,10.29,u,g,ff,ff,0.23,f,f,0,f,g,80,0,0,579,27310,10014,freelancer,tier_1,0.3667,17296,9
b,24.11,4.0,u,g,c,bb,0.0,t,f,0,t,g,160,0,1,738,87401,21705,business,tier_2,0.2483,65696,20
b,23.28,3.0,u,g,m,v,1.62,t,t,1,f,g,260,800,1,835,99233,9966,self_employed,tier_1,0.1004,89267,31
b,25.88,0.25,u,g,i,bb,0.0,t,f,0,t,g,0,0,1,734,63974,816,self_employed,tier_2,0.0128,63158,16
a,18.13,8.585,u,g,cc,h,1.08,t,t,7,f,g,96,0,1,788,87542,22970,salaried,tier_2,0.2624,64572,34
b,40.48,0.04,u,g,e,v,0.0,f,t,1,f,s,560,0,1,765,54614,13027,salaried,tier_1,0.2385,41587,11
b,37.7,6.5,u,g,m,h,4.63,t,t,12,t,g,93,0,1,672,27036,1095,salaried,tier_3,0.0405,25941,68
b,23.98,12.5,u,g,w,v,1.07,t,f,0,t,g,260,0,0,462,28113,306,self_employed,tier_2,0.0109,27807,34
b,19.28,1.085,u,g,q,v,1.67,f,f,0,f,g,108,7,0,583,19914,2403,freelancer,tier_3,0.1207,17511,35
a,21.39,1.25,u,g,q,v,0.12,f,f,0,t,g,120,809,0,593,18989,3180,salaried,tier_2,0.1675,15809,2
a,32.19,12.0,u,g,c,v,1.56,t,t,1,f,g,220,19,1,879,21642,8100,salaried,tier_2,0.3743,13542,40
b,21.84,11.46,u,g,k,v,1.92,f,f,0,t,g,100,1212,0,304,13018,3737,salaried,tier_2,0.2871,9281,24
b,22.33,1.54,u,g,k,v,0.0,f,f,0,t,g,356,0,0,307,13243,3361,self_employed,tier_3,0.2538,9882,2
a,18.04,0.375,l,gg,cc,ff,9.87,f,f,0,t,s,300,0,1,657,27243,2626,business,tier_2,0.0964,24617,136
a,20.32,9.5,u,g,w,v,1.73,t,t,6,t,g,40,600,1,716,150381,31450,salaried,tier_2,0.2091,118931,27
a,32.11,3.125,u,g,ff,ff,3.02,f,t,2,t,g,200,4,0,354,22996,8224,salaried,tier_2,0.3576,14772,52
b,44.17,0.5,u,g,m,v,10.45,t,f,0,f,s,400,0,0,550,44143,13145,salaried,tier_2,0.2978,30998,127
a,20.62,9.0,u,g,aa,v,0.39,t,t,2,f,g,88,591,1,833,26703,1431,self_employed,tier_3,0.0536,25272,27
a,24.46,11.5,y,p,k,h,2.62,f,f,0,t,g,20,16,0,393,13730,1182,business,tier_2,0.0861,12548,47
b,25.12,1.75,y,p,c,v,1.36,t,t,5,t,g,160,5777,1,836,67253,1117,salaried,tier_3,0.0166,66136,39
b,41.46,4.085,u,g,aa,v,0.0,f,f,0,f,g,108,100,0,420,27530,3052,salaried,tier_2,0.1109,24478,1
a,28.73,3.0,u,g,m,v,3.27,f,t,1,t,g,280,10,0,607,27406,7970,self_employed,tier_2,0.2908,19436,59
b,29.17,4.0,y,p,i,h,5.45,t,t,2,t,g,75,0,0,340,32632,10512,salaried,tier_2,0.3221,22120,84
b,35.35,4.5,u,g,x,h,5.36,f,f,0,t,s,711,0,1,787,67955,15370,salaried,tier_2,0.2262,52585,85
a,34.14,1.585,y,p,ff,ff,0.08,t,f,0,f,g,320,0,0,367,10439,2036,business,tier_2,0.195,8403,9
a,32.53,6.0,u,g,d,v,0.83,f,f,0,f,g,272,0,0,461,28739,2599,salaried,tier_3,0.0904,26140,18
b,22.68,3.165,y,p,c,v,0.27,f,f,0,f,g,160,1058,0,596,15434,1008,salaried,tier_1,0.0653,14426,11
b,21.39,0.415,u,g,c,v,0.48,f,f,0,f,g,0,44,0,514,13206,5383,salaried,tier_3,0.4076,7823,11
b,25.1,4.25,u,g,cc,v,3.84,t,t,1,t,g,120,0,1,729,33586,609,salaried,tier_2,0.0181,32977,54
a,21.43,0.665,u,g,w,v,1.96,f,f,0,f,g,220,5,0,601,33074,5815,salaried,tier_2,0.1758,27259,33
b,29.0,2.0,u,g,k,h,4.06,t,t,2,t,g,181,0,1,777,152457,66201,salaried,tier_2,0.4342,86256,59
a,19.69,5.415,u,g,i,h,0.0,f,f,0,f,g,80,484,0,568,20168,3825,salaried,tier_2,0.1897,16343,0
b,20.77,9.75,u,g,c,v,0.0,t,f,0,f,g,140,0,0,535,33835,5463,salaried,tier_1,0.1615,28372,16
b,33.47,2.5,y,p,w,v,3.42,f,f,0,f,s,200,0,0,384,34109,11494,business,tier_3,0.337,22615,43
b,26.31,1.75,y,p,c,v,0.61,t,t,5,t,g,160,5777,1,848,65446,937,salaried,tier_3,0.0143,64509,10
b,20.65,0.0,u,g,d,v,0.87,f,f,0,f,g,144,0,0,463,37004,2717,self_employed,tier_1,0.0734,34287,21
b,37.86,2.665,u,g,cc,v,0.21,f,f,0,t,g,0,501,0,651,26269,2540,salaried,tier_2,0.0967,23729,5
b,21.36,1.54,u,g,k,v,0.0,f,f,0,t,g,356,0,0,308,13397,2951,self_employed,tier_3,0.2203,10446,22
a,41.62,6.5,u,g,q,v,0.46,t,t,3,t,g,145,0,1,900,98798,25711,business,tier_2,0.2602,73087,21
b,70.0,9.0,u,g,ff,ff,4.32,f,t,1,f,g,70,6,0,463,41283,972,self_employed,tier_3,0.0235,40311,57
b,19.19,4.125,y,p,i,h,0.27,f,f,0,f,g,140,100,0,655,27196,12484,salaried,tier_2,0.459,14712,5
a,18.38,10.0,u,g,d,v,0.4,f,f,0,f,g,80,42,0,586,19646,801,salaried,tier_2,0.0408,18845,16
b,26.53,0.375,u,g,m,v,0.61,t,t,3,f,g,260,15108,1,881,85514,21785,salaried,tier_2,0.2548,63729,20
b,33.35,1.04,u,g,r,h,6.12,t,f,0,t,g,164,31285,1,827,46528,1587,salaried,tier_3,0.0341,44941,83
a,57.11,16.0,u,g,j,ff,0.41,t,t,15,f,g,0,247,1,780,149767,7365,salaried,tier_1,0.0492,142402,22
b,36.74,3.25,u,g,q,h,9.35,t,f,0,t,g,102,639,1,838,43791,12333,salaried,tier_1,0.2816,31458,124
b,29.22,0.625,u,g,aa,v,0.66,t,f,0,t,g,200,0,0,410,12212,3172,salaried,tier_3,0.2597,9040,22
a,20.89,0.75,u,g,c,v,2.32,f,t,2,t,g,200,394,0,343,30025,5713,business,tier_2,0.1903,24312,43
a,27.13,1.25,u,g,ff,ff,0.04,f,t,1,f,g,92,300,0,300,26799,407,salaried,tier_1,0.0152,26392,10
b,42.62,0.5,u,g,m,v,10.93,t,f,0,f,s,400,0,0,560,39304,16341,salaried,tier_2,0.4158,22963,141
b,18.0,2.0,u,g,i,v,1.56,t,t,2,f,g,120,300,1,864,71267,18926,business,tier_1,0.2656,52341,21
b,53.86,6.75,u,g,c,h,2.48,t,t,11,t,g,0,284,1,848,75491,11579,self_employed,tier_2,0.1534,63912,42
b,20.12,11.5,u,g,i,v,0.57,t,f,0,t,g,100,68,0,349,30770,11876,self_employed,tier_1,0.386,18894,24
b,19.93,6.75,y,p,m,v,0.0,f,f,0,f,g,140,0,0,523,25576,9858,business,tier_2,0.3854,15718,7
b,49.46,0.29,u,g,c,bb,14.94,t,t,20,f,g,0,15000,1,846,53915,2250,self_employed,tier_2,0.0417,51665,189
a,24.42,2.54,y,p,aa,v,0.03,t,f,0,t,g,370,0,1,769,159585,60224,salaried,tier_2,0.3774,99361,16
b,21.73,0.0,u,g,c,v,0.12,f,f,0,t,s,0,0,0,347,11518,614,self_employed,tier_3,0.0533,10904,1
b,35.06,2.5,u,g,w,v,0.0,t,f,0,t,g,239,200,1,696,64941,14172,salaried,tier_2,0.2182,50769,15
a,54.59,0.165,u,g,ff,ff,0.35,f,f,0,t,s,62,27,0,621,32294,6092,salaried,tier_1,0.1886,26202,20
b,32.34,2.5,u,g,aa,v,7.38,t,f,0,t,g,523,0,0,545,45462,2348,freelancer,tier_2,0.0516,43114,107
a,18.0,0.165,u,g,q,v,0.29,f,f,0,t,g,380,0,0,559,23051,2979,business,tier_2,0.1292,20072,21
b,21.47,1.835,u,g,c,v,1.93,t,t,1,f,g,100,150,1,833,47352,17595,self_employed,tier_1,0.3716,29757,35
b,38.49,0.835,u,g,e,v,0.0,f,f,0,f,g,120,5,0,456,16292,7413,freelancer,tier_1,0.455,8879,23
b,22.12,11.46,u,g,k,v,1.2,f,f,0,t,g,100,1212,0,324,12276,3498,salaried,tier_2,0.2849,8778,35
b,19.28,4.46,u,g,c,v,0.0,f,f,0,f,s,80,0,0,514,26893,10071,business,tier_1,0.3745,16822,4
b,21.13,0.29,u,g,k,v,0.41,f,f,0,f,g,280,364,0,374,11482,3477,salaried,tier_2,0.3028,8005,7
b,35.68,0.75,u,g,k,v,1.61,f,f,0,t,g,231,0,0,598,19063,4808,salaried,tier_1,0.2522,14255,31
b,30.26,2.04,y,p,x,h,0.0,f,f,0,f,g,128,1,0,664,40721,12043,salaried,tier_3,0.2957,28678,0
b,46.24,0.5,u,g,m,v,10.72,t,f,0,f,s,400,0,0,548,38637,11621,salaried,tier_2,0.3008,27016,141
b,19.2,0.0,u,g,d,v,0.86,f,f,0,f,g,144,0,0,412,39042,2625,self_employed,tier_1,0.0672,36417,12
b,28.97,1.415,u,g,w,h,0.42,t,t,1,f,g,240,100,1,850,101863,28845,salaried,tier_1,0.2832,73018,6
b,39.9,1.25,y,p,w,v,0.0,f,f,0,f,g,0,195,0,631,15331,3833,self_employed,tier_3,0.25,11498,11
b,35.75,9.17,u,g,c,v,4.65,t,t,12,t,g,0,221,1,830,87355,28316,salaried,tier_2,0.3241,59039,58
b,23.65,10.5,u,g,q,h,0.89,t,f,0,f,g,100,0,1,889,111437,1970,salaried,tier_1,0.0177,109467,23
b,52.34,9.625,u,g,e,v,9.14,t,t,5,f,g,0,0,1,840,30567,12969,business,tier_1,0.4243,17598,121
b,41.1,1.71,u,g,x,v,0.23,t,t,5,t,g,480,0,1,691,26551,6533,self_employed,tier_3,0.2461,20018,3
b,28.67,0.585,y,p,cc,v,0.22,t,t,2,f,g,260,500,1,876,112601,7359,salaried,tier_3,0.0654,105242,4
b,23.98,1.5,y,p,aa,v,0.47,f,f,0,t,g,120,67,0,426,37248,14693,self_employed,tier_2,0.3945,22555,13
a,19.86,11.5,y,p,j,j,0.07,t,t,11,t,g,0,0,1,891,24028,4165,salaried,tier_3,0.1733,19863,15
a,25.44,1.125,u,g,q,v,0.88,t,t,2,f,g,200,0,0,526,40827,8310,freelancer,tier_1,0.2035,32517,10
b,32.12,19.5,u,g,c,v,7.43,t,t,16,f,g,0,5000,1,868,111451,23001,salaried,tier_2,0.2064,88450,111
b,36.34,5.5,u,g,i,bb,5.13,f,f,0,f,g,210,687,0,557,45302,14362,self_employed,tier_2,0.317,30940,69
a,41.67,2.04,y,p,q,h,0.0,t,t,23,t,g,455,1236,1,851,80390,18252,salaried,tier_1,0.227,62138,0
b,18.0,0.04,u,g,c,v,0.1,f,f,0,f,g,0,0,1,833,30659,11993,business,tier_2,0.3912,18666,22
a,56.33,4.25,y,p,ff,ff,4.63,f,f,0,t,g,0,4,0,608,42029,7772,business,tier_2,0.1849,34257,58
b,20.81,6.5,u,g,w,h,0.98,t,t,7,f,g,80,2954,1,900,34058,7447,freelancer,tier_2,0.2187,26611,11
b,18.0,1.75,y,p,c,v,2.47,f,f,0,t,g,112,6,0,378,39648,884,freelancer,tier_3,0.0223,38764,29
b,26.83,1.29,u,g,k,h,0.4,f,f,0,t,s,140,0,0,501,15565,5354,salaried,tier_2,0.344,10211,25
b,37.67,4.25,u,g,c,bb,6.58,t,t,16,f,g,117,1210,1,861,45365,16535,self_employed,tier_3,0.3645,28830,96
b,56.21,12.25,u,g,m,v,0.93,t,t,4,t,g,200,0,1,701,163073,53636,self_employed,tier_3,0.3289,109437,13
b,29.69,1.085,y,p,c,v,0.14,f,f,0,f,g,170,179,0,361,29585,5090,salaried,tier_1,0.172,24495,1
a,42.05,10.0,u,g,q,h,1.31,t,f,0,f,g,29,837,1,889,141074,61191,salaried,tier_2,0.4338,79883,33
b,27.36,4.5,y,p,c,bb,2.61,f,f,0,f,g,200,1210,0,490,17373,2646,salaried,tier_1,0.1523,14727,54
b,29.33,4.5,u,g,w,v,7.55,t,t,2,t,g,330,0,1,703,38721,2806,salaried,tier_2,0.0725,35915,102
b,37.28,2.0,u,g,i,v,0.41,f,f,0,t,g,221,0,0,545,19344,5999,salaried,tier_1,0.3101,13345,11
b,32.38,2.75,u,g,i,bb,2.9,f,f,0,t,g,232,200,0,373,23292,9441,salaried,tier_3,0.4053,13851,37
b,19.89,0.25,y,p,c,h,0.6,f,f,0,f,g,280,204,0,656,22131,4748,salaried,tier_3,0.2145,17383,30
a,25.84,2.085,u,g,c,h,3.23,t,f,0,t,g,360,1,0,323,23139,3321,salaried,tier_3,0.1435,19818,46
a,23.24,0.75,u,g,c,v,2.48,f,t,2,t,g,200,394,0,300,33786,4297,business,tier_2,0.1272,29489,36
b,37.77,2.0,u,g,i,v,0.52,f,f,0,t,g,221,0,0,559,18440,5547,salaried,tier_1,0.3008,12893,25
b,38.78,1.625,u,g,c,v,1.96,t,t,10,f,g,186,4700,1,813,35351,5731,self_employed,tier_3,0.1621,29620,40
a,42.47,1.04,u,g,aa,v,1.03,f,f,0,f,g,240,237,0,357,30867,11294,business,tier_3,0.3659,19573,23
b,30.24,0.58,u,g,w,v,0.52,f,t,1,f,g,340,2803,0,569,28794,8007,self_employed,tier_2,0.2781,20787,21
b,38.52,3.25,u,g,q,h,8.58,t,f,0,t,g,102,639,1,882,54606,14276,salaried,tier_1,0.2614,40330,121
a,26.44,3.0,u,g,m,v,2.34,f,t,1,t,g,280,10,0,651,30209,9391,self_employed,tier_2,0.3109,20818,46
b,34.96,2.5,u,g,cc,bb,0.84,f,f,0,f,g,348,0,0,481,15930,372,business,tier_1,0.0234,15558,28
b,23.08,0.165,u,g,c,j,2.24,f,f,0,t,s,0,0,1,760,88871,109,business,tier_2,0.0012,88762,40
a,26.57,0.67,u,g,aa,h,2.06,t,f,0,f,g,400,0,0,421,30331,3947,self_employed,tier_1,0.1301,26384,27
b,32.8,5.085,y,p,i,bb,0.9,f,f,0,t,g,480,0,0,371,13571,2930,self_employed,tier_2,0.2159,10641,25
b,19.59,9.585,u,g,aa,v,0.69,f,f,0,f,g,80,350,0,382,11310,3911,salaried,tier_1,0.3458,7399,12
a,29.38,5.29,u,g,e,dd,2.45,t,t,5,t,g,99,500,1,728,27771,10494,salaried,tier_2,0.3779,17277,48
a,61.02,5.0,u,g,aa,v,4.42,t,t,4,f,g,0,99,1,853,37773,858,freelancer,tier_2,0.0227,36915,60
b,43.18,0.5,u,g,m,v,10.34,t,f,0,f,s,400,0,0,547,36973,12209,salaried,tier_2,0.3302,24764,126
a,23.11,1.25,u,g,ff,ff,0.36,t,f,0,f,g,80,0,0,317,34436,15249,freelancer,tier_2,0.4428,19187,19
b,18.0,3.125,u,g,w,v,0.38,f,t,1,f,g,0,6,0,395,35222,1219,salaried,tier_2,0.0346,34003,25
a,22.92,0.83,u,g,q,v,0.23,f,t,1,t,g,200,11,0,591,42741,10247,salaried,tier_2,0.2397,32494,5
b,18.0,10.29,u,g,ff,ff,0.27,f,f,0,f,g,80,0,0,596,27297,10071,freelancer,tier_1,0.3689,17226,17
b,21.88,1.5,y,p,aa,v,0.09,f,f,0,t,g,120,67,0,377,38455,10261,self_employed,tier_2,0.2668,28194,7
b,23.37,6.0,u,g,c,v,0.52,t,t,3,f,g,0,0,1,798,35017,4661,business,tier_1,0.1331,30356,9
b,22.88,10.085,y,p,e,h,1.23,f,f,0,f,g,260,0,0,671,42705,12328,salaried,tier_3,0.2887,30377,27
a,21.82,6.0,u,g,aa,v,2.1,t,t,3,f,g,80,918,1,669,66297,14220,salaried,tier_1,0.2145,52077,31
b,43.26,0.205,u,g,i,h,4.82,t,f,0,f,g,400,0,1,673,24297,963,salaried,tier_2,0.0396,23334,67
a,30.11,1.375,u,g,w,h,0.39,f,t,3,f,g,0,33,0,598,39820,5009,salaried,tier_2,0.1258,34811,11
a,31.11,0.46,u,g,k,v,0.61,t,t,4,f,g,380,500,1,711,25306,2794,business,tier_3,0.1104,22512,19
b,43.1,5.0,u,g,i,bb,2.38,f,f,0,t,g,141,0,0,604,13146,877,salaried,tier_2,0.0667,12269,44
b,23.05,11.0,u,g,q,v,2.19,t,t,7,t,g,100,809,1,807,31552,5969,business,tier_1,0.1892,25583,34
b,41.72,0.96,u,g,x,v,2.83,t,f,0,f,g,510,600,1,763,109234,6693,salaried,tier_1,0.0613,102541,51
a,28.1,1.25,u,g,ff,ff,0.37,f,t,1,f,g,92,300,0,300,31735,397,salaried,tier_1,0.0125,31338,11
b,30.1,3.5,u,g,c,v,0.19,f,f,0,f,g,216,0,0,621,40670,5845,salaried,tier_2,0.1437,34825,9
a,51.26,0.0,y,p,ff,ff,0.41,f,f,0,f,g,0,0,0,328,12718,974,salaried,tier_1,0.0766,11744,27
a,22.16,0.83,u,g,q,v,0.76,f,t,1,t,g,200,11,0,648,38944,10773,salaried,tier_2,0.2766,28171,30
b,25.59,6.0,u,g,c,v,1.23,t,t,3,f,g,0,0,1,819,31203,4650,business,tier_1,0.149,26553,17
b,22.13,0.585,y,p,ff,ff,0.23,f,f,0,f,g,100,0,0,617,12596,2577,self_employed,tier_2,0.2046,10019,16
a,26.96,3.54,u,g,i,bb,0.11,t,f,0,t,g,171,0,0,318,40296,9146,freelancer,tier_2,0.227,31150,8
b,51.0,0.04,u,g,x,h,0.0,t,f,0,f,g,0,3000,1,795,36463,887,business,tier_1,0.0243,35576,10
a,23.48,0.79,y,p,q,v,1.07,t,t,2,t,g,80,400,1,666,142709,11363,self_employed,tier_2,0.0796,131346,22
b,20.73,1.5,y,p,cc,v,1.51,t,f,0,t,g,100,20,0,454,28051,4405,business,tier_1,0.157,23646,23
b,20.63,11.0,u,g,w,v,1.66,t,t,1,f,g,80,278,1,727,25655,1195,freelancer,tier_1,0.0466,24460,19
a,32.47,4.625,u,g,q,h,2.01,t,t,2,f,g,0,0,1,809,43781,14759,salaried,tier_3,0.3371,29022,42
b,25.62,6.625,y,p,d,v,5.24,t,f,0,t,s,100,0,1,780,147741,35431,salaried,tier_2,0.2398,112310,74
a,50.67,12.54,u,g,aa,v,2.76,t,t,3,t,g,156,0,1,736,161536,53717,salaried,tier_2,0.3325,107819,39
b,18.0,0.085,y,p,c,v,0.14,f,f,0,f,g,140,722,0,505,32647,1656,business,tier_3,0.0507,30991,23
a,28.3,13.5,u,g,q,h,4.74,t,t,2,f,g,0,5000,1,759,24959,8725,self_employed,tier_1,0.3496,16234,67
b,23.39,0.585,u,g,c,h,0.08,t,f,0,f,g,180,0,0,369,13421,4963,business,tier_1,0.3698,8458,18
b,62.49,12.75,y,p,c,h,4.72,t,f,0,f,g,112,0,0,351,27909,10134,salaried,tier_1,0.3631,17775,67
b,24.99,11.5,u,g,i,v,3.98,t,t,9,f,g,56,742,1,702,97317,12609,self_employed,tier_3,0.1296,84708,63
b,38.04,5.0,u,g,c,bb,2.85,t,t,6,f,g,0,367,1,679,55978,195,salaried,tier_2,0.0035,55783,41
a,23.93,0.5,u,g,q,h,1.03,t,f,0,f,g,280,824,1,712,39160,1637,business,tier_2,0.0418,37523,16
b,33.48,5.0,u,g,x,h,7.95,t,t,6,t,g,0,1000,1,817,52785,6844,business,tier_1,0.1297,45941,109
a,51.22,6.5,u,g,i,bb,3.31,f,f,0,t,g,73,0,0,449,13292,5115,salaried,tier_2,0.3848,8177,42
a,33.29,3.75,u,g,ff,ff,0.0,f,t,6,f,g,0,200,0,356,26298,9248,salaried,tier_3,0.3517,17050,1
a,21.08,11.75,u,g,x,h,0.67,t,t,2,t,g,300,551,1,688,166424,13674,business,tier_3,0.0822,152750,9
a,19.08,0.165,u,g,q,v,0.19,f,f,0,t,g,380,0,0,549,23654,2560,business,tier_2,0.1082,21094,6
b,29.59,1.0,y,p,d,h,2.72,f,f,0,f,g,176,537,0,300,36139,9223,salaried,tier_1,0.2552,26916,45
b,26.49,11.25,u,g,c,v,2.76,t,t,17,f,g,200,1208,1,802,138271,13299,freelancer,tier_1,0.0962,124972,42
b,40.3,21.5,u,g,e,z,19.59,t,t,11,f,g,0,1200,1,812,73154,15231,self_employed,tier_2,0.2082,57923,245
b,39.43,2.5,y,p,i,h,9.99,f,f,0,t,s,200,0,0,352,16656,2668,business,tier_3,0.1602,13988,123
b,23.69,3.25,u,g,c,h,1.8,f,t,1,t,g,416,21,0,634,17031,5833,business,tier_1,0.3425,11198,37
b,21.86,0.75,u,g,m,v,0.97,t,f,0,t,s,320,0,0,523,10685,4201,business,tier_1,0.3932,6484,14
a,21.02,1.25,u,g,q,v,0.5,f,f,0,t,g,120,809,0,618,16899,3130,salaried,tier_2,0.1852,13769,29
a,20.6,0.665,u,g,w,v,1.32,f,f,0,f,g,220,5,0,648,30650,6179,salaried,tier_2,0.2016,24471,36
b,18.0,6.5,u,g,w,h,1.3,t,t,7,f,g,80,2954,1,900,34389,8384,freelancer,tier_2,0.2438,26005,17
b,37.73,5.0,u,g,c,bb,2.16,t,t,6,f,g,0,367,1,690,47700,218,salaried,tier_2,0.0046,47482,36
a,24.65,0.5,u,g,q,h,1.52,t,t,1,f,g,0,678,1,864,26848,8292,business,tier_2,0.3088,18556,34
b,26.17,1.665,u,g,cc,h,4.64,t,t,9,f,g,399,827,1,782,27951,5407,self_employed,tier_3,0.1934,22544,56
b,29.71,3.085,u,g,c,v,2.84,f,t,2,t,g,160,41,0,300,26925,1975,salaried,tier_2,0.0734,24950,54
a,32.43,3.125,u,g,ff,ff,3.48,f,t,2,t,g,200,4,0,366,23740,8057,salaried,tier_2,0.3394,15683,42
b,35.27,1.25,u,g,w,v,1.34,f,f,0,f,g,120,0,0,355,32199,13256,salaried,tier_1,0.4117,18943,23
b,25.29,12.335,u,g,q,h,1.3,t,f,0,t,g,120,0,1,787,134339,53194,salaried,tier_2,0.396,81145,16
a,21.14,1.75,y,p,j,j,0.0,f,f,0,f,g,160,0,0,539,26672,1603,freelancer,tier_2,0.0601,25069,2
b,57.1,12.25,u,g,m,v,1.23,t,t,4,t,g,200,0,1,725,143053,46788,self_employed,tier_3,0.3271,96265,17
b,33.99,2.5,u,g,cc,bb,0.6,f,f,0,f,g,348,0,0,467,19661,286,business,tier_1,0.0145,19375,15
b,28.0,1.0,u,g,q,v,1.92,t,f,0,t,g,280,0,1,678,46195,4440,salaried,tier_2,0.0961,41755,28
a,69.67,15.0,u,g,e,z,0.05,t,t,14,f,g,0,3376,1,681,65173,9545,business,tier_3,0.1465,55628,4
b,49.04,0.205,y,p,k,v,0.1,t,t,11,f,g,380,2732,1,715,31132,8977,self_employed,tier_1,0.2884,22155,1
b,21.61,0.54,y,p,x,v,0.43,t,t,1,t,g,840,59,1,679,27690,3022,business,tier_3,0.1091,24668,12
a,46.55,3.0,u,g,c,v,1.96,t,t,8,t,g,396,4159,1,852,52006,16825,salaried,tier_1,0.3235,35181,37
a,18.95,0.665,y,p,c,v,0.97,f,t,1,f,g,2000,2,0,691,16667,4163,freelancer,tier_3,0.2498,12504,20
b,28.29,0.5,u,g,c,v,2.03,t,t,11,f,g,32,540,1,707,50829,16991,salaried,tier_1,0.3343,33838,35
a,38.5,1.665,u,g,aa,v,0.0,f,f,0,f,g,0,390,0,585,30248,477,self_employed,tier_3,0.0158,29771,9
a,22.97,2.335,u,g,i,bb,0.71,t,t,4,f,s,80,0,1,755,36632,8305,self_employed,tier_3,0.2267,28327,16
b,34.09,0.25,u,g,i,bb,4.32,f,f,0,t,s,420,0,0,634,11039,2852,salaried,tier_3,0.2584,8187,57
b,28.51,1.085,y,p,c,v,0.2,f,f,0,f,g,170,179,0,413,33279,5151,salaried,tier_1,0.1548,28128,8
b,36.79,16.5,y,p,c,v,3.51,t,f,0,f,g,80,0,0,598,11313,1964,salaried,tier_2,0.1736,9349,59
a,18.0,9.25,y,p,c,v,0.68,t,t,4,t,g,80,500,1,900,52911,259,self_employed,tier_2,0.0049,52652,10
a,55.48,16.0,u,g,j,ff,0.0,t,t,15,f,g,0,247,1,765,128225,7405,salaried,tier_1,0.0578,120820,6
b,31.27,4.0,u,g,m,v,2.23,t,f,0,t,g,360,0,1,692,48089,3830,salaried,tier_3,0.0796,44259,45
a,34.06,0.75,u,g,k,bb,1.46,t,t,3,t,g,212,0,0,415,38220,8883,salaried,tier_2,0.2324,29337,32
b,32.43,0.165,y,p,c,h,3.4,t,t,1,t,g,432,8000,1,748,35456,6928,business,tier_3,0.1954,28528,51
b,27.72,0.585,y,p,cc,v,0.05,t,t,2,f,g,260,500,1,881,87182,7376,salaried,tier_3,0.0846,79806,9
b,18.12,3.0,u,g,k,v,0.47,f,f,0,t,g,160,40,0,323,27175,7281,freelancer,tier_1,0.2679,19894,18
b,31.1,0.04,y,p,m,v,0.28,f,f,0,f,g,0,0,0,454,27460,3185,salaried,tier_2,0.116,24275,5
b,33.46,2.5,u,g,c,v,1.03,f,f,0,t,g,280,0,0,512,12637,4264,business,tier_3,0.3374,8373,12
a,18.0,0.0,y,p,j,ff,0.0,f,f,0,f,g,86,0,0,336,43638,18134,self_employed,tier_1,0.4156,25504,20
a,50.13,1.5,u,g,j,j,0.0,t,f,0,t,g,100,27,0,514,18334,1818,self_employed,tier_1,0.0992,16516,21
b,19.49,3.54,y,p,ff,ff,0.47,f,f,0,t,g,180,1,0,458,32167,10146,salaried,tier_3,0.3154,22021,21
b,34.81,6.5,u,g,aa,v,0.14,t,f,0,t,g,443,0,0,674,12582,3835,salaried,tier_1,0.3048,8747,19
b,19.1,9.5,u,g,w,v,1.9,t,f,0,f,g,120,2206,1,739,95665,34566,business,tier_3,0.3613,61099,26
b,22.5,1.54,u,g,k,v,0.0,f,f,0,t,g,356,0,0,303,13111,3416,self_employed,tier_3,0.2605,9695,8
a,18.0,0.5,u,g,i,v,0.53,f,t,6,t,g,240,35,0,308,23460,6848,salaried,tier_3,0.2919,16612,12
b,34.33,2.5,u,g,aa,v,1.3,f,t,2,t,g,720,0,0,540,40854,11634,freelancer,tier_2,0.2848,29220,21
b,43.22,8.5,u,g,cc,h,14.48,t,t,1,t,g,88,2000,1,768,37576,3150,salaried,tier_2,0.0838,34426,186
b,31.01,2.165,y,p,k,ff,0.41,f,f,0,f,g,120,0,0,569,11564,1809,salaried,tier_3,0.1564,9755,24
b,35.31,3.375,u,g,c,h,8.15,f,f,0,t,g,0,0,0,477,11289,1857,self_employed,tier_1,0.1645,9432,100
b,65.04,20.0,u,g,x,h,17.77,t,t,9,t,g,0,1000,1,693,24695,6337,self_employed,tier_1,0.2566,18358,236
b,21.23,0.17,u,g,m,v,0.34,f,f,0,f,s,0,0,0,434,32861,12374,self_employed,tier_1,0.3766,20487,22
b,24.51,3.0,u,g,m,v,1.69,t,t,1,f,g,260,800,1,813,112897,10983,self_employed,tier_1,0.0973,101914,40
a,30.47,3.75,u,g,c,v,0.06,f,t,1,t,g,40,154,0,532,18243,8020,self_employed,tier_1,0.4396,10223,19
b,56.84,28.0,y,p,c,v,28.47,t,t,40,f,g,0,15,1,685,104843,24857,self_employed,tier_3,0.2371,79986,354
a,26.5,2.54,y,p,ff,ff,0.36,f,f,0,t,g,180,60,0,690,28024,1940,salaried,tier_3,0.0692,26084,22
b,20.97,11.045,u,g,c,v,2.28,f,f,0,t,g,136,0,0,399,26386,8725,salaried,tier_3,0.3307,17661,43
a,18.0,7.625,u,g,q,v,0.02,f,t,1,t,g,0,160,0,615,22990,6930,salaried,tier_3,0.3014,16060,15
a,27.22,0.29,u,g,m,h,0.47,f,t,1,t,g,272,108,0,416,42506,10715,freelancer,tier_3,0.2521,31791,11
b,19.08,6.5,u,g,i,v,0.0,f,f,0,f,g,60,100,0,539,19748,767,freelancer,tier_3,0.0388,18981,6
b,18.0,4.0,y,p,w,v,2.03,t,t,2,t,g,120,1000,1,743,110710,2720,salaried,tier_2,0.0246,107990,32
b,18.79,3.29,u,g,i,v,0.04,f,f,0,t,g,140,2,0,567,11694,424,freelancer,tier_3,0.0363,11270,16
a,20.13,5.0,y,p,ff,ff,0.0,f,f,0,f,g,0,0,0,674,26304,295,salaried,tier_2,0.0112,26009,2
a,22.18,5.875,u,g,q,v,3.16,t,t,10,f,g,120,245,1,745,49066,7865,salaried,tier_2,0.1603,41201,43
b,33.36,2.75,u,g,i,bb,2.45,f,f,0,t,g,232,200,0,385,22980,7604,salaried,tier_3,0.3309,15376,39
b,18.02,0.165,u,g,d,v,0.27,f,f,0,t,s,280,0,0,631,11248,2133,salaried,tier_2,0.1896,9115,14
b,21.09,1.54,u,g,k,v,0.13,f,f,0,t,g,356,0,0,300,12980,2497,self_employed,tier_3,0.1924,10483,3
a,36.83,2.5,u,g,i,h,0.04,f,f,0,f,g,260,246,0,510,15707,5919,self_employed,tier_1,0.3768,9788,21
b,48.73,25.085,u,g,w,v,1.43,t,t,3,f,g,120,14,1,879,27456,8719,business,tier_1,0.3176,18737,23
b,59.63,2.71,u,g,c,v,2.68,f,f,0,t,g,320,0,0,449,39132,14768,freelancer,tier_3,0.3774,24364,51
b,42.52,1.75,u,g,k,v,0.11,t,f,0,f,g,160,0,0,444,12345,3209,salaried,tier_3,0.2599,9136,15
b,53.09,2.04,y,p,ff,ff,1.51,f,f,0,f,g,120,1,0,361,15784,6623,self_employed,tier_1,0.4196,9161,23
a,20.8,0.75,u,g,c,v,2.14,f,t,2,t,g,200,394,0,318,28536,4253,business,tier_2,0.149,24283,37
a,18.94,10.335,u,g,cc,h,0.74,t,t,1,t,g,80,50,1,861,30691,12048,business,tier_1,0.3926,18643,20
b,21.66,10.0,y,p,c,v,2.71,t,f,0,f,s,40,0,1,743,39846,4791,salaried,tier_1,0.1202,35055,36
b,43.21,0.375,y,p,c,v,0.0,t,t,8,t,g,300,162,1,781,27304,541,salaried,tier_1,0.0198,26763,15
b,22.39,0.83,u,g,c,h,2.5,f,f,0,t,g,128,0,1,845,49394,20302,business,tier_1,0.411,29092,37
b,58.29,14.5,u,g,ff,ff,18.49,t,t,15,t,g,0,1000,1,823,22927,6076,self_employed,tier_3,0.265,16851,228
b,19.02,11.045,u,g,c,v,1.97,f,f,0,t,g,136,0,0,360,33901,7046,salaried,tier_3,0.2078,26855,46
b,52.13,15.0,u,g,c,v,8.97,t,t,9,f,g,0,0,1,833,23834,5199,salaried,tier_1,0.2181,18635,117
b,21.86,1.835,u,g,c,v,2.3,t,t,1,f,g,100,150,1,815,44914,19123,self_employed,tier_1,0.4258,25791,34
a,60.0,10.0,u,g,q,v,3.96,t,t,14,f,g,0,1602,1,797,101894,25938,self_employed,tier_3,0.2546,75956,70
a,24.75,12.5,u,g,aa,v,1.33,t,t,12,t,g,120,567,1,757,84984,17302,salaried,tier_1,0.2036,67682,35
b,31.18,2.085,u,g,c,v,0.24,f,f,0,f,g,300,0,0,577,34045,11163,business,tier_2,0.3279,22882,6
b,53.16,3.0,y,p,ff,ff,1.23,f,f,0,f,g,180,4,0,358,36857,9689,self_employed,tier_1,0.2629,27168,34
b,22.82,0.75,u,g,i,v,1.19,f,t,1,t,g,400,9,0,664,45261,6938,business,tier_2,0.1533,38323,30
b,43.24,5.0,u,g,i,bb,1.78,f,f,0,t,g,141,0,0,585,10815,963,salaried,tier_2,0.089,9852,34
a,26.54,1.25,u,g,ff,ff,0.0,t,f,0,f,g,80,0,0,330,35358,12518,freelancer,tier_2,0.354,22840,7
a,57.66,16.0,u,g,j,ff,0.0,t,t,15,f,g,0,247,1,814,153158,6935,salaried,tier_1,0.0453,146223,15
b,21.81,8.17,u,g,aa,v,2.01,t,t,14,f,g,60,158,1,794,166282,52148,business,tier_1,0.3136,114134,45
b,18.0,0.165,u,g,d,v,0.04,f,f,0,t,s,280,0,0,617,11917,2597,salaried,tier_2,0.2179,9320,16
a,19.02,9.0,u,g,aa,v,1.23,t,t,2,f,g,88,591,1,886,28709,1446,self_employed,tier_3,0.0504,27263,26
b,23.2,0.25,u,g,d,h,0.46,t,f,0,t,g,0,0,1,793,79031,9300,salaried,tier_3,0.1177,69731,20
b,21.02,10.04,u,g,x,v,0.0,t,t,9,f,g,60,396,1,852,65416,19898,business,tier_3,0.3042,45518,7
b,63.93,7.0,u,g,e,z,0.0,f,f,0,f,g,0,12,0,522,20661,5700,salaried,tier_3,0.2759,14961,21
b,18.9,8.17,u,g,aa,v,1.72,t,t,14,f,g,60,158,1,851,145855,36937,business,tier_1,0.2532,108918,37
b,22.31,4.125,y,p,i,h,0.0,f,f,0,f,g,140,100,0,648,28086,11164,salaried,tier_2,0.3975,16922,13
b,33.45,2.5,y,p,w,v,7.06,f,f,0,t,g,280,0,0,567,25434,6201,salaried,tier_3,0.2438,19233,97
b,40.35,1.75,u,g,k,v,0.46,t,f,0,f,g,160,0,0,452,11295,3418,salaried,tier_3,0.3026,7877,9
b,32.72,2.5,u,g,cc,h,2.45,t,t,6,f,g,160,2072,1,876,87593,32623,salaried,tier_1,0.3724,54970,33
b,23.73,0.625,y,p,aa,v,0.0,t,f,0,f,g,180,1,0,568,25512,4449,business,tier_3,0.1744,21063,4
b,45.54,8.5,u,g,cc,h,13.52,t,t,1,t,g,88,2000,1,782,34470,3165,salaried,tier_2,0.0918,31305,171
b,24.04,6.625,y,p,d,v,5.84,t,f,0,t,s,100,0,1,818,165158,41476,salaried,tier_2,0.2511,123682,85
b,28.27,1.75,y,p,c,v,1.28,t,t,5,t,g,160,5777,1,841,76627,1111,salaried,tier_3,0.0145,75516,23
b,52.5,1.5,u,g,d,v,3.31,f,f,0,t,g,0,350,0,368,28744,1424,business,tier_1,0.0495,27320,51
b,23.19,11.125,u,g,x,h,0.32,t,t,1,f,g,100,0,1,869,93605,920,salaried,tier_2,0.0098,92685,25
b,32.33,2.5,u,g,c,v,1.46,f,f,0,f,g,460,16,0,321,23353,1684,self_employed,tier_3,0.0721,21669,29
b,20.27,10.29,u,g,ff,ff,0.31,f,f,0,f,g,80,0,0,565,26937,9161,freelancer,tier_1,0.3401,17776,11
a,29.29,10.665,u,g,q,h,0.11,f,t,12,t,g,129,3,0,393,16185,299,self_employed,tier_3,0.0185,15886,16
a,18.0,0.335,u,g,ff,ff,0.0,f,t,1,f,g,160,126,0,654,11226,4013,salaried,tier_2,0.3575,7213,0
b,29.46,0.875,u,g,m,v,1.06,t,t,3,t,g,396,0,1,735,163177,35165,self_employed,tier_3,0.2155,128012,19
b,31.19,7.5,u,g,e,bb,2.06,t,f,0,t,s,420,0,0,683,33651,1885,salaried,tier_2,0.056,31766,28
b,21.28,0.875,y,p,c,h,0.75,f,f,0,f,g,280,204,0,648,45701,9907,salaried,tier_2,0.2168,35794,22
a,38.04,4.0,u,g,c,v,3.27,f,f,0,f,g,480,0,0,651,16554,510,freelancer,tier_2,0.0308,16044,62
b,18.54,22.0,l,gg,ff,o,0.0,f,f,0,t,p,450,100000,1,881,55719,215,salaried,tier_1,0.0039,55504,13
b,19.43,4.0,y,p,i,v,0.99,f,f,0,t,g,360,1000,0,461,17072,4422,salaried,tier_2,0.259,12650,15
b,34.59,1.04,u,g,r,h,6.36,t,f,0,t,g,164,31285,1,822,44192,1284,salaried,tier_3,0.0291,42908,93
b,31.75,1.085,y,p,c,v,0.53,f,f,0,f,g,170,179,0,371,33330,4343,salaried,tier_1,0.1303,28987,29
a,25.59,11.0,y,p,aa,v,4.71,t,f,0,f,g,120,0,0,536,12489,163,salaried,tier_3,0.0131,12326,78
b,49.07,7.625,u,g,w,h,15.45,t,t,12,f,g,0,790,1,714,134912,8573,salaried,tier_1,0.0635,126339,207
a,29.78,1.75,y,p,k,v,0.76,f,f,0,t,g,280,0,0,416,17621,3829,self_employed,tier_1,0.2173,13792,24
a,31.71,1.46,u,g,w,v,1.11,t,t,16,f,g,120,2079,1,713,23404,1108,business,tier_3,0.0473,22296,28
b,27.59,1.5,y,p,w,v,0.86,t,f,0,t,g,260,1065,1,680,160655,16341,business,tier_2,0.1017,144314,15
a,22.46,3.0,u,g,aa,v,0.06,t,f,0,f,g,100,0,1,845,98602,9219,salaried,tier_1,0.0935,89383,1
b,32.42,2.335,u,g,d,h,5.43,f,f,0,t,g,292,0,0,505,20642,8082,business,tier_2,0.3915,12560,78
b,33.26,5.085,y,p,i,bb,0.61,f,f,0,t,g,480,0,0,338,10397,3859,self_employed,tier_2,0.3712,6538,24
b,22.63,11.5,u,g,i,v,3.35,t,t,9,f,g,56,742,1,681,95650,13785,self_employed,tier_3,0.1441,81865,51
a,35.49,0.915,u,g,aa,v,1.17,t,t,4,f,g,0,1583,1,766,49728,17976,business,tier_1,0.3615,31752,29
b,29.37,1.5,y,p,w,v,0.54,f,f,0,f,s,160,0,0,527,25023,7285,freelancer,tier_2,0.2911,17738,8
b,58.57,2.71,u,g,c,v,2.86,f,f,0,t,g,320,0,0,476,37791,15663,freelancer,tier_3,0.4145,22128,48
a,23.56,0.585,y,p,ff,ff,0.35,f,f,0,f,g,120,87,0,351,12825,91,salaried,tier_3,0.0071,12734,26
a,30.85,6.5,u,g,c,bb,4.06,t,t,7,t,g,0,3065,1,817,38934,2517,salaried,tier_1,0.0646,36417,56
a,40.62,6.5,u,g,q,v,0.59,t,t,3,t,g,145,0,1,900,113161,28447,business,tier_2,0.2514,84714,20
b,44.7,0.5,u,g,m,v,10.79,t,f,0,f,s,400,0,0,553,43661,14270,salaried,tier_2,0.3268,29391,143
a,19.43,0.54,u,g,c,v,1.96,f,t,1,t,g,80,5,0,642,44206,4613,salaried,tier_1,0.1044,39593,36
b,24.82,0.625,y,p,aa,v,0.04,t,f,0,f,g,180,1,0,566,30454,4898,business,tier_3,0.1608,25556,2
b,43.5,2.25,u,g,i,bb,0.92,t,f,0,f,g,560,0,0,562,19759,1839,salaried,tier_1,0.0931,17920,21
a,36.92,1.5,u,g,ff,ff,0.0,f,f,0,f,g,76,0,0,611,28231,4521,self_employed,tier_2,0.1601,23710,2
b,24.38,11.5,y,p,m,v,1.27,f,f,0,t,g,0,4000,0,595,38781,18756,salaried,tier_1,0.4836,20025,16
b,18.07,3.0,u,g,k,v,0.38,f,f,0,t,g,160,40,0,334,23626,6972,freelancer,tier_1,0.2951,16654,25
b,40.92,1.75,u,g,k,v,0.61,t,f,0,f,g,160,0,0,463,11882,3085,salaried,tier_3,0.2596,8797,14
a,21.26,7.0,u,g,c,v,0.2,f,f,0,f,g,160,0,0,542,11228,537,salaried,tier_2,0.0478,10691,12
b,30.4,0.04,y,p,m,v,0.0,f,f,0,f,g,0,0,0,473,34154,2757,salaried,tier_2,0.0807,31397,21
b,35.0,2.125,y,p,w,v,0.51,t,t,1,f,g,50,1187,1,774,94385,7685,salaried,tier_1,0.0814,86700,12
b,21.1,3.165,y,p,c,v,0.37,f,f,0,f,g,160,1058,0,559,15829,1019,salaried,tier_1,0.0644,14810,25
a,18.0,0.165,u,g,aa,v,0.91,f,t,2,t,g,320,1,0,683,12096,878,freelancer,tier_1,0.0726,11218,14
b,31.41,1.125,u,g,ff,ff,0.1,f,t,1,f,g,96,19,0,607,34685,10306,self_employed,tier_3,0.2971,24379,5
b,23.13,11.0,u,g,w,v,1.93,t,t,1,f,g,80,278,1,704,22079,1076,freelancer,tier_1,0.0487,21003,25
b,60.81,2.75,u,g,w,v,1.72,t,t,5,t,g,60,58,1,738,68686,24984,salaried,tier_3,0.3637,43702,43
b,24.34,0.0,u,g,cc,v,0.47,t,f,0,f,g,0,0,1,895,49465,16305,business,tier_2,0.3296,33160,26
b,44.36,4.625,u,g,q,v,4.24,t,f,0,f,s,0,0,1,900,73498,6515,salaried,tier_1,0.0886,66983,63
b,31.54,0.75,y,p,c,v,0.0,f,f,0,f,g,240,0,0,501,32697,3278,business,tier_2,0.1003,29419,17
b,28.68,0.375,u,g,c,v,0.0,f,f,0,f,g,220,140,0,519,12862,1336,self_employed,tier_1,0.1039,11526,16
b,28.47,1.75,y,p,c,v,0.81,t,t,5,t,g,160,5777,1,839,73342,803,salaried,tier_3,0.0109,72539,20
b,28.47,2.04,y,p,aa,v,1.65,t,t,3,t,g,370,560,1,717,33253,6343,freelancer,tier_3,0.1907,26910,23
b,38.86,3.29,u,g,m,v,3.22,f,f,0,t,s,400,0,0,435,11339,2221,freelancer,tier_2,0.1959,9118,47
b,24.06,1.5,u,g,c,h,0.93,t,f,0,f,g,422,200,1,875,54109,6732,salaried,tier_1,0.1244,47377,16
b,24.33,0.46,y,p,w,v,2.35,t,t,6,t,g,208,347,0,506,10387,4663,salaried,tier_1,0.4489,5724,42
a,34.7,4.625,u,g,q,h,1.46,t,t,2,f,g,0,0,1,783,42692,13047,salaried,tier_3,0.3056,29645,30
a,24.24,13.665,u,g,q,h,1.03,f,f,0,f,g,280,1,0,505,32659,7325,salaried,tier_1,0.2243,25334,20
b,22.51,0.585,y,p,ff,ff,0.11,f,f,0,f,g,100,0,0,619,11917,2126,self_employed,tier_2,0.1784,9791,18
b,37.97,6.21,u,g,q,v,0.11,t,t,1,f,g,200,300,1,862,22231,3570,business,tier_2,0.1606,18661,12
b,40.83,1.54,u,g,i,bb,3.1,f,f,0,f,g,216,0,1,822,32223,2545,salaried,tier_1,0.079,29678,48
b,38.08,0.5,u,g,m,v,0.35,t,f,0,f,s,288,0,0,313,13557,435,salaried,tier_1,0.0321,13122,24
b,27.92,1.5,u,g,w,v,2.75,f,t,1,t,g,100,3,0,586,19941,6253,business,tier_2,0.3136,13688,55
b,70.0,17.75,u,g,ff,ff,0.44,t,f,0,t,g,0,0,1,764,106293,18045,self_employed,tier_1,0.1698,88248,14
b,21.0,0.585,y,p,ff,ff,0.0,f,f,0,f,g,100,0,0,629,11936,2773,self_employed,tier_2,0.2323,9163,3
a,25.11,12.33,u,g,cc,h,3.8,t,t,6,f,g,400,458,1,740,25152,489,self_employed,tier_1,0.0194,24663,67
a,21.32,8.46,y,p,x,v,2.31,f,f,0,f,g,164,0,1,900,114257,4861,salaried,tier_2,0.0425,109396,47
b,45.65,5.835,u,g,w,v,5.06,f,f,0,f,g,465,150,0,349,28493,8049,business,tier_2,0.2825,20444,78
a,33.29,3.0,y,p,aa,v,1.8,f,f,0,f,g,180,0,0,603,10974,1704,salaried,tier_1,0.1553,9270,26
a,22.82,0.5,u,g,q,h,1.32,t,f,0,f,g,280,824,1,763,38266,1561,business,tier_2,0.0408,36705,34
b,60.43,14.5,u,g,ff,ff,18.02,t,t,15,t,g,0,1000,1,803,22729,6437,self_employed,tier_3,0.2832,16292,219
b,52.71,9.415,u,g,ff,ff,14.58,t,t,11,t,g,30,300,1,733,68554,23101,business,tier_1,0.337,45453,186
b,33.6,4.5,u,g,x,h,6.0,f,f,0,t,s,711,0,1,791,78962,16077,salaried,tier_2,0.2036,62885,93
a,29.78,1.75,y,p,k,v,1.0,f,f,0,t,g,280,0,0,463,17487,2618,self_employed,tier_1,0.1497,14869,21
b,19.87,0.29,u,g,k,v,0.11,f,f,0,f,g,280,364,0,408,13553,3770,salaried,tier_2,0.2782,9783,16
b,29.95,2.5,u,g,aa,v,7.31,t,f,0,t,g,523,0,0,544,35068,2309,freelancer,tier_2,0.0658,32759,90
b,20.37,0.25,u,g,q,v,0.0,f,f,0,f,g,200,0,0,300,40138,3025,salaried,tier_1,0.0754,37113,19
b,49.02,2.5,u,g,m,bb,3.0,t,t,12,t,g,410,2510,1,865,168833,5788,salaried,tier_1,0.0343,163045,38
a,29.64,3.75,u,g,c,v,1.36,t,t,1,t,g,371,0,1,743,84092,115,business,tier_3,0.0014,83977,32
a,22.1,0.83,u,g,q,v,0.89,f,t,1,t,g,200,11,0,621,35878,7724,salaried,tier_2,0.2153,28154,22
b,37.87,1.75,y,p,c,bb,0.44,t,f,0,t,g,164,400,0,685,28799,11050,self_employed,tier_2,0.3837,17749,18
b,22.52,1.54,u,g,k,v,0.0,f,f,0,t,g,356,0,0,325,12428,3271,self_employed,tier_3,0.2632,9157,13
b,46.4,25.085,u,g,w,v,1.64,t,t,3,f,g,120,14,1,860,22445,7319,business,tier_1,0.3261,15126,30
b,33.09,16.165,u,g,d,v,2.99,t,t,9,f,g,250,730,1,799,39914,7656,business,tier_1,0.1918,32258,57
b,18.71,0.085,y,p,c,v,0.0,f,f,0,f,g,140,722,0,507,33732,1181,business,tier_3,0.035,32551,12
b,26.73,0.58,u,g,c,v,0.62,t,t,7,t,g,96,5124,1,741,135012,54065,business,tier_2,0.4004,80947,10
b,25.72,2.0,u,g,e,dd,0.13,f,t,2,f,g,320,1300,0,644,26590,1230,business,tier_2,0.0463,25360,2
b,35.4,4.25,u,g,i,bb,3.05,t,t,2,f,g,274,610,1,783,30646,13443,business,tier_3,0.4387,17203,39
a,25.28,3.0,u,g,q,h,2.11,t,t,19,f,g,0,500,1,837,168424,46896,business,tier_3,0.2784,121528,35
b,34.79,2.5,u,g,c,v,1.35,f,f,0,f,g,460,16,0,300,22702,1289,self_employed,tier_3,0.0568,21413,25
a,25.81,0.67,u,g,aa,h,1.67,t,f,0,f,g,400,0,0,409,29246,5288,self_employed,tier_1,0.1808,23958,41
b,32.57,4.46,u,g,cc,h,6.21,t,t,3,f,g,311,300,1,834,98465,21685,self_employed,tier_2,0.2202,76780,85
b,36.81,0.835,u,g,e,v,0.0,f,f,0,f,g,120,5,0,432,18534,5978,freelancer,tier_1,0.3225,12556,2
a,30.75,3.75,u,g,cc,h,0.65,t,t,9,t,g,181,0,1,900,65364,11496,salaried,tier_3,0.1759,53868,28
b,30.26,9.335,u,g,q,h,5.21,t,t,6,f,g,381,168,1,851,22950,6017,business,tier_3,0.2622,16933,80
a,22.57,1.75,y,p,c,v,0.0,f,f,0,f,g,132,0,0,612,33883,10344,freelancer,tier_2,0.3053,23539,7
b,30.97,1.085,y,p,c,v,0.15,f,f,0,f,g,170,179,0,361,33675,5929,salaried,tier_1,0.1761,27746,5
b,35.82,5.5,y,p,c,v,1.3,f,f,0,t,g,60,0,0,517,43375,5128,self_employed,tier_1,0.1182,38247,16
b,32.07,1.125,u,g,ff,ff,0.24,f,t,1,f,g,96,19,0,610,34232,12135,self_employed,tier_3,0.3545,22097,10
b,33.31,19.5,u,g,c,v,7.4,t,t,16,f,g,0,5000,1,855,94810,23121,salaried,tier_2,0.2439,71689,88
b,30.92,1.085,y,p,c,v,0.0,f,f,0,f,g,170,179,0,375,31151,5211,salaried,tier_1,0.1673,25940,1
a,55.22,0.335,u,g,i,bb,1.22,t,f,0,t,g,252,2197,0,420,16786,5933,salaried,tier_2,0.3534,10853,27
b,27.64,13.0,u,g,e,dd,0.01,f,f,0,t,g,140,1110,0,550,44915,14147,salaried,tier_2,0.315,30768,6
b,18.0,4.0,y,p,w,v,1.36,t,t,2,t,g,120,1000,1,740,104016,3401,salaried,tier_2,0.0327,100615,25
b,55.7,11.5,u,g,ff,ff,5.15,t,t,5,f,g,0,8851,1,705,65367,29336,salaried,tier_1,0.4488,36031,72
b,38.83,13.915,u,g,w,v,8.73,t,t,6,t,g,70,0,1,855,112270,13048,salaried,tier_2,0.1162,99222,107
a,34.82,0.915,u,g,aa,v,0.77,t,t,4,f,g,0,1583,1,759,56866,19713,business,tier_1,0.3467,37153,21
b,29.56,1.25,y,p,k,v,0.68,f,f,0,f,g,224,0,0,363,34932,3099,self_employed,tier_2,0.0887,31833,14
b,28.94,1.25,u,g,c,h,0.27,f,t,2,t,g,400,108,0,459,25242,3029,salaried,tier_2,0.12,22213,12
a,29.11,3.54,u,g,i,bb,0.99,t,f,0,t,g,171,0,0,300,37640,6754,freelancer,tier_2,0.1794,30886,13
b,19.83,5.71,u,g,d,v,0.55,f,f,0,f,g,120,0,0,338,24196,1443,self_employed,tier_3,0.0596,22753,18
b,18.0,5.5,u,g,k,v,0.12,t,f,0,f,g,80,0,1,814,135584,24349,self_employed,tier_3,0.1796,111235,14
a,21.85,1.835,u,g,j,j,0.0,f,t,1,f,g,200,53,0,375,40936,493,salaried,tier_1,0.012,40443,2
a,27.25,2.54,y,p,ff,ff,0.0,f,f,0,t,g,180,60,0,706,28434,1963,salaried,tier_3,0.069,26471,14
b,39.1,0.705,u,g,c,v,0.47,f,t,2,f,g,225,500,0,649,18016,1682,business,tier_2,0.0934,16334,24
b,33.93,3.5,u,g,k,v,0.69,f,f,0,t,g,232,0,0,327,26246,7361,business,tier_3,0.2805,18885,9
a,58.98,5.0,u,g,aa,v,3.97,t,t,4,f,g,0,99,1,846,36260,894,freelancer,tier_2,0.0247,35366,70
b,18.0,4.0,y,p,w,v,1.35,t,t,2,t,g,120,1000,1,733,95206,3236,salaried,tier_2,0.034,91970,20
a,18.91,4.415,y,p,c,h,2.97,t,f,0,f,g,240,0,1,662,166016,39144,business,tier_2,0.2358,126872,55
a,30.07,1.75,y,p,k,v,0.83,f,f,0,t,g,280,0,0,447,17647,3764,self_employed,tier_1,0.2133,13883,10
a,28.79,1.375,u,g,w,h,0.22,f,t,3,f,g,0,33,0,563,36314,6799,salaried,tier_2,0.1872,29515,17
b,20.9,0.875,y,p,c,h,0.54,f,f,0,f,g,280,204,0,683,36293,10652,salaried,tier_2,0.2935,25641,29
a,18.0,10.0,y,p,q,h,0.63,f,f,0,f,g,340,0,0,691,27015,5228,salaried,tier_3,0.1935,21787,10
b,33.94,2.5,u,g,w,v,0.0,t,f,0,t,g,239,200,1,735,69725,14346,salaried,tier_2,0.2058,55379,12
b,29.6,4.5,u,g,w,v,7.53,t,t,2,t,g,330,0,1,684,37805,3046,salaried,tier_2,0.0806,34759,92
b,34.42,1.0,u,g,x,v,0.82,t,t,7,t,g,340,4071,1,726,91176,29772,self_employed,tier_3,0.3265,61404,11
a,18.0,7.625,u,g,q,v,0.55,f,t,1,t,g,0,160,0,568,23662,7101,salaried,tier_3,0.3001,16561,7
b,35.53,4.5,u,g,x,h,5.88,f,f,0,t,s,711,0,1,788,74223,14855,salaried,tier_2,0.2001,59368,71
b,54.74,9.415,u,g,ff,ff,14.06,t,t,11,t,g,30,300,1,694,84971,21388,business,tier_1,0.2517,63583,190
b,18.21,2.0,u,g,i,v,1.44,t,t,2,f,g,120,300,1,842,84713,18326,business,tier_1,0.2163,66387,38
a,24.56,0.335,u,g,q,v,0.9,f,f,0,f,s,160,0,0,527,36482,8043,salaried,tier_1,0.2205,28439,13
b,34.41,2.75,u,g,i,bb,2.7,f,f,0,t,g,232,200,0,369,23936,7756,salaried,tier_3,0.324,16180,37
a,21.69,0.75,u,g,c,v,2.36,f,t,2,t,g,200,394,0,300,26844,4967,business,tier_2,0.185,21877,34
a,18.0,0.21,u,g,aa,v,0.0,f,f,0,f,g,200,1,0,661,30089,2591,salaried,tier_2,0.0861,27498,13
b,41.03,1.5,u,g,i,bb,0.45,f,f,0,f,s,300,0,0,408,11858,1909,business,tier_2,0.161,9949,8
b,23.17,11.5,u,g,i,v,3.06,t,t,9,f,g,56,742,1,670,112022,12342,self_employed,tier_3,0.1102,99680,37
b,20.53,11.5,y,p,m,v,1.98,f,f,0,t,g,0,4000,0,583,45160,13314,salaried,tier_1,0.2948,31846,27
b,37.4,2.54,u,g,ff,ff,0.36,f,f,0,f,g,0,1000,0,438,38602,3819,salaried,tier_3,0.0989,34783,9
b,20.49,10.0,y,p,k,h,1.0,t,f,0,t,g,140,0,0,600,11970,4334,freelancer,tier_2,0.3621,7636,22
a,21.32,3.0,u,g,q,v,0.4,t,t,3,f,g,100,6,1,673,39160,1180,self_employed,tier_3,0.0301,37980,12
b,20.53,0.46,u,g,k,v,0.0,f,f,0,t,g,280,55,0,654,13104,1792,salaried,tier_2,0.1368,11312,18
b,26.12,14.585,u,g,i,bb,0.0,f,f,0,t,g,178,0,0,395,21277,4122,self_employed,tier_2,0.1937,17155,5
a,26.99,12.5,u,g,d,v,0.6,f,f,0,t,g,180,1062,0,366,23650,9184,business,tier_3,0.3883,14466,10
b,24.03,1.5,y,p,aa,v,0.13,f,f,0,t,g,120,67,0,389,39061,10685,self_employed,tier_2,0.2735,28376,10
b,28.06,0.375,u,g,c,v,0.34,f,f,0,f,g,220,140,0,514,11026,1012,self_employed,tier_1,0.0918,10014,10
b,30.3,16.165,u,g,d,v,2.72,t,t,9,f,g,250,730,1,804,31845,10483,business,tier_1,0.3292,21362,42
b,42.97,2.25,u,g,i,bb,1.11,t,f,0,f,g,560,0,0,558,15504,1750,salaried,tier_1,0.1129,13754,13
b,44.42,8.5,u,g,cc,h,13.95,t,t,1,t,g,88,2000,1,799,36505,3051,salaried,tier_2,0.0836,33454,176
b,23.31,10.04,u,g,x,v,0.24,t,t,9,f,g,60,396,1,878,69656,26317,business,tier_3,0.3778,43339,12
b,21.54,0.375,u,g,q,v,2.15,t,t,2,t,g,80,0,1,774,129855,25492,business,tier_3,0.1963,104363,32
b,56.2,12.25,u,g,m,v,1.07,t,t,4,t,g,200,0,1,731,137894,55663,self_employed,tier_3,0.4037,82231,15
b,34.5,5.0,u,g,c,bb,2.24,t,t,6,f,g,0,367,1,684,54528,206,salaried,tier_2,0.0038,54322,42
b,29.26,2.0,u,g,x,h,0.84,t,t,4,f,g,140,7544,1,741,82908,14463,self_employed,tier_2,0.1744,68445,18
a,31.23,1.625,u,g,d,v,0.84,f,f,0,t,g,0,0,0,579,17908,4392,salaried,tier_2,0.2453,13516,12
a,40.73,1.665,u,g,aa,v,0.34,f,f,0,f,g,0,390,0,555,29244,629,self_employed,tier_3,0.0215,28615,4
b,30.24,4.75,u,g,m,v,1.75,f,t,1,t,g,460,68,0,335,34300,3360,salaried,tier_3,0.098,30940,26
b,27.44,0.29,y,p,c,v,1.82,f,f,0,t,g,160,0,0,353,36406,13814,salaried,tier_1,0.3794,22592,38
b,21.88,11.5,u,g,i,v,3.05,t,t,9,f,g,56,742,1,698,91460,17529,self_employed,tier_3,0.1917,73931,47
a,67.66,6.0,u,g,ff,ff,0.2,f,f,0,f,s,0,0,0,512,28126,7806,self_employed,tier_3,0.2775,20320,11
b,31.28,19.5,u,g,c,v,6.94,t,t,16,f,g,0,5000,1,864,90182,32601,salaried,tier_2,0.3615,57581,90
b,40.97,1.335,u,g,d,v,0.4,f,f,0,f,g,168,0,0,497,17348,2799,business,tier_2,0.1613,14549,20
b,40.5,1.335,u,g,d,v,0.59,f,f,0,f,g,168,0,0,518,20218,2919,business,tier_2,0.1444,17299,8
b,41.16,5.875,u,g,cc,h,10.25,t,t,14,t,g,399,0,1,883,103460,29274,salaried,tier_1,0.2829,74186,124
a,42.12,10.0,u,g,q,h,1.69,t,f,0,f,g,29,837,1,869,146037,59978,salaried,tier_2,0.4107,86059,41
b,43.73,0.375,y,p,c,v,0.03,t,t,8,t,g,300,162,1,783,28258,727,salaried,tier_1,0.0257,27531,12
b,29.9,2.835,u,g,ff,ff,0.31,f,t,5,f,g,176,146,0,431,25936,3024,self_employed,tier_3,0.1166,22912,24
b,18.0,0.04,u,g,c,v,0.0,f,f,0,f,g,0,0,1,859,31957,9269,business,tier_2,0.29,22688,1
b,24.24,1.5,u,g,c,h,0.99,t,f,0,f,g,422,200,1,859,50988,6764,salaried,tier_1,0.1327,44224,25
b,34.87,25.125,u,g,x,h,1.84,t,t,1,t,g,515,500,1,649,103466,9771,self_employed,tier_1,0.0944,93695,31
b,27.87,0.835,u,g,cc,v,0.96,f,f,0,f,g,100,0,0,664,10342,1522,freelancer,tier_3,0.1472,8820,18
a,51.17,7.0,u,g,aa,h,2.55,f,f,0,f,g,0,0,0,506,11650,1780,salaried,tier_2,0.1528,9870,30
b,20.65,0.79,y,p,cc,v,1.07,f,f,0,f,g,160,0,0,305,18805,3515,salaried,tier_3,0.1869,15290,30
b,42.5,11.0,y,p,d,v,1.48,t,f,0,f,s,0,0,0,667,12713,4605,salaried,tier_3,0.3622,8108,35
a,24.68,9.0,u,g,q,v,8.28,t,t,5,t,g,120,0,1,669,36450,860,salaried,tier_1,0.0236,35590,110
a,19.32,9.54,u,g,aa,v,0.3,t,f,0,f,g,100,0,1,843,70962,24409,salaried,tier_2,0.344,46553,25
b,22.59,11.625,y,p,w,v,1.22,t,f,0,t,g,160,300,1,790,43902,11947,salaried,tier_2,0.2721,31955,19
a,55.49,4.25,y,p,ff,ff,4.5,f,f,0,t,g,0,4,0,604,39125,6117,business,tier_2,0.1563,33008,77
a,22.74,0.67,u,g,aa,h,1.94,t,f,0,f,g,400,0,0,387,26658,3939,self_employed,tier_1,0.1478,22719,40
b,37.84,2.5,y,p,i,h,10.27,f,f,0,t,s,200,0,0,347,20417,2159,business,tier_3,0.1057,18258,128
b,40.73,2.25,y,p,x,h,9.71,t,f,0,t,g,176,0,0,648,29776,7827,self_employed,tier_1,0.2629,21949,128
a,18.16,0.585,y,p,aa,v,0.57,t,f,0,t,g,160,0,0,631,28355,8229,salaried,tier_1,0.2902,20126,24
b,25.21,0.25,u,g,i,bb,0.0,t,f,0,t,g,0,0,1,715,80991,842,self_employed,tier_2,0.0104,80149,3
a,33.5,6.0,u,g,d,v,1.5,f,f,0,f,g,272,0,0,438,24984,1974,salaried,tier_3,0.079,23010,30
b,30.73,2.5,u,g,cc,h,2.6,f,f,0,t,s,340,0,0,332,37720,4760,business,tier_3,0.1262,32960,31
b,27.67,4.5,y,p,c,bb,2.11,f,f,0,f,g,200,1210,0,447,19684,2368,salaried,tier_1,0.1203,17316,46
b,38.14,6.5,u,g,aa,bb,3.82,t,t,1,f,g,0,500,1,772,38855,4081,self_employed,tier_2,0.105,34774,63
b,38.63,1.625,u,g,c,v,1.77,t,t,10,f,g,186,4700,1,810,36816,5382,self_employed,tier_3,0.1462,31434,21
a,46.92,13.0,u,g,i,bb,5.01,t,t,9,t,g,0,0,1,682,21602,4921,salaried,tier_1,0.2278,16681,83
b,18.0,0.415,y,p,c,v,0.36,f,t,1,f,g,200,1,0,537,25497,11459,freelancer,tier_3,0.4494,14038,22
b,18.0,0.205,u,g,aa,v,0.0,f,f,0,f,g,280,750,0,419,26974,8476,self_employed,tier_3,0.3142,18498,8
b,20.48,1.75,y,p,c,v,2.77,f,f,0,t,g,112,6,0,386,35638,855,freelancer,tier_3,0.024,34783,54
b,30.51,1.5,y,p,c,v,1.55,t,f,0,t,g,0,225,0,511,27558,8999,salaried,tier_3,0.3265,18559,19
b,29.65,19.5,u,g,c,v,7.12,t,t,16,f,g,0,5000,1,851,111474,27802,salaried,tier_2,0.2494,83672,102
b,22.82,0.585,u,g,c,h,0.25,t,f,0,f,g,180,0,0,359,10272,4953,business,tier_1,0.4822,5319,20
b,25.33,3.165,y,p,k,v,0.48,f,t,1,t,g,280,80,0,353,32274,12640,self_employed,tier_2,0.3916,19634,12
b,18.0,4.0,y,p,i,v,1.36,f,f,0,t,g,360,1000,0,477,17858,4662,salaried,tier_2,0.2611,13196,20
a,24.9,2.5,y,p,i,bb,4.61,f,f,0,f,g,200,456,0,479,11808,3391,salaried,tier_2,0.2872,8417,58
b,41.31,1.71,y,p,m,v,0.57,f,f,0,f,s,400,0,0,392,25563,12680,salaried,tier_1,0.496,12883,27
b,40.33,0.705,u,g,c,v,0.46,f,t,2,f,g,225,500,0,663,19724,1595,business,tier_2,0.0809,18129,12
a,48.05,1.335,u,g,i,o,0.01,f,f,0,f,g,0,120,0,528,23948,9394,salaried,tier_3,0.3923,14554,15
a,18.0,9.5,u,g,aa,v,2.16,f,t,10,t,g,0,10,0,360,18220,4053,salaried,tier_1,0.2224,14167,31
b,40.39,1.75,u,g,k,v,0.39,t,f,0,f,g,160,0,0,449,12638,3690,salaried,tier_3,0.292,8948,22
a,35.48,1.585,y,p,ff,ff,0.2,t,f,0,f,g,320,0,0,399,12729,1989,business,tier_2,0.1563,10740,18
b,22.82,0.25,y,p,c,h,0.74,f,f,0,f,g,280,204,0,664,28419,5501,salaried,tier_3,0.1936,22918,26
a,56.18,7.08,u,g,k,h,6.33,t,t,3,t,g,100,50,0,516,40376,3,self_employed,tier_1,0.0001,40373,76
a,39.81,1.5,u,g,ff,ff,0.0,f,f,0,f,g,76,0,0,653,29097,6418,self_employed,tier_2,0.2206,22679,9
a,26.04,2.54,y,p,aa,v,0.0,t,f,0,t,g,370,0,1,766,170416,54235,salaried,tier_2,0.3183,116181,22
b,25.9,1.0,u,g,aa,v,0.63,f,f,0,f,g,200,0,0,373,31278,3827,self_employed,tier_3,0.1224,27451,8
b,70.0,19.0,y,p,ff,ff,0.35,f,t,2,f,g,0,351,0,671,16910,639,salaried,tier_1,0.0378,16271,11
b,58.57,7.04,u,g,m,v,14.47,t,t,6,t,g,360,1332,1,880,88793,36983,salaried,tier_2,0.4165,51810,175
b,52.56,1.5,u,g,d,v,3.7,f,f,0,t,g,0,350,0,361,27569,1408,business,tier_1,0.0511,26161,51
a,43.95,4.585,u,g,k,h,1.29,f,f,0,t,s,240,0,0,611,38346,7376,salaried,tier_2,0.1924,30970,38
b,24.06,11.5,u,g,i,v,3.92,t,t,9,f,g,56,742,1,655,104814,13555,self_employed,tier_3,0.1293,91259,62
b,48.14,25.085,u,g,w,v,1.93,t,t,3,f,g,120,14,1,878,24781,9622,business,tier_1,0.3883,15159,41
a,22.18,1.835,u,g,j,j,0.0,f,t,1,f,g,200,53,0,349,36387,393,salaried,tier_1,0.0108,35994,20
b,27.54,13.0,u,g,e,dd,0.11,f,f,0,t,g,140,1110,0,554,41220,11758,salaried,tier_2,0.2852,29462,12
b,37.12,3.79,u,g,w,v,1.63,t,f,0,t,g,200,0,0,527,34728,1946,salaried,tier_1,0.056,32782,35
b,28.42,2.71,y,p,cc,v,5.74,t,t,1,f,g,211,0,1,680,48700,11301,self_employed,tier_1,0.2321,37399,88
a,27.08,3.5,u,g,w,v,0.98,t,f,0,f,s,280,0,1,894,50699,13509,freelancer,tier_1,0.2665,37190,34
b,43.6,0.29,y,p,cc,h,2.14,t,t,8,f,g,100,375,1,855,98081,21709,freelancer,tier_2,0.2213,76372,33
a,18.0,0.165,u,g,aa,v,0.7,f,t,2,t,g,320,1,0,710,12895,897,freelancer,tier_1,0.0696,11998,15
a,22.44,3.0,u,g,aa,v,0.0,t,f,0,f,g,100,0,1,871,109837,10564,salaried,tier_1,0.0962,99273,7
b,23.9,0.375,u,g,m,v,0.7,t,t,3,f,g,260,15108,1,900,81102,19132,salaried,tier_2,0.2359,61970,8
b,24.04,0.585,u,g,c,h,0.0,t,f,0,f,g,180,0,0,401,10339,4140,business,tier_1,0.4004,6199,6
a,36.91,0.915,u,g,aa,v,0.44,t,t,4,f,g,0,1583,1,764,45411,15030,business,tier_1,0.331,30381,11
b,20.17,5.085,y,p,j,v,0.21,f,f,0,f,g,140,184,0,362,25274,1295,freelancer,tier_1,0.0512,23979,13
b,23.65,0.25,u,g,d,h,0.75,t,f,0,t,g,0,0,1,779,84783,11742,salaried,tier_3,0.1385,73041,20
b,18.82,6.5,u,g,i,v,0.23,f,f,0,f,g,60,100,0,545,19808,671,freelancer,tier_3,0.0339,19137,5
b,44.01,7.0,y,p,c,v,1.42,f,f,0,f,g,160,2,0,554,27569,2328,freelancer,tier_2,0.0844,25241,39
b,21.45,0.585,u,g,c,h,0.51,t,f,0,f,g,180,0,0,407,11291,4712,business,tier_1,0.4173,6579,16
b,18.02,0.415,y,p,c,v,0.58,f,t,1,f,g,200,1,0,551,24470,8917,freelancer,tier_3,0.3644,15553,28
b,31.05,4.46,u,g,cc,h,5.93,t,t,3,f,g,311,300,1,810,99121,16762,self_employed,tier_2,0.1691,82359,94
b,57.48,11.5,u,g,ff,ff,4.93,t,t,5,f,g,0,8851,1,713,67290,27966,salaried,tier_1,0.4156,39324,70
a,27.12,13.5,y,p,ff,ff,2.2,f,t,1,t,g,200,1,0,352,21483,3783,business,tier_2,0.1761,17700,31
a,37.2,1.665,u,g,aa,v,0.41,f,f,0,f,g,0,390,0,586,34022,452,self_employed,tier_3,0.0133,33570,16
b,42.97,0.375,y,p,c,v,0.26,t,t,8,t,g,300,162,1,820,23055,555,salaried,tier_1,0.0241,22500,13
b,28.44,5.04,y,p,c,bb,1.41,t,t,8,t,g,144,7,1,862,32269,14538,self_employed,tier_3,0.4505,17731,38
b,33.2,2.5,y,p,w,v,2.85,f,f,0,f,s,200,0,0,401,35000,11017,business,tier_3,0.3148,23983,56
b,26.51,0.75,u,g,c,h,3.99,t,t,3,t,g,312,150,1,713,39499,15937,salaried,tier_1,0.4035,23562,58
b,29.44,6.5,u,g,cc,v,3.08,t,t,8,f,g,330,1200,1,672,102392,2074,salaried,tier_3,0.0203,100318,44
b,52.64,6.5,u,g,k,v,6.48,t,t,15,f,g,0,11202,1,671,26252,11157,business,tier_2,0.425,15095,100
b,23.31,10.5,u,g,q,h,1.58,t,f,0,f,g,100,0,1,848,112347,1987,salaried,tier_1,0.0177,110360,19
b,40.06,9.5,u,g,m,v,6.78,t,t,14,f,g,240,4607,1,897,23842,7213,business,tier_1,0.3025,16629,96
b,46.63,6.04,u,g,k,v,0.0,f,f,0,f,g,0,2690,1,840,103645,31563,freelancer,tier_1,0.3045,72082,3
a,58.83,2.0,u,g,ff,ff,6.76,f,t,1,f,g,0,10,0,546,10339,2352,salaried,tier_2,0.2275,7987,87
b,23.38,1.585,y,p,w,v,2.59,t,t,6,f,g,80,0,1,673,45301,1560,salaried,tier_2,0.0344,43741,51
b,35.64,0.08,y,p,m,bb,0.02,t,t,1,t,g,280,2000,1,865,164906,36377,salaried,tier_3,0.2206,128529,5
a,45.88,3.0,u,g,c,v,2.67,t,t,8,t,g,396,4159,1,888,54001,20206,salaried,tier_1,0.3742,33795,49
b,20.75,9.5,u,g,w,v,1.63,t,f,0,f,g,120,2206,1,712,95519,29860,business,tier_3,0.3126,65659,24
b,22.13,5.29,u,g,q,v,0.35,t,t,1,f,g,160,0,0,472,11556,3663,salaried,tier_2,0.317,7893,17
a,21.5,1.75,y,p,j,j,0.14,f,f,0,f,g,160,0,0,563,30301,1926,freelancer,tier_2,0.0636,28375,3
b,27.35,1.0,y,p,d,h,3.41,f,f,0,f,g,176,537,0,301,34002,12170,salaried,tier_1,0.3579,21832,47
a,38.48,4.71,u,g,ff,ff,0.07,f,f,0,f,g,160,0,0,392,16602,6821,salaried,tier_3,0.4109,9781,0
b,18.11,3.0,u,g,k,v,0.34,f,f,0,t,g,160,40,0,322,22811,9515,freelancer,tier_1,0.4171,13296,7
b,31.54,1.25,y,p,k,v,0.73,f,f,0,f,g,224,0,0,323,37005,3122,self_employed,tier_2,0.0844,33883,30
b,35.44,1.75,u,g,w,bb,0.46,t,f,0,t,g,163,0,0,327,32753,201,business,tier_3,0.0061,32552,25
b,40.44,6.5,u,g,aa,bb,3.57,t,t,1,f,g,0,500,1,805,32686,5532,self_employed,tier_2,0.1692,27154,59
b,21.96,3.165,y,p,k,v,0.0,f,t,1,t,g,280,80,0,308,27223,12024,self_employed,tier_2,0.4417,15199,13
a,19.59,0.835,u,g,q,v,1.46,t,t,1,f,g,0,0,1,798,150191,3428,self_employed,tier_2,0.0228,146763,17
b,19.88,0.165,u,g,q,n,0.28,f,f,0,f,g,200,40,1,858,55484,1312,salaried,tier_1,0.0236,54172,12
b,47.45,7.625,u,g,w,h,15.8,t,t,12,f,g,0,790,1,726,138360,8000,salaried,tier_1,0.0578,130360,204
a,18.0,7.625,u,g,q,v,0.06,f,t,1,t,g,0,160,0,590,21839,9283,salaried,tier_3,0.4251,12556,5
b,34.5,2.165,u,g,c,v,1.96,f,f,0,f,p,120,0,0,502,23923,2716,salaried,tier_3,0.1135,21207,27
b,23.94,0.625,y,p,aa,v,0.0,t,f,0,f,g,180,1,0,575,32228,3840,business,tier_3,0.1192,28388,0
b,19.14,7.0,u,g,c,v,0.74,f,f,0,f,g,0,0,0,399,30456,3682,salaried,tier_2,0.1209,26774,15
b,35.36,18.125,u,g,w,v,0.0,f,f,0,f,g,320,3552,0,394,27375,7474,salaried,tier_2,0.273,19901,14
b,29.3,1.25,u,g,w,v,1.74,f,f,0,f,g,200,0,0,471,20481,6227,self_employed,tier_3,0.304,14254,41
b,34.26,18.125,u,g,w,v,0.39,f,f,0,f,g,320,3552,0,414,27194,8626,salaried,tier_2,0.3172,18568,23
b,38.91,7.0,u,g,q,h,11.3,t,t,7,t,g,300,5,0,371,18560,6966,salaried,tier_2,0.3753,11594,140
b,26.69,12.5,u,g,aa,bb,0.0,f,f,0,t,g,720,0,0,452,29940,3360,self_employed,tier_1,0.1122,26580,0
b,36.59,4.5,u,g,x,h,5.77,f,f,0,t,s,711,0,1,776,64651,20418,salaried,tier_2,0.3158,44233,76
b,30.88,1.415,u,g,w,h,0.78,t,t,1,f,g,240,100,1,836,114529,32508,salaried,tier_1,0.2838,82021,23
b,23.73,11.5,u,g,i,v,3.8,t,t,9,f,g,56,742,1,692,96504,14697,self_employed,tier_3,0.1523,81807,53
b,27.05,1.29,u,g,k,h,0.72,f,f,0,t,s,140,0,0,492,16122,6047,salaried,tier_2,0.3751,10075,20
a,24.82,12.5,u,g,aa,v,1.06,t,t,12,t,g,120,567,1,752,78750,16503,salaried,tier_1,0.2096,62247,26
a,24.78,12.33,u,g,cc,h,3.59,t,t,6,f,g,400,458,1,732,23382,431,self_employed,tier_1,0.0184,22951,61
b,19.03,0.375,u,g,q,v,2.18,t,t,2,t,g,80,0,1,799,153860,25499,business,tier_3,0.1657,128361,29
a,26.47,2.54,y,p,aa,v,0.74,t,f,0,t,g,370,0,1,737,153904,59733,salaried,tier_2,0.3881,94171,26
a,20.01,1.25,u,g,c,v,0.44,f,f,0,f,g,0,0,0,581,17706,5512,salaried,tier_3,0.3113,12194,20
b,29.0,2.0,u,g,x,h,1.21,t,t,4,f,g,140,7544,1,708,82562,15140,self_employed,tier_2,0.1834,67422,28
a,27.09,1.04,u,g,c,v,2.52,t,t,5,t,g,300,1430,1,647,139423,40728,freelancer,tier_1,0.2921,98695,42
b,50.89,1.375,y,p,c,h,9.12,t,f,0,t,g,200,100,0,641,39383,14253,salaried,tier_1,0.3619,25130,120
a,24.41,11.0,y,p,q,v,2.88,t,f,0,t,g,268,0,0,515,18203,3314,freelancer,tier_1,0.1821,14889,40
a,38.6,6.0,u,g,k,v,1.09,t,f,0,t,g,0,0,1,726,78681,7354,business,tier_1,0.0935,71327,25
a,24.54,2.415,y,p,c,v,0.23,f,f,0,f,g,120,0,0,654,27129,6885,freelancer,tier_2,0.2538,20244,9
b,23.17,11.5,u,g,w,h,2.26,t,t,11,t,g,290,284,1,751,145266,41320,self_employed,tier_3,0.2844,103946,48
b,18.0,10.415,y,p,aa,v,0.34,t,f,0,f,g,120,375,0,566,12525,2222,salaried,tier_1,0.1774,10303,9
b,33.62,1.5,u,g,cc,h,5.43,t,t,3,t,g,0,0,1,868,67138,16193,freelancer,tier_1,0.2412,50945,73
a,21.26,11.585,u,g,cc,v,0.27,t,f,0,f,g,80,1349,1,686,169469,50824,salaried,tier_3,0.2999,118645,16
b,57.71,8.5,u,g,e,h,6.64,t,t,3,f,g,0,0,1,838,72368,1875,salaried,tier_3,0.0259,70493,96
b,28.03,1.29,u,g,k,h,0.0,f,f,0,t,s,140,0,0,485,19239,6274,salaried,tier_2,0.3261,12965,16
a,32.24,10.665,u,g,q,h,0.0,f,t,12,t,g,129,3,0,377,15409,348,self_employed,tier_3,0.0226,15061,20
b,41.27,1.335,u,g,d,v,0.56,f,f,0,f,g,168,0,0,539,16408,2735,business,tier_2,0.1667,13673,18
b,30.63,4.0,y,p,cc,v,1.08,f,f,0,t,g,120,0,0,592,17930,5487,salaried,tier_3,0.306,12443,25
b,24.37,0.875,u,g,m,v,0.39,f,t,4,f,g,254,1950,0,387,20042,850,self_employed,tier_2,0.0424,19192,19
a,28.87,6.5,u,g,c,bb,3.73,t,t,7,t,g,0,3065,1,839,35286,2042,salaried,tier_1,0.0579,33244,58
b,22.74,1.5,u,g,d,h,1.84,t,t,6,f,g,200,327,1,695,84672,22240,business,tier_2,0.2627,62432,22
b,54.54,28.0,y,p,c,v,28.92,t,t,40,f,g,0,15,1,648,99513,28852,self_employed,tier_3,0.2899,70661,352
b,45.05,8.5,u,g,cc,h,14.09,t,t,1,t,g,88,2000,1,788,34899,3471,salaried,tier_2,0.0995,31428,176
b,32.42,0.08,y,p,m,bb,0.0,t,t,1,t,g,280,2000,1,858,132888,40718,salaried,tier_3,0.3064,92170,13
b,48.63,8.5,u,g,c,h,12.28,t,t,9,f,g,181,1655,1,867,27269,1693,business,tier_3,0.0621,25576,160
b,67.15,11.0,u,g,e,z,20.42,t,t,7,t,g,22,0,1,675,138613,44374,business,tier_2,0.3201,94239,255
b,63.38,12.75,y,p,c,h,4.93,t,f,0,f,g,112,0,0,346,33596,9483,salaried,tier_1,0.2823,24113,64
b,18.0,0.085,y,p,c,v,0.13,f,f,0,f,g,140,722,0,506,33697,1505,business,tier_3,0.0447,32192,14
b,33.15,1.75,u,g,w,bb,0.21,t,f,0,t,g,163,0,0,300,33989,255,business,tier_3,0.0075,33734,25
b,44.94,0.5,u,g,m,v,10.63,t,f,0,f,s,400,0,0,596,40242,15455,salaried,tier_2,0.3841,24787,146
a,58.66,19.5,u,g,c,v,5.22,t,t,7,f,g,0,3000,1,634,157969,59729,business,tier_2,0.3781,98240,67
b,52.05,9.625,u,g,e,v,8.85,t,t,5,f,g,0,0,1,818,37924,12341,business,tier_1,0.3254,25583,123
b,21.75,10.0,y,p,c,v,2.72,t,f,0,f,s,40,0,1,720,31125,6601,salaried,tier_1,0.2121,24524,42
b,19.08,3.54,y,p,ff,ff,0.0,f,f,0,t,g,180,1,0,469,30908,10552,salaried,tier_3,0.3414,20356,20
b,22.26,11.0,u,g,cc,v,0.95,t,f,0,f,g,100,0,1,664,30110,8399,salaried,tier_1,0.2789,21711,20
a,23.58,11.75,u,g,c,v,0.6,f,f,0,t,g,180,0,0,324,11991,3856,business,tier_1,0.3216,8135,16
b,31.66,2.5,u,g,cc,h,2.67,f,f,0,t,s,340,0,0,368,35858,5487,business,tier_3,0.153,30371,38
b,24.48,11.5,u,g,i,v,3.16,t,t,9,f,g,56,742,1,656,90487,13947,self_employed,tier_3,0.1541,76540,43
b,31.0,0.75,y,p,aa,v,3.3,f,f,0,t,g,320,0,0,643,11514,1347,salaried,tier_2,0.117,10167,61
a,57.05,4.25,y,p,ff,ff,5.36,f,f,0,t,g,0,4,0,642,39189,7111,business,tier_2,0.1815,32078,72
b,19.29,0.415,y,p,c,v,0.0,f,t,1,f,g,200,1,0,538,25923,8421,freelancer,tier_3,0.3248,17502,20
a,22.87,0.585,y,p,ff,ff,0.0,f,f,0,f,g,120,87,0,340,10467,101,salaried,tier_3,0.0096,10366,11
a,18.36,0.375,l,gg,cc,ff,10.37,f,f,0,t,s,300,0,1,676,25027,2651,business,tier_2,0.1059,22376,132
a,20.7,11.75,u,g,c,v,0.08,f,f,0,t,g,180,0,0,300,10857,3724,business,tier_1,0.343,7133,13
b,18.0,0.835,u,g,m,v,0.0,t,f,0,f,s,200,0,0,377,18399,1123,freelancer,tier_2,0.061,17276,10
a,19.92,0.835,u,g,q,v,1.53,t,t,1,f,g,0,0,1,803,156183,3951,self_employed,tier_2,0.0253,152232,38
a,23.71,6.165,u,g,aa,v,0.51,f,f,0,f,g,220,1000,0,336,12204,2117,salaried,tier_2,0.1735,10087,20
a,31.66,5.29,u,g,e,dd,2.09,t,t,5,t,g,99,500,1,751,26787,9990,salaried,tier_2,0.3729,16797,29
b,51.16,10.0,u,g,i,bb,0.39,t,t,11,f,g,0,1249,1,808,47534,11544,business,tier_2,0.2429,35990,7
b,19.24,5.0,u,g,q,v,0.49,t,t,2,f,g,0,38,0,544,12954,4447,salaried,tier_1,0.3433,8507,27
b,30.74,7.5,u,g,e,bb,1.61,t,f,0,t,s,420,0,0,660,29394,1469,salaried,tier_2,0.05,27925,19
a,24.29,7.0,u,g,c,v,0.0,f,f,0,f,g,160,0,0,547,11943,413,salaried,tier_2,0.0346,11530,16
a,29.77,0.46,u,g,k,v,0.28,t,t,4,f,g,380,500,1,718,26110,2827,business,tier_3,0.1083,23283,23
b,19.95,0.415,y,p,c,v,0.29,f,t,1,f,g,200,1,0,512,21387,8968,freelancer,tier_3,0.4193,12419,8
b,25.1,0.665,u,g,c,v,0.11,f,f,0,f,g,100,0,1,686,52309,8135,business,tier_2,0.1555,44174,17
a,19.86,0.5,y,p,e,dd,1.41,f,f,0,f,g,260,0,0,407,18640,1671,self_employed,tier_2,0.0896,16969,31
b,34.29,5.25,u,g,w,v,0.08,f,f,0,t,g,290,6,1,865,47147,524,salaried,tier_2,0.0111,46623,23
b,18.0,4.0,y,p,w,v,1.76,t,t,2,t,g,120,1000,1,720,87573,3143,salaried,tier_2,0.0359,84430,42
b,35.53,4.0,u,g,c,bb,4.92,t,f,0,t,s,280,0,0,463,35091,13715,salaried,tier_1,0.3908,21376,74
a,38.06,2.5,u,g,i,h,0.5,f,f,0,f,g,260,246,0,506,20285,4638,self_employed,tier_1,0.2286,15647,13
b,24.52,0.75,u,g,i,v,1.51,f,t,1,t,g,400,9,0,713,42271,6467,business,tier_2,0.153,35804,40
b,26.95,1.29,u,g,k,h,0.02,f,f,0,t,s,140,0,0,490,15986,7461,salaried,tier_2,0.4667,8525,22
b,29.78,5.0,u,g,w,v,11.36,t,f,0,t,g,70,0,1,864,95701,21354,salaried,tier_1,0.2231,74347,137
b,25.06,11.625,y,p,w,v,0.93,t,f,0,t,g,160,300,1,775,51387,10182,salaried,tier_2,0.1981,41205,34
b,21.66,0.835,y,p,c,v,2.09,f,f,0,t,s,240,0,0,591,19812,2687,salaried,tier_2,0.1356,17125,29
b,19.6,1.25,y,p,c,h,1.49,t,t,3,t,g,140,210,0,685,10357,2137,self_employed,tier_3,0.2063,8220,30
b,32.51,3.165,y,p,x,v,3.38,t,t,3,t,g,380,0,1,846,46049,9518,salaried,tier_3,0.2067,36531,57
b,21.14,0.625,y,p,aa,v,0.0,t,f,0,f,g,180,1,0,578,33507,4931,business,tier_3,0.1472,28576,1
a,22.83,6.0,u,g,aa,v,2.03,t,t,3,f,g,80,918,1,651,63956,13412,salaried,tier_1,0.2097,50544,38
b,44.65,3.0,u,g,q,h,6.31,t,t,11,f,g,80,0,1,662,45520,5853,business,tier_1,0.1286,39667,82
a,23.2,0.75,u,g,c,v,1.63,f,t,2,t,g,200,394,0,315,34131,5780,business,tier_2,0.1693,28351,37
b,27.16,0.585,y,p,cc,v,0.47,t,t,2,f,g,260,500,1,894,103402,7776,salaried,tier_3,0.0752,95626,5
b,41.39,0.375,y,p,c,v,0.0,t,t,8,t,g,300,162,1,799,23212,592,salaried,tier_1,0.0255,22620,23
b,42.51,1.54,u,g,i,bb,3.38,f,f,0,f,g,216,0,1,836,30453,2820,salaried,tier_1,0.0926,27633,40
a,28.08,1.25,u,g,ff,ff,0.0,f,t,1,f,g,92,300,0,300,25753,441,salaried,tier_1,0.0171,25312,10
a,51.9,0.835,u,g,aa,v,0.52,f,f,0,t,g,240,117,0,411,23085,19,self_employed,tier_1,0.0008,23066,27
a,39.17,6.0,u,g,k,v,1.15,t,f,0,t,g,0,0,1,736,83583,8087,business,tier_1,0.0968,75496,30
b,29.14,1.5,u,g,w,v,1.67,t,t,11,t,g,434,35,1,872,24369,2000,salaried,tier_3,0.0821,22369,31
b,55.81,15.5,u,g,e,z,0.0,t,t,20,f,g,152,130,0,388,31983,4491,business,tier_2,0.1404,27492,23
b,34.52,4.5,u,g,aa,v,1.43,t,f,0,t,g,240,0,0,493,28137,832,freelancer,tier_2,0.0296,27305,38
b,29.79,1.04,y,p,i,bb,0.44,t,t,10,t,g,132,28,0,628,38896,10270,self_employed,tier_2,0.264,28626,20
b,23.69,11.0,u,g,cc,v,0.97,t,f,0,f,g,100,0,1,701,31758,10160,salaried,tier_1,0.3199,21598,14
b,37.27,2.0,u,g,i,v,0.68,f,f,0,t,g,221,0,0,513,18092,6256,salaried,tier_1,0.3458,11836,27
a,24.67,2.54,y,p,aa,v,0.72,t,f,0,t,g,370,0,1,770,168363,48761,salaried,tier_2,0.2896,119602,20
b,19.08,5.085,y,p,j,v,0.69,f,f,0,f,g,140,184,0,359,27282,1598,freelancer,tier_1,0.0586,25684,22
b,23.91,0.54,u,g,m,v,0.82,f,f,0,t,g,120,1,0,510,21743,9774,business,tier_3,0.4495,11969,14
b,19.34,9.5,u,g,w,v,1.96,t,f,0,f,g,120,2206,1,741,105777,32934,business,tier_3,0.3114,72843,30
a,18.0,10.21,u,g,ff,ff,0.31,f,f,0,f,g,0,50,0,656,12258,1360,salaried,tier_3,0.1109,10898,5
b,28.13,14.79,u,g,aa,v,5.38,t,t,5,t,g,168,0,1,683,39278,3490,self_employed,tier_2,0.0889,35788,77
b,27.53,12.5,u,g,aa,bb,0.0,f,f,0,t,g,720,0,0,440,26602,4001,self_employed,tier_1,0.1504,22601,2
b,20.76,0.83,u,g,c,h,2.62,f,f,0,t,g,128,0,1,861,50510,19439,business,tier_1,0.3849,31071,47
b,18.0,0.0,y,p,aa,v,0.53,f,f,0,f,g,60,0,0,300,44553,7590,salaried,tier_3,0.1704,36963,23
b,37.44,1.75,y,p,c,bb,0.52,t,f,0,t,g,164,400,0,632,29190,9935,self_employed,tier_2,0.3404,19255,28
b,34.8,4.04,y,p,i,bb,8.08,t,t,7,t,g,195,0,1,770,34810,9447,salaried,tier_1,0.2714,25363,102
b,25.34,2.0,u,g,d,v,0.48,f,f,0,t,g,80,0,0,615,34845,13089,salaried,tier_3,0.3756,21756,17
b,32.47,3.165,y,p,x,v,3.63,t,t,3,t,g,380,0,1,812,46672,10373,salaried,tier_3,0.2223,36299,53
a,45.64,4.0,u,g,j,j,0.0,t,f,0,f,g,100,960,1,787,142102,21812,business,tier_1,0.1535,120290,21
a,20.4,5.415,u,g,i,h,0.19,f,f,0,f,g,80,484,0,544,20403,4523,salaried,tier_2,0.2217,15880,2
b,31.66,2.71,y,p,m,v,0.46,f,f,0,t,s,80,0,0,654,23370,3273,freelancer,tier_2,0.1401,20097,6
a,46.31,8.0,u,g,e,bb,6.09,t,t,6,f,g,375,51100,1,644,24706,6065,self_employed,tier_2,0.2455,18641,73
b,33.63,3.04,y,p,c,h,1.96,t,t,1,t,g,180,18027,1,891,52569,1893,business,tier_1,0.036,50676,25
b,25.3,13.0,u,g,e,dd,0.0,f,f,0,t,g,140,1110,0,526,35946,10708,salaried,tier_2,0.2979,25238,18
b,39.7,7.0,u,g,q,h,11.35,t,t,7,t,g,300,5,0,402,17926,6036,salaried,tier_2,0.3367,11890,146
b,23.89,2.335,u,g,k,v,0.56,f,f,0,f,g,180,0,0,584,32146,10969,freelancer,tier_2,0.3412,21177,24
a,37.0,4.71,u,g,ff,ff,0.0,f,f,0,f,g,160,0,0,437,19981,7696,salaried,tier_3,0.3852,12285,16
a,53.63,15.0,u,g,c,v,5.17,t,t,14,f,g,0,2200,1,835,77840,1368,salaried,tier_3,0.0176,76472,78
b,27.88,4.25,u,g,cc,v,4.43,t,t,1,t,g,120,0,1,743,36775,501,salaried,tier_2,0.0136,36274,60
b,20.88,11.045,u,g,c,v,2.42,f,f,0,t,g,136,0,0,418,26636,8713,salaried,tier_3,0.3271,17923,35
a,61.72,5.0,u,g,aa,v,4.01,t,t,4,f,g,0,99,1,874,39680,997,freelancer,tier_2,0.0251,38683,66
b,25.91,0.875,u,g,m,v,0.0,f,t,4,f,g,254,1950,0,399,16015,1106,self_employed,tier_2,0.0691,14909,22
b,29.56,3.5,u,g,w,v,3.16,t,t,3,t,g,329,0,0,494,43296,13707,salaried,tier_3,0.3166,29589,49
b,49.3,8.5,u,g,c,h,12.83,t,t,9,f,g,181,1655,1,899,23236,1310,business,tier_3,0.0564,21926,170
a,30.07,1.04,u,g,c,v,2.97,t,t,5,t,g,300,1430,1,701,169511,45013,freelancer,tier_1,0.2655,124498,45
b,34.18,1.75,u,g,x,h,4.35,t,t,4,t,g,253,857,1,690,106598,5839,salaried,tier_2,0.0548,100759,52
b,32.35,15.5,u,g,c,v,0.29,t,f,0,f,g,120,0,0,573,26903,2052,self_employed,tier_2,0.0763,24851,16
b,50.36,0.04,u,g,x,h,0.14,t,f,0,f,g,0,3000,1,798,32050,770,business,tier_1,0.024,31280,16
b,26.16,14.585,u,g,i,bb,0.28,f,f,0,t,g,178,0,0,353,24572,3031,self_employed,tier_2,0.1234,21541,17
b,22.17,1.79,u,g,c,v,0.5,f,f,0,t,g,136,1,0,693,31060,4766,business,tier_1,0.1534,26294,8
b,29.19,3.5,u,g,w,v,3.63,t,t,3,t,g,329,0,0,511,43239,12472,salaried,tier_3,0.2884,30767,53
b,18.0,4.46,u,g,c,v,0.47,f,f,0,f,s,80,0,0,466,26435,8920,business,tier_1,0.3374,17515,12
a,27.32,2.085,u,g,c,h,3.21,t,f,0,t,g,360,1,0,303,28467,3332,salaried,tier_3,0.117,25135,58
b,39.02,3.335,u,g,w,v,3.67,t,t,14,f,g,383,1344,1,725,167559,34176,salaried,tier_3,0.204,133383,59
b,43.15,9.79,u,g,x,h,8.46,t,t,8,f,g,0,0,1,799,32588,2583,business,tier_1,0.0793,30005,121
b,24.51,3.0,u,g,c,v,1.14,f,t,1,f,g,0,22,0,470,43873,5737,self_employed,tier_2,0.1308,38136,17
b,55.91,9.415,u,g,ff,ff,14.64,t,t,11,t,g,30,300,1,706,75412,15844,business,tier_1,0.2101,59568,176
a,38.21,5.5,u,g,q,v,0.2,t,f,0,t,g,228,0,1,673,74140,20991,salaried,tier_2,0.2831,53149,22
b,40.62,0.5,u,g,m,v,0.24,t,f,0,f,s,288,0,0,364,11331,468,salaried,tier_1,0.0413,10863,25
b,27.85,9.335,u,g,q,h,5.86,t,t,6,f,g,381,168,1,865,25607,5664,business,tier_3,0.2212,19943,73
b,18.0,4.085,u,g,i,h,0.31,f,f,0,t,g,120,0,0,304,26724,3202,self_employed,tier_2,0.1198,23522,17
a,27.87,1.665,u,g,ff,ff,0.0,f,f,0,f,g,340,1,0,521,24331,1236,business,tier_1,0.0508,23095,0
a,23.36,11.75,u,g,x,h,0.49,t,t,2,t,g,300,551,1,710,155814,13498,business,tier_3,0.0866,142316,13
b,57.58,11.5,u,g,ff,ff,5.02,t,t,5,f,g,0,8851,1,736,79484,22488,salaried,tier_1,0.2829,56996,80
b,32.67,3.085,u,g,c,v,2.2,f,t,2,t,g,160,41,0,325,26583,1965,salaried,tier_2,0.0739,24618,42
b,28.8,2.25,u,g,i,bb,0.94,f,f,0,t,g,640,4000,0,367,25967,9189,self_employed,tier_2,0.3539,16778,15
b,28.34,13.75,u,g,w,v,5.48,t,f,0,t,g,487,500,1,713,55396,15173,salaried,tier_2,0.2739,40223,86
b,33.81,4.46,u,g,cc,h,5.95,t,t,3,f,g,311,300,1,842,98747,21216,self_employed,tier_2,0.2149,77531,71
a,24.58,5.875,u,g,q,v,2.82,t,t,10,f,g,120,245,1,771,46436,7450,salaried,tier_2,0.1604,38986,44
b,23.16,0.875,u,g,m,v,0.12,f,t,4,f,g,254,1950,0,413,16605,882,self_employed,tier_2,0.0531,15723,23
b,41.71,0.205,u,g,i,h,4.93,t,f,0,f,g,400,0,1,638,24872,1001,salaried,tier_2,0.0402,23871,59
b,22.03,2.5,u,g,ff,ff,0.07,f,f,0,t,g,100,4208,0,579,13392,120,salaried,tier_3,0.009,13272,22
b,23.19,3.5,u,g,cc,v,0.35,t,t,7,f,g,0,7059,1,680,33722,8911,salaried,tier_2,0.2642,24811,17
b,19.0,9.96,u,g,e,dd,0.0,t,f,0,f,g,0,0,1,691,37622,3605,freelancer,tier_1,0.0958,34017,11
a,18.69,1.835,u,g,q,v,2.36,t,t,5,f,g,220,2503,1,860,43952,3801,business,tier_1,0.0865,40151,36
b,18.0,3.125,u,g,w,v,0.23,f,t,1,f,g,0,6,0,435,39712,1615,salaried,tier_2,0.0407,38097,7
b,22.37,0.165,u,g,c,j,2.09,f,f,0,t,s,0,0,1,754,114750,94,business,tier_2,0.0008,114656,34
b,41.0,0.96,u,g,x,v,2.05,t,f,0,f,g,510,600,1,746,108113,6317,salaried,tier_1,0.0584,101796,40
b,24.97,0.585,y,p,cc,h,0.49,f,f,0,f,g,240,1,0,525,16436,7092,freelancer,tier_3,0.4315,9344,7
b,32.91,0.75,y,p,aa,v,3.17,f,f,0,t,g,320,0,0,617,12005,1151,salaried,tier_2,0.0959,10854,47
a,35.57,0.375,u,g,cc,v,0.81,f,f,0,f,g,300,44,1,646,92008,10044,salaried,tier_2,0.1092,81964,21
b,40.49,0.54,y,p,aa,v,0.48,t,t,3,f,g,200,1000,1,738,48643,1601,business,tier_3,0.0329,47042,13
b,38.93,6.0,u,g,m,v,1.13,t,t,5,t,g,108,1097,1,726,162603,16387,salaried,tier_2,0.1008,146216,13
a,37.8,5.0,u,g,cc,v,13.74,t,f,0,t,g,980,0,0,535,19464,883,salaried,tier_2,0.0454,18581,173
b,40.89,0.205,u,g,i,h,5.5,t,f,0,f,g,400,0,1,638,22960,877,salaried,tier_2,0.0382,22083,82
a,44.85,4.0,u,g,j,j,0.0,t,f,0,f,g,100,960,1,776,169000,22171,business,tier_1,0.1312,146829,14
b,27.89,5.04,y,p,c,bb,1.41,t,t,8,t,g,144,7,1,879,35971,13275,self_employed,tier_3,0.369,22696,31
b,25.05,0.0,u,g,k,v,0.93,f,t,11,f,s,0,0,0,525,17351,5514,business,tier_1,0.3178,11837,17
a,21.5,9.0,u,g,q,v,8.92,t,t,5,t,g,120,0,1,701,35020,964,salaried,tier_1,0.0275,34056,130
b,18.0,5.5,u,g,k,v,0.69,t,f,0,f,g,80,0,1,806,154728,29325,self_employed,tier_3,0.1895,125403,22
b,36.17,2.04,u,g,w,v,0.0,t,f,0,t,g,400,5800,1,873,76347,4163,self_employed,tier_2,0.0545,72184,17
b,20.04,4.0,y,p,i,v,0.68,f,f,0,t,g,360,1000,0,493,17926,4884,salaried,tier_2,0.2725,13042,19
b,51.24,3.0,y,p,ff,ff,1.23,f,f,0,f,g,180,4,0,323,40059,10500,self_employed,tier_1,0.2621,29559,14
a,19.91,1.25,u,g,c,v,0.0,f,f,0,f,g,0,0,0,589,16252,4960,salaried,tier_3,0.3052,11292,20
b,18.0,2.0,u,g,i,v,1.23,t,t,2,f,g,120,300,1,835,82036,20062,business,tier_1,0.2446,61974,18
b,33.29,2.165,u,g,c,v,1.66,f,f,0,f,p,120,0,0,509,25313,3060,salaried,tier_3,0.1209,22253,41
a,50.91,7.0,u,g,aa,h,2.62,f,f,0,f,g,0,0,0,558,10671,2492,salaried,tier_2,0.2335,8179,45
b,23.21,0.0,u,g,k,v,0.89,f,t,11,f,s,0,0,0,544,19437,4560,business,tier_1,0.2346,14877,13
b,18.39,11.045,u,g,c,v,2.13,f,f,0,t,g,136,0,0,385,33891,7004,salaried,tier_3,0.2067,26887,33
a,39.74,5.0,u,g,cc,v,13.29,t,f,0,t,g,980,0,0,527,20415,980,salaried,tier_2,0.048,19435,174
a,33.35,4.625,u,g,q,h,1.19,t,t,2,f,g,0,0,1,806,48035,13770,salaried,tier_3,0.2867,34265,26
b,32.98,4.0,u,g,m,v,2.08,t,f,0,t,g,360,0,1,740,44532,5195,salaried,tier_3,0.1167,39337,25
b,59.75,14.5,u,g,ff,ff,17.63,t,t,15,t,g,0,1000,1,795,25137,5861,self_employed,tier_3,0.2332,19276,222
b,21.45,0.54,y,p,x,v,0.38,t,t,1,t,g,840,59,1,709,22094,3761,business,tier_3,0.1702,18333,22
a,19.22,8.5,u,g,c,v,0.32,f,f,0,f,g,0,351,0,659,28254,3282,salaried,tier_2,0.1162,24972,8
b,34.1,5.085,y,p,i,bb,0.65,f,f,0,t,g,480,0,0,364,10860,2900,self_employed,tier_2,0.267,7960,30
b,34.14,6.5,u,g,aa,v,0.02,t,f,0,t,g,443,0,0,692,11109,4510,salaried,tier_1,0.406,6599,20
a,21.12,2.335,u,g,i,bb,0.28,t,t,4,f,s,80,0,1,791,34019,9906,self_employed,tier_3,0.2912,24113,16
b,43.79,1.25,u,g,m,v,13.95,f,t,1,t,g,352,112,0,703,24123,6431,business,tier_1,0.2666,17692,188
b,52.08,0.585,u,g,ff,ff,0.02,f,f,0,f,g,145,0,0,367,13060,1600,business,tier_2,0.1225,11460,10
b,22.25,1.5,u,g,w,v,1.48,f,f,0,f,g,150,8,1,800,98689,1518,salaried,tier_2,0.0154,97171,20
b,21.66,2.5,u,g,ff,ff,0.0,f,f,0,t,g,100,4208,0,613,10814,105,salaried,tier_3,0.0097,10709,4
b,20.91,1.835,u,g,c,v,1.89,t,t,1,f,g,100,150,1,835,46508,23357,self_employed,tier_1,0.5022,23151,42
b,20.49,12.125,u,g,c,v,3.58,f,t,2,t,g,180,173,0,482,40109,7195,self_employed,tier_1,0.1794,32914,64
a,23.7,1.25,u,g,q,v,0.63,f,f,0,t,g,120,809,0,622,16096,3588,salaried,tier_2,0.2229,12508,28
a,43.86,0.0,u,g,c,v,2.94,t,f,0,f,g,0,0,1,659,155024,50795,salaried,tier_2,0.3277,104229,36
b,19.28,5.085,y,p,j,v,0.0,f,f,0,f,g,140,184,0,327,25493,1610,freelancer,tier_1,0.0632,23883,13
b,35.12,2.165,u,g,c,v,1.74,f,f,0,f,p,120,0,0,467,26610,3350,salaried,tier_3,0.1259,23260,32
a,69.96,6.0,u,g,ff,ff,0.23,f,f,0,f,s,0,0,0,526,33939,5628,self_employed,tier_3,0.1658,28311,22
b,38.0,3.335,u,g,w,v,4.45,t,t,14,f,g,383,1344,1,738,168551,29765,salaried,tier_3,0.1766,138786,67
b,70.0,17.75,u,g,ff,ff,0.0,t,f,0,t,g,0,0,1,713,113382,16215,self_employed,tier_1,0.143,97167,23
a,41.73,1.04,u,g,aa,v,0.91,f,f,0,f,g,240,237,0,359,27702,8256,business,tier_3,0.298,19446,18
b,31.52,3.5,u,g,c,v,0.0,f,f,0,f,g,216,0,0,613,35578,5478,salaried,tier_2,0.154,30100,21
b,19.22,0.415,y,p,c,v,0.3,f,t,1,f,g,200,1,0,523,23517,9738,freelancer,tier_3,0.4141,13779,24
a,58.97,0.335,u,g,i,bb,0.85,t,f,0,t,g,252,2197,0,438,20133,7010,salaried,tier_2,0.3482,13123,10
b,29.3,1.585,u,g,d,v,0.85,f,f,0,t,s,0,0,0,369,45664,2305,self_employed,tier_1,0.0505,43359,19
a,19.19,9.0,u,g,aa,v,1.11,t,t,2,f,g,88,591,1,883,27694,1561,self_employed,tier_3,0.0564,26133,23
b,24.44,12.625,u,g,c,v,0.0,f,t,2,f,g,0,5552,0,300,10596,3799,self_employed,tier_3,0.3585,6797,9
b,44.43,0.5,u,g,i,h,5.03,t,f,0,t,g,320,0,1,714,113422,7739,self_employed,tier_1,0.0682,105683,81
b,32.11,2.75,u,g,i,bb,0.0,f,f,0,f,g,180,0,0,339,39080,7970,salaried,tier_1,0.2039,31110,14
a,34.08,0.75,u,g,k,bb,0.92,t,t,3,t,g,212,0,0,416,34111,8511,salaried,tier_2,0.2495,25600,24
a,18.7,10.0,u,g,w,v,0.86,f,t,1,f,g,120,1,0,300,11792,3347,salaried,tier_1,0.2838,8445,28
b,34.66,2.75,u,g,i,bb,0.0,f,f,0,f,g,180,0,0,311,34552,7409,salaried,tier_1,0.2144,27143,2
b,35.87,2.5,y,p,w,v,3.39,f,f,0,f,s,200,0,0,351,40526,11959,business,tier_3,0.2951,28567,43
b,26.83,0.5,u,g,c,v,1.11,t,t,5,t,g,312,0,1,836,71367,7537,business,tier_1,0.1056,63830,36
a,26.07,1.125,u,g,q,v,1.43,t,t,2,f,g,200,0,0,542,39681,8776,freelancer,tier_1,0.2212,30905,40
a,19.53,1.835,u,g,q,v,2.48,t,t,5,f,g,220,2503,1,857,51697,3954,business,tier_1,0.0765,47743,34
a,28.2,1.665,u,g,q,v,2.83,t,f,0,t,g,440,0,0,514,33319,821,salaried,tier_2,0.0246,32498,42
b,28.77,2.0,u,g,x,h,1.29,t,t,4,f,g,140,7544,1,724,78642,13891,self_employed,tier_2,0.1766,64751,15
b,21.98,9.25,u,g,c,v,1.34,t,t,3,t,g,40,28,1,709,24505,10097,business,tier_2,0.412,14408,38
a,18.0,1.25,u,g,q,v,0.57,f,t,1,f,g,108,98,0,593,13149,2986,salaried,tier_2,0.2271,10163,10
a,58.81,4.46,u,g,q,h,2.82,t,t,6,f,g,43,560,1,851,28041,5471,self_employed,tier_3,0.1951,22570,42
b,33.5,1.75,u,g,w,bb,0.67,t,f,0,t,g,163,0,0,333,26577,246,business,tier_3,0.0093,26331,26
b,18.0,2.75,u,g,aa,v,0.87,f,t,1,f,g,80,21,0,530,30287,3168,business,tier_2,0.1046,27119,23
a,38.27,6.0,u,g,k,v,1.29,t,f,0,t,g,0,0,1,744,70151,6967,business,tier_1,0.0993,63184,36
a,52.92,7.0,u,g,aa,h,2.59,f,f,0,f,g,0,0,0,507,10369,1877,salaried,tier_2,0.181,8492,48
b,43.21,1.5,u,g,c,v,2.58,t,f,0,t,g,140,0,0,419,18910,5262,salaried,tier_2,0.2783,13648,41
b,34.29,3.04,y,p,c,h,2.36,t,t,1,t,g,180,18027,1,877,55441,1752,business,tier_1,0.0316,53689,30
a,23.78,11.0,y,p,q,v,3.36,t,f,0,t,g,268,0,0,517,16179,2863,freelancer,tier_1,0.177,13316,41
b,38.53,2.0,u,g,i,v,0.0,f,f,0,t,g,221,0,0,549,19687,6202,salaried,tier_1,0.315,13485,6
b,25.72,1.5,y,p,w,v,0.81,t,f,0,t,g,260,1065,1,704,165902,20492,business,tier_2,0.1235,145410,10
b,34.55,2.75,u,g,i,bb,2.04,f,f,0,t,g,232,200,0,395,28107,9379,salaried,tier_3,0.3337,18728,33
a,28.29,3.75,u,g,c,v,0.36,f,t,1,t,g,40,154,0,546,16732,7430,self_employed,tier_1,0.4441,9302,27
a,45.42,3.0,u,g,c,v,2.57,t,t,8,t,g,396,4159,1,864,56059,18468,salaried,tier_1,0.3294,37591,50
b,24.43,0.875,u,g,q,v,4.23,t,t,2,t,g,520,2000,1,788,141929,12840,salaried,tier_1,0.0905,129089,57
b,33.21,4.0,y,p,cc,v,1.05,f,f,0,t,g,120,0,0,603,18282,6595,salaried,tier_3,0.3607,11687,20
a,38.42,7.54,y,p,q,h,8.28,t,t,14,f,g,0,2300,1,775,129772,34245,salaried,tier_2,0.2639,95527,102
b,30.55,9.335,u,g,q,h,5.55,t,t,6,f,g,381,168,1,891,21579,6735,business,tier_3,0.3121,14844,77
a,23.66,5.665,u,g,q,v,2.19,t,t,7,f,g,129,3257,1,847,79958,14847,salaried,tier_2,0.1857,65111,40
a,23.67,7.0,u,g,c,v,0.43,f,f,0,f,g,160,0,0,556,11800,528,salaried,tier_2,0.0447,11272,8
a,29.79,3.75,u,g,c,v,1.43,t,t,1,t,g,371,0,1,738,69516,135,business,tier_3,0.0019,69381,38
b,38.23,0.21,u,g,k,v,0.17,t,f,0,t,g,280,0,1,857,22678,6696,salaried,tier_1,0.2953,15982,24
b,20.18,9.5,u,g,w,v,1.16,t,f,0,f,g,120,2206,1,712,105098,32632,business,tier_3,0.3105,72466,33
b,28.47,0.375,u,g,c,v,0.0,f,f,0,f,g,220,140,0,501,10201,1029,self_employed,tier_1,0.1009,9172,4
b,20.59,0.0,y,p,ff,ff,0.2,f,t,4,f,g,45,1,0,609,19651,1349,salaried,tier_2,0.0686,18302,14
b,19.96,1.5,u,g,w,v,1.55,f,f,0,f,g,150,8,1,798,87377,1376,salaried,tier_2,0.0157,86001,18
b,20.25,10.085,y,p,e,h,1.4,f,f,0,f,g,260,0,0,634,36297,11750,salaried,tier_3,0.3237,24547,33
b,22.29,11.46,u,g,k,v,1.9,f,f,0,t,g,100,1212,0,345,11590,3399,salaried,tier_2,0.2933,8191,35
b,30.11,0.0,u,g,w,v,1.18,t,t,1,f,g,202,0,1,755,24886,8617,self_employed,tier_1,0.3463,16269,35
b,39.28,13.915,u,g,w,v,8.25,t,t,6,t,g,70,0,1,837,95649,13725,salaried,tier_2,0.1435,81924,112
b,18.64,5.0,u,g,q,v,0.81,t,t,2,f,g,0,38,0,577,11354,4953,salaried,tier_1,0.4362,6401,11
b,20.01,5.71,u,g,d,v,0.59,f,f,0,f,g,120,0,0,354,28479,1441,self_employed,tier_3,0.0506,27038,26
b,27.34,1.665,u,g,cc,h,5.2,t,t,9,f,g,399,827,1,774,26061,5695,self_employed,tier_3,0.2185,20366,62
a,18.37,9.0,u,g,aa,v,1.18,t,t,2,f,g,88,591,1,866,21425,1809,self_employed,tier_3,0.0844,19616,30
b,18.0,2.0,u,g,i,v,1.93,t,t,2,f,g,120,300,1,868,73428,20223,business,tier_1,0.2754,53205,27
a,38.21,5.0,u,g,cc,v,13.57,t,f,0,t,g,980,0,0,503,20025,875,salaried,tier_2,0.0437,19150,184
b,34.56,4.04,y,p,i,bb,8.3,t,t,7,t,g,195,0,1,782,32915,8858,salaried,tier_1,0.2691,24057,110
b,18.0,0.835,u,g,m,v,0.58,t,f,0,f,s,200,0,0,372,15810,1335,freelancer,tier_2,0.0844,14475,6
b,45.81,6.5,u,g,c,v,1.18,f,f,0,t,g,0,228,0,585,19395,4323,salaried,tier_1,0.2229,15072,26
a,23.39,1.04,y,p,ff,ff,0.41,t,t,3,f,g,180,147,0,311,18572,724,business,tier_3,0.039,17848,25
b,42.35,4.625,u,g,q,v,4.64,t,f,0,f,s,0,0,1,900,76582,5412,salaried,tier_1,0.0707,71170,67
b,28.36,15.0,u,g,c,h,5.25,t,t,11,f,g,0,2283,1,857,64955,25986,salaried,tier_3,0.4001,38969,66
b,21.9,11.0,u,g,w,v,2.39,t,t,1,f,g,80,278,1,718,22303,1008,freelancer,tier_1,0.0452,21295,51
b,49.25,3.75,u,g,i,bb,0.98,f,f,0,f,g,100,2,0,308,18661,1980,salaried,tier_1,0.1061,16681,26
b,22.55,12.625,u,g,c,v,0.45,f,t,2,f,g,0,5552,0,300,10948,4181,self_employed,tier_3,0.3819,6767,12
a,18.93,9.0,u,g,aa,v,1.09,t,t,2,f,g,88,591,1,839,25030,1848,self_employed,tier_3,0.0738,23182,25
b,59.08,2.71,u,g,c,v,2.74,f,f,0,t,g,320,0,0,466,40538,15869,freelancer,tier_3,0.3915,24669,39
b,39.85,0.835,u,g,ff,ff,0.22,t,f,0,f,g,130,1,0,642,11220,1678,business,tier_1,0.1496,9542,19
b,31.45,2.71,y,p,m,v,0.48,f,f,0,t,s,80,0,0,631,28363,2606,freelancer,tier_2,0.0919,25757,28
b,24.77,1.25,u,g,c,v,0.14,f,f,0,f,g,110,0,0,460,44109,8272,self_employed,tier_3,0.1875,35837,6
a,21.29,6.0,u,g,aa,v,2.11,t,t,3,f,g,80,918,1,662,80003,13527,salaried,tier_1,0.1691,66476,39
b,18.0,3.125,u,g,w,v,0.43,f,t,1,f,g,0,6,0,433,34935,1451,salaried,tier_2,0.0415,33484,17
b,31.39,3.0,u,g,d,v,0.16,f,f,0,t,g,120,0,0,600,15873,8149,freelancer,tier_3,0.5134,7724,18
a,36.7,3.75,u,g,ff,ff,0.0,f,t,6,f,g,0,200,0,330,29935,9681,salaried,tier_3,0.3234,20254,10
b,39.41,1.71,u,g,x,v,0.0,t,t,5,t,g,480,0,1,738,22455,6852,self_employed,tier_3,0.3051,15603,22
b,33.61,3.165,y,p,x,v,2.82,t,t,3,t,g,380,0,1,831,57173,10033,salaried,tier_3,0.1755,47140,33
b,43.08,1.75,u,g,k,v,0.46,t,f,0,f,g,160,0,0,425,10770,3111,salaried,tier_3,0.2889,7659,8
b,39.44,10.125,u,g,x,v,2.71,t,t,6,f,g,520,196,1,900,34868,5642,salaried,tier_1,0.1618,29226,52
b,28.08,13.75,u,g,w,v,5.45,t,f,0,t,g,487,500,1,747,47961,11115,salaried,tier_2,0.2318,36846,77
b,27.68,14.585,u,g,i,bb,0.35,f,f,0,t,g,178,0,0,396,26045,3392,self_employed,tier_2,0.1302,22653,16
b,22.06,11.0,u,g,w,v,1.78,t,t,1,f,g,80,278,1,693,22217,1341,freelancer,tier_1,0.0604,20876,30
b,23.27,2.5,u,g,c,v,1.38,t,t,11,t,g,60,2184,1,900,24477,3893,self_employed,tier_3,0.159,20584,33
a,19.0,10.335,u,g,cc,h,0.32,t,t,1,t,g,80,50,1,847,32634,10290,business,tier_1,0.3153,22344,12
b,18.0,6.5,u,g,i,v,0.36,f,f,0,f,g,60,100,0,575,20093,837,freelancer,tier_3,0.0417,19256,22
a,24.74,0.79,y,p,q,v,1.38,t,t,2,t,g,80,400,1,647,129326,13889,self_employed,tier_2,0.1074,115437,35
b,39.16,2.25,y,p,x,h,9.85,t,f,0,t,g,176,0,0,649,33723,8144,self_employed,tier_1,0.2415,25579,132
b,21.93,12.625,u,g,c,v,0.47,f,t,2,f,g,0,5552,0,306,13198,4570,self_employed,tier_3,0.3463,8628,22
b,33.26,4.0,u,g,m,v,2.04,t,f,0,t,g,360,0,1,695,46963,5504,salaried,tier_3,0.1172,41459,45
a,56.33,10.0,u,g,q,v,4.47,t,t,14,f,g,0,1602,1,758,108678,20803,self_employed,tier_3,0.1914,87875,71
a,27.8,1.04,u,g,c,v,2.65,t,t,5,t,g,300,1430,1,701,128904,49488,freelancer,tier_1,0.3839,79416,44
b,56.92,18.5,u,g,d,bb,14.93,t,t,17,t,g,0,0,1,768,171008,10707,business,tier_1,0.0626,160301,200
b,39.55,1.625,u,g,c,v,1.63,t,t,10,f,g,186,4700,1,845,35279,6439,self_employed,tier_3,0.1825,28840,32
a,45.28,6.665,u,g,q,v,7.0,t,t,3,t,g,0,0,1,717,23524,7810,business,tier_3,0.332,15714,103
b,48.77,26.335,y,p,ff,ff,0.01,t,f,0,t,g,0,0,0,668,23969,5841,salaried,tier_1,0.2437,18128,10
b,26.71,14.585,u,g,i,bb,0.49,f,f,0,t,g,178,0,0,361,21748,3821,self_employed,tier_2,0.1757,17927,18
a,18.73,11.0,u,g,x,h,0.74,t,t,11,f,g,0,3000,1,740,114680,21344,salaried,tier_3,0.1861,93336,25
b,21.99,0.79,u,g,w,v,0.51,f,t,1,f,g,420,283,0,641,21544,7614,salaried,tier_2,0.3534,13930,10
a,38.18,5.5,u,g,q,v,0.06,t,f,0,t,g,228,0,1,714,78485,22108,salaried,tier_2,0.2817,56377,21
a,22.84,2.335,u,g,i,bb,0.65,t,t,4,f,s,80,0,1,768,34398,7707,self_employed,tier_3,0.2241,26691,14
b,18.61,1.75,y,p,c,v,2.04,f,f,0,t,g,112,6,0,393,45386,1088,freelancer,tier_3,0.024,44298,33
b,43.87,0.5,u,g,i,h,4.97,t,f,0,t,g,320,0,1,717,92379,7379,self_employed,tier_1,0.0799,85000,74
b,19.18,0.875,y,p,c,h,0.73,f,f,0,f,g,280,204,0,683,40385,13034,salaried,tier_2,0.3227,27351,23
b,21.7,1.5,u,g,w,v,1.2,f,f,0,f,g,150,8,1,807,99470,1242,salaried,tier_2,0.0125,98228,14
a,27.62,0.46,u,g,k,v,0.68,t,t,4,f,g,380,500,1,730,26521,3527,business,tier_3,0.133,22994,13
a,57.6,2.0,u,g,ff,ff,6.58,f,t,1,f,g,0,10,0,567,10444,1950,salaried,tier_2,0.1867,8494,87
a,20.97,0.75,u,g,c,v,0.86,t,t,5,t,g,140,5,0,671,36325,11767,self_employed,tier_3,0.3239,24558,29
a,58.62,21.0,u,g,i,bb,10.12,t,t,13,f,g,0,6700,1,703,91436,83,self_employed,tier_3,0.0009,91353,123
b,19.08,11.045,u,g,c,v,2.0,f,f,0,t,g,136,0,0,416,32143,6453,salaried,tier_3,0.2008,25690,26
a,31.14,5.29,u,g,e,dd,1.77,t,t,5,t,g,99,500,1,758,22668,10525,salaried,tier_2,0.4643,12143,43
b,26.33,0.625,u,g,aa,v,0.86,t,f,0,t,g,200,0,0,402,12264,2774,salaried,tier_3,0.2262,9490,19
b,22.26,10.5,u,g,c,v,3.33,t,f,0,t,g,0,0,1,836,68592,19187,freelancer,tier_2,0.2797,49405,51
a,52.61,0.0,y,p,ff,ff,0.0,f,f,0,f,g,0,0,0,329,13301,1202,salaried,tier_1,0.0904,12099,1
b,25.01,13.0,u,g,e,dd,0.0,f,f,0,t,g,140,1110,0,518,45306,14604,salaried,tier_2,0.3223,30702,13
b,42.79,4.04,u,g,cc,h,7.27,t,t,8,f,g,320,0,1,801,25138,10028,salaried,tier_2,0.3989,15110,94
b,34.97,0.42,y,p,w,v,0.77,f,f,0,t,g,309,2,0,617,11468,1971,business,tier_3,0.1719,9497,22
b,18.29,4.085,u,g,i,h,0.87,f,f,0,t,g,120,0,0,303,23005,2836,self_employed,tier_2,0.1233,20169,31
b,21.78,0.415,y,p,c,v,0.44,f,t,2,f,g,128,6,0,495,34597,3421,freelancer,tier_2,0.0989,31176,20
a,24.05,0.875,u,g,x,h,0.7,t,f,0,t,g,160,5860,1,900,69791,24189,self_employed,tier_1,0.3466,45602,23
b,19.97,0.0,u,g,c,v,0.91,f,f,0,t,s,0,0,0,370,12555,599,self_employed,tier_3,0.0477,11956,16
a,26.23,0.375,u,g,q,v,0.96,t,t,4,f,g,80,0,1,726,101008,14046,salaried,tier_1,0.1391,86962,34
a,57.43,16.0,u,g,j,ff,0.0,t,t,15,f,g,0,247,1,771,169981,7994,salaried,tier_1,0.047,161987,18
b,22.85,11.46,u,g,k,v,1.48,f,f,0,t,g,100,1212,0,349,11626,3342,salaried,tier_2,0.2875,8284,27
a,29.84,1.04,u,g,c,v,2.46,t,t,5,t,g,300,1430,1,698,158723,42601,freelancer,tier_1,0.2684,116122,33
b,21.2,2.25,u,g,i,v,0.28,f,f,0,f,g,160,10,0,420,11961,4556,salaried,tier_2,0.3809,7405,13
b,21.95,12.125,u,g,c,v,3.1,f,t,2,t,g,180,173,0,472,40150,5950,self_employed,tier_1,0.1482,34200,44
a,25.64,0.875,u,g,x,h,0.56,t,f,0,t,g,160,5860,1,877,69774,27203,self_employed,tier_1,0.3899,42571,24
b,27.18,12.5,u,g,aa,bb,0.0,f,f,0,t,g,720,0,0,434,29594,3515,self_employed,tier_1,0.1188,26079,19
a,21.62,3.0,u,g,aa,v,0.0,t,f,0,f,g,100,0,1,873,99123,10104,salaried,tier_1,0.1019,89019,1
b,34.79,1.75,u,g,w,bb,0.03,t,f,0,t,g,163,0,0,321,31859,178,business,tier_3,0.0056,31681,23
b,26.04,3.25,y,p,q,h,5.35,f,t,2,t,g,369,1,0,454,33965,2466,salaried,tier_2,0.0726,31499,77
a,25.62,1.75,y,p,c,v,0.0,f,f,0,f,g,132,0,0,588,28463,9510,freelancer,tier_2,0.3341,18953,19
b,36.13,3.165,u,g,x,h,4.17,t,f,0,t,g,680,0,0,376,21566,5470,salaried,tier_3,0.2536,16096,51
b,32.45,0.04,y,p,m,v,0.44,f,f,0,f,g,0,0,0,478,29966,2791,salaried,tier_2,0.0931,27175,10
b,42.87,0.5,u,g,m,v,11.16,t,f,0,f,s,400,0,0,580,40533,12877,salaried,tier_2,0.3177,27656,140
a,18.0,0.335,u,g,ff,ff,0.24,f,t,1,f,g,160,126,0,690,10806,4528,salaried,tier_2,0.419,6278,3
b,20.24,0.835,y,p,c,v,1.61,f,f,0,t,s,240,0,0,563,19406,2729,salaried,tier_2,0.1406,16677,20
b,41.62,4.915,y,p,w,v,3.1,t,f,0,t,g,52,1442,1,748,57273,13364,self_employed,tier_1,0.2333,43909,40
b,54.83,11.5,u,g,ff,ff,4.63,t,t,5,f,g,0,8851,1,741,85029,27956,salaried,tier_1,0.3288,57073,65
a,29.72,3.04,y,p,x,h,3.03,t,t,1,f,g,70,0,1,704,22728,1403,business,tier_2,0.0617,21325,51
b,20.72,5.625,u,g,w,v,1.54,t,f,0,f,s,120,0,1,742,111260,19951,self_employed,tier_1,0.1793,91309,19
b,22.84,10.04,u,g,x,v,0.13,t,t,9,f,g,60,396,1,866,79601,27029,business,tier_3,0.3396,52572,23
a,30.82,3.125,u,g,ff,ff,3.32,f,t,2,t,g,200,4,0,382,24653,7315,salaried,tier_2,0.2967,17338,45
b,26.17,13.335,y,p,aa,v,0.46,f,f,0,t,g,120,475,0,315,18219,3185,business,tier_2,0.1748,15034,25
b,51.26,6.5,u,g,k,v,6.55,t,t,15,f,g,0,11202,1,690,27622,7960,business,tier_2,0.2882,19662,94
b,18.85,4.46,u,g,c,v,0.42,f,f,0,f,s,80,0,0,473,29821,9355,business,tier_1,0.3137,20466,8
a,34.2,0.54,u,g,cc,v,0.01,t,f,0,f,g,440,11177,1,699,48098,9368,self_employed,tier_2,0.1948,38730,2
b,24.66,0.415,y,p,c,v,0.15,f,t,2,f,g,128,6,0,522,39918,4425,freelancer,tier_2,0.1109,35493,9
a,21.72,0.75,u,g,c,v,0.39,t,t,5,t,g,140,5,0,668,40949,9934,self_employed,tier_3,0.2426,31015,19
a,28.68,15.0,y,p,e,z,0.38,t,f,0,f,g,0,13212,1,735,90672,8039,self_employed,tier_1,0.0887,82633,17
a,18.0,0.335,u,g,ff,ff,0.04,f,t,1,f,g,160,126,0,647,13443,5070,salaried,tier_2,0.3771,8373,14
b,18.15,9.5,u,g,q,v,0.54,t,f,0,t,g,60,400,1,782,52612,4238,salaried,tier_3,0.0806,48374,28
b,38.72,1.71,y,p,m,v,0.58,f,f,0,f,s,400,0,0,390,31199,11279,salaried,tier_1,0.3615,19920,26
b,34.2,18.125,u,g,w,v,0.07,f,f,0,f,g,320,3552,0,435,21996,6873,salaried,tier_2,0.3125,15123,22
b,27.98,1.665,u,g,cc,h,5.45,t,t,9,f,g,399,827,1,788,25781,4441,self_employed,tier_3,0.1723,21340,84
b,18.24,9.5,u,g,w,v,1.86,t,f,0,f,g,120,2206,1,766,88628,34384,business,tier_3,0.388,54244,24
b,41.18,0.54,y,p,aa,v,0.82,t,t,3,f,g,200,1000,1,705,43680,1524,business,tier_3,0.0349,42156,26
a,48.44,1.5,u,g,j,j,0.0,t,f,0,t,g,100,27,0,542,18147,1660,self_employed,tier_1,0.0915,16487,2
b,40.5,5.0,u,g,c,v,4.75,t,t,7,f,g,0,3065,1,753,145625,26934,business,tier_3,0.185,118691,71
b,35.86,5.5,y,p,c,v,1.88,f,f,0,t,g,60,0,0,537,41065,4699,self_employed,tier_1,0.1144,36366,29
b,35.22,5.0,u,g,c,bb,2.9,t,t,6,f,g,0,367,1,692,43838,241,salaried,tier_2,0.0055,43597,43
b,19.06,10.25,u,g,c,h,1.04,f,f,0,f,g,320,13,0,454,11751,1430,salaried,tier_2,0.1217,10321,22
b,19.19,2.46,u,g,c,n,0.9,f,t,2,t,g,160,587,0,710,36097,9733,business,tier_2,0.2696,26364,19
b,18.88,1.25,y,p,k,v,0.0,f,f,0,f,g,140,4,0,653,34383,1580,salaried,tier_1,0.046,32803,6
a,33.08,1.625,u,g,d,v,1.01,f,f,0,t,g,0,0,0,595,18330,5437,salaried,tier_2,0.2966,12893,34
b,22.48,2.5,u,g,c,v,0.8,t,t,11,t,g,60,2184,1,862,26405,3693,self_employed,tier_3,0.1399,22712,13
b,53.51,1.5,u,g,d,v,3.44,f,f,0,t,g,0,350,0,357,23690,1079,business,tier_1,0.0455,22611,49
b,32.57,4.0,y,p,cc,v,1.66,f,f,0,t,g,120,0,0,580,15811,7001,salaried,tier_3,0.4428,8810,20
a,20.4,11.835,u,g,c,h,5.74,t,f,0,f,g,340,0,1,671,114276,17080,freelancer,tier_2,0.1495,97196,72
b,23.2,2.335,u,g,k,v,1.19,f,f,0,f,g,180,0,0,537,28076,13823,freelancer,tier_2,0.4923,14253,34
a,18.0,9.0,u,g,aa,v,0.26,t,t,2,f,g,88,591,1,833,24428,1511,self_employed,tier_3,0.0619,22917,7
b,24.51,2.75,u,g,ff,ff,4.01,f,f,0,f,g,160,25,0,624,41798,855,self_employed,tier_2,0.0205,40943,53
a,41.79,7.54,y,p,q,h,8.0,t,t,14,f,g,0,2300,1,778,128611,43509,salaried,tier_2,0.3383,85102,112
a,26.01,1.75,y,p,c,v,0.15,f,f,0,f,g,132,0,0,619,32792,9536,freelancer,tier_2,0.2908,23256,22
b,18.0,0.0,y,p,aa,v,0.0,f,f,0,f,g,60,0,0,330,40438,7328,salaried,tier_3,0.1812,33110,16
a,40.8,6.5,u,g,q,v,0.49,t,t,3,t,g,145,0,1,884,93346,28024,business,tier_2,0.3002,65322,27
b,37.1,25.125,u,g,x,h,1.54,t,t,1,t,g,515,500,1,684,86848,10044,self_employed,tier_1,0.1157,76804,35
b,21.77,9.0,u,g,aa,v,0.48,f,f,0,f,g,0,0,0,568,16177,1236,salaried,tier_2,0.0764,14941,26
b,38.3,7.0,u,g,q,h,11.01,t,t,7,t,g,300,5,0,391,20133,6157,salaried,tier_2,0.3058,13976,138
a,21.31,7.0,u,g,c,v,0.64,f,f,0,f,g,160,0,0,552,12669,474,salaried,tier_2,0.0374,12195,29
b,24.92,0.75,u,g,m,v,0.62,t,f,0,t,s,320,0,0,484,11099,3950,business,tier_1,0.3559,7149,10
b,19.99,9.5,u,g,w,v,1.15,t,f,0,f,g,120,2206,1,761,86968,32400,business,tier_3,0.3726,54568,35
b,29.76,1.5,y,p,c,v,1.05,t,f,0,t,g,0,225,0,459,31715,10012,salaried,tier_3,0.3157,21703,34
b,49.68,0.04,u,g,x,h,0.08,t,f,0,f,g,0,3000,1,817,35760,922,business,tier_1,0.0258,34838,1
b,34.22,3.165,y,p,x,v,2.9,t,t,3,t,g,380,0,1,846,48567,7873,salaried,tier_3,0.1621,40694,47
b,32.77,0.83,u,g,x,v,1.14,t,t,8,t,g,303,3290,1,848,23977,9465,salaried,tier_2,0.3948,14512,26
b,40.94,21.5,u,g,e,z,19.75,t,t,11,f,g,0,1200,1,815,68628,12096,self_employed,tier_2,0.1763,56532,249
b,42.17,0.29,y,p,cc,h,1.9,t,t,8,f,g,100,375,1,864,105088,15508,freelancer,tier_2,0.1476,89580,43
b,23.04,2.5,u,g,ff,ff,0.14,f,f,0,t,g,100,4208,0,578,13694,93,salaried,tier_3,0.0068,13601,13
a,20.86,5.665,u,g,q,v,2.16,t,t,7,f,g,129,3257,1,839,67703,17411,salaried,tier_2,0.2572,50292,30
a,25.22,2.085,u,g,c,h,2.78,t,f,0,t,g,360,1,0,303,25728,4644,salaried,tier_3,0.1805,21084,50
b,38.48,4.25,u,g,c,bb,6.79,t,t,16,f,g,117,1210,1,885,48862,15766,self_employed,tier_3,0.3227,33096,87
b,22.82,0.585,u,g,c,h,0.0,t,f,0,f,g,180,0,0,383,11808,5241,business,tier_1,0.4439,6567,20
b,31.82,3.165,y,p,x,v,3.55,t,t,3,t,g,380,0,1,834,46312,7683,salaried,tier_3,0.1659,38629,53
b,19.09,5.625,u,g,w,v,1.79,t,f,0,f,s,120,0,1,726,109754,24066,self_employed,tier_1,0.2193,85688,25
b,18.0,2.0,u,g,i,v,1.95,t,t,2,f,g,120,300,1,823,74668,18601,business,tier_1,0.2491,56067,39
b,50.26,0.205,y,p,k,v,0.0,t,t,11,f,g,380,2732,1,724,35455,9260,self_employed,tier_1,0.2612,26195,23
b,25.29,6.0,u,g,c,v,1.49,t,t,3,f,g,0,0,1,784,32949,3374,business,tier_1,0.1024,29575,32
b,22.92,11.625,y,p,w,v,0.98,t,f,0,t,g,160,300,1,789,45227,11982,salaried,tier_2,0.2649,33245,19
a,27.72,3.0,u,g,m,v,2.86,f,t,1,t,g,280,10,0,613,26273,10984,self_employed,tier_2,0.4181,15289,36
b,19.01,2.0,u,g,i,v,1.52,t,t,2,f,g,120,300,1,813,79817,20544,business,tier_1,0.2574,59273,30
a,43.02,1.0,u,g,i,bb,1.77,t,f,0,t,g,0,300,1,730,68165,31497,business,tier_1,0.4621,36668,26
b,30.96,14.0,y,p,ff,ff,0.44,f,t,2,f,g,160,1,0,455,31710,11496,self_employed,tier_1,0.3625,20214,15
b,29.01,1.25,y,p,k,v,0.39,f,f,0,f,g,224,0,0,316,38684,2268,self_employed,tier_2,0.0586,36416,23
b,21.57,10.0,y,p,k,h,0.43,t,f,0,t,g,140,0,0,624,11696,4573,freelancer,tier_2,0.391,7123,12
b,20.56,4.125,y,p,i,h,0.0,f,f,0,f,g,140,100,0,658,29722,11807,salaried,tier_2,0.3972,17915,10
b,18.76,0.835,y,p,c,v,1.55,f,f,0,t,s,240,0,0,556,17285,3496,salaried,tier_2,0.2023,13789,37
b,40.67,1.04,u,g,w,v,5.11,t,t,6,t,g,500,10000,1,846,132027,46186,salaried,tier_3,0.3498,85841,82
b,22.69,12.5,u,g,w,v,0.99,t,f,0,t,g,260,0,0,468,23572,368,self_employed,tier_2,0.0156,23204,22
b,42.88,0.5,y,p,m,v,0.5,f,f,0,t,g,130,0,0,315,18884,3506,business,tier_1,0.1857,15378,17
a,29.54,1.375,u,g,w,h,0.0,f,t,3,f,g,0,33,0,594,41989,6417,salaried,tier_2,0.1528,35572,14
a,26.19,2.415,y,p,c,v,0.03,f,f,0,f,g,120,0,0,664,23396,7836,freelancer,tier_2,0.3349,15560,20
b,36.15,2.75,u,g,i,bb,2.52,f,f,0,t,g,232,200,0,351,24700,6916,salaried,tier_3,0.28,17784,41
a,18.0,0.5,u,g,i,v,0.0,f,t,6,t,g,240,35,0,300,22700,9458,salaried,tier_3,0.4167,13242,15
b,46.21,3.75,u,g,i,bb,0.78,f,f,0,f,g,100,2,0,300,16436,2099,salaried,tier_1,0.1277,14337,21
b,21.16,3.0,u,g,m,v,0.84,t,t,1,f,g,260,800,1,823,85691,8386,self_employed,tier_1,0.0979,77305,30
b,19.93,11.045,u,g,c,v,2.4,f,f,0,t,g,136,0,0,396,33570,9026,salaried,tier_3,0.2689,24544,43
b,20.62,3.0,y,p,d,v,1.31,t,t,8,t,g,160,1,1,695,31962,4594,salaried,tier_1,0.1437,27368,28
b,34.59,5.25,u,g,w,v,0.58,f,f,0,t,g,290,6,1,888,45913,468,salaried,tier_2,0.0102,45445,6
b,21.93,2.25,u,g,i,v,0.0,f,f,0,f,g,160,10,0,414,11206,3733,salaried,tier_2,0.3331,7473,9
b,25.82,0.875,u,g,m,v,0.46,f,t,4,f,g,254,1950,0,378,15988,838,self_employed,tier_2,0.0524,15150,5
b,23.14,0.75,u,g,m,v,0.6,f,f,0,t,s,320,0,0,647,12501,3808,salaried,tier_3,0.3046,8693,18
b,32.44,0.83,u,g,x,v,1.29,t,t,8,t,g,303,3290,1,868,21813,8252,salaried,tier_2,0.3783,13561,20
b,27.17,0.335,u,g,k,h,3.22,f,f,0,t,g,340,0,0,357,16024,2330,salaried,tier_1,0.1454,13694,52
a,24.01,1.125,u,g,q,v,1.53,t,t,2,f,g,200,0,0,546,41737,6598,freelancer,tier_1,0.1581,35139,20
a,50.84,6.5,u,g,i,bb,3.49,f,f,0,t,g,73,0,0,426,11422,3854,salaried,tier_2,0.3374,7568,61
b,26.68,5.04,y,p,c,bb,1.24,t,t,8,t,g,144,7,1,857,37183,9853,self_employed,tier_3,0.265,27330,35
a,59.48,5.0,u,g,aa,v,3.68,t,t,4,f,g,0,99,1,886,35602,962,freelancer,tier_2,0.027,34640,62
a,18.0,0.0,y,p,j,ff,0.2,f,f,0,f,g,86,0,0,321,37072,18570,self_employed,tier_1,0.5009,18502,16
b,25.45,0.835,u,g,cc,v,1.64,f,f,0,f,g,100,0,0,679,12542,1429,freelancer,tier_3,0.1139,11113,40
b,21.86,0.585,y,p,ff,ff,0.25,f,f,0,f,g,100,0,0,612,10618,2191,self_employed,tier_2,0.2063,8427,8
b,50.1,3.5,u,g,aa,v,3.28,t,f,0,f,s,230,0,1,647,50546,12063,self_employed,tier_2,0.2387,38483,44
b,21.88,1.0,u,g,c,v,0.75,t,f,0,f,s,300,0,1,673,24528,2355,business,tier_1,0.096,22173,30
a,20.99,8.5,u,g,c,v,0.05,f,f,0,f,g,0,351,0,684,23259,3198,salaried,tier_2,0.1375,20061,17
b,25.07,2.71,y,p,cc,v,5.6,t,t,1,f,g,211,0,1,671,51560,12138,self_employed,tier_1,0.2354,39422,82
a,22.19,11.585,u,g,cc,v,0.31,t,f,0,f,g,80,1349,1,694,166710,42884,salaried,tier_3,0.2572,123826,23
a,32.28,1.46,u,g,w,v,1.17,t,t,16,f,g,120,2079,1,688,28741,1033,business,tier_3,0.0359,27708,19
b,42.71,0.5,y,p,m,v,0.27,f,f,0,t,g,130,0,0,348,18581,3442,business,tier_1,0.1852,15139,17
b,34.56,3.375,u,g,c,h,8.73,f,f,0,t,g,0,0,0,481,11656,1955,self_employed,tier_1,0.1677,9701,117
a,23.34,2.54,y,p,aa,v,0.4,t,f,0,t,g,370,0,1,733,137634,56938,salaried,tier_2,0.4137,80696,21
a,22.05,8.5,u,g,q,v,2.22,t,t,10,f,g,80,990,0,373,23178,7391,salaried,tier_2,0.3189,15787,32
b,18.0,0.0,u,g,q,v,0.75,f,f,0,f,g,160,1,0,714,29815,414,salaried,tier_2,0.0139,29401,31
b,30.17,1.125,u,g,ff,ff,0.32,f,t,1,f,g,96,19,0,571,38407,13076,self_employed,tier_3,0.3405,25331,7
a,32.8,0.54,u,g,cc,v,0.35,t,f,0,f,g,440,11177,1,682,56207,13012,self_employed,tier_2,0.2315,43195,6
a,55.1,4.25,y,p,ff,ff,4.84,f,f,0,t,g,0,4,0,629,38419,8180,business,tier_2,0.2129,30239,80
a,22.28,11.25,y,p,x,h,1.21,t,t,4,f,g,0,321,1,881,33671,8165,freelancer,tier_1,0.2425,25506,27
b,45.44,8.5,u,g,cc,h,13.52,t,t,1,t,g,88,2000,1,803,33777,2833,salaried,tier_2,0.0839,30944,178
a,38.27,5.0,u,g,cc,v,13.77,t,f,0,t,g,980,0,0,532,19817,811,salaried,tier_2,0.0409,19006,171
a,28.5,1.375,u,g,w,h,0.51,f,t,3,f,g,0,33,0,591,41809,5182,salaried,tier_2,0.1239,36627,12
a,26.86,1.25,u,g,ff,ff,0.0,t,f,0,f,g,80,0,0,370,41370,13100,freelancer,tier_2,0.3167,28270,15
b,20.64,0.875,y,p,c,h,0.4,f,f,0,f,g,280,204,0,673,38009,11436,salaried,tier_2,0.3009,26573,15
b,26.36,1.0,u,g,aa,v,0.56,f,f,0,f,g,200,0,0,399,32861,4715,self_employed,tier_3,0.1435,28146,25
b,22.47,11.125,u,g,x,h,0.72,t,t,1,f,g,100,0,1,826,86150,983,salaried,tier_2,0.0114,85167,11
b,43.15,3.0,u,g,q,h,6.37,t,t,11,f,g,80,0,1,647,55561,5932,business,tier_1,0.1068,49629,80
b,31.63,4.0,u,g,m,v,2.6,t,f,0,t,g,360,0,1,713,50191,4335,salaried,tier_3,0.0864,45856,36
a,28.87,0.46,u,g,k,v,0.86,t,t,4,f,g,380,500,1,692,24236,3655,business,tier_3,0.1508,20581,17
b,22.67,1.25,u,g,c,v,0.06,f,f,0,f,g,110,0,0,479,39966,9662,self_employed,tier_3,0.2418,30304,10
a,18.27,9.54,u,g,aa,v,0.0,t,f,0,f,g,100,0,1,843,78766,20079,salaried,tier_2,0.2549,58687,9
a,18.0,0.585,u,g,c,h,1.43,t,t,2,f,g,100,0,1,803,42691,5648,salaried,tier_1,0.1323,37043,31
b,20.93,5.625,u,g,w,v,1.89,t,f,0,f,s,120,0,1,779,111146,18398,self_employed,tier_1,0.1655,92748,31
a,23.58,12.33,u,g,cc,h,3.19,t,t,6,f,g,400,458,1,712,24600,385,self_employed,tier_1,0.0157,24215,46
b,18.0,3.125,u,g,w,v,0.27,f,t,1,f,g,0,6,0,418,38115,1704,salaried,tier_2,0.0447,36411,11
b,31.4,1.25,y,p,k,v,0.14,f,f,0,f,g,224,0,0,368,35658,3009,self_employed,tier_2,0.0844,32649,5
a,22.72,11.665,u,g,k,h,0.38,f,f,0,f,g,320,5,0,420,17673,1894,salaried,tier_3,0.1072,15779,12
a,45.26,0.46,u,g,cc,h,0.0,t,t,11,t,g,440,6,1,652,34961,1280,self_employed,tier_1,0.0366,33681,2
a,70.0,6.0,u,g,ff,ff,0.17,f,f,0,f,s,0,0,0,525,29132,7334,self_employed,tier_3,0.2518,21798,20
a,19.96,9.54,u,g,i,v,0.19,f,f,0,f,g,200,1000,0,495,12643,2951,salaried,tier_1,0.2334,9692,24
a,22.24,11.25,y,p,x,h,1.19,t,t,4,f,g,0,321,1,898,34169,8512,freelancer,tier_1,0.2491,25657,21
b,70.0,19.0,y,p,ff,ff,0.25,f,t,2,f,g,0,351,0,686,20491,517,salaried,tier_1,0.0252,19974,23
a,39.65,6.0,u,g,k,v,1.3,t,f,0,t,g,0,0,1,706,77233,7419,business,tier_1,0.0961,69814,26
b,30.65,0.375,u,g,c,v,0.69,f,f,0,f,g,220,140,0,494,13106,1369,self_employed,tier_1,0.1045,11737,23
a,29.8,15.0,y,p,e,z,0.18,t,f,0,f,g,0,13212,1,695,88280,9881,self_employed,tier_1,0.1119,78399,18
b,21.61,1.79,u,g,c,v,0.33,f,f,0,t,g,136,1,0,709,29075,4671,business,tier_1,0.1607,24404,16
b,23.52,0.25,u,g,d,h,1.03,t,f,0,t,g,0,0,1,789,71329,10832,salaried,tier_3,0.1519,60497,32
b,18.0,0.04,u,g,c,v,0.29,f,f,0,f,g,0,0,1,871,35729,9427,business,tier_2,0.2638,26302,24
b,18.0,0.75,u,g,c,v,1.67,t,t,5,t,g,352,690,1,697,166250,37989,freelancer,tier_1,0.2285,128261,25
a,53.39,0.165,u,g,ff,ff,0.21,f,f,0,t,s,62,27,0,616,26205,8589,salaried,tier_1,0.3278,17616,2
b,30.67,1.585,u,g,d,v,0.95,f,f,0,t,s,0,0,0,353,34870,2463,self_employed,tier_1,0.0706,32407,34
a,53.75,0.165,u,g,ff,ff,0.48,f,f,0,t,s,62,27,0,611,33152,7297,salaried,tier_1,0.2201,25855,11
b,24.0,9.0,u,g,aa,v,0.7,f,f,0,t,g,0,0,0,460,27415,588,business,tier_2,0.0214,26827,27
b,49.41,2.5,u,g,m,bb,2.33,t,t,12,t,g,410,2510,1,858,157593,5631,salaried,tier_1,0.0357,151962,31
b,35.46,4.25,u,g,q,v,3.42,f,f,0,f,g,454,50,0,549,30385,6538,self_employed,tier_1,0.2152,23847,63
b,38.68,13.915,u,g,w,v,8.23,t,t,6,t,g,70,0,1,836,109986,13059,salaried,tier_2,0.1187,96927,111
b,35.76,2.5,u,g,c,v,0.75,f,f,0,f,g,460,16,0,300,22188,1367,self_employed,tier_3,0.0616,20821,32
b,24.48,12.5,y,p,k,h,1.63,f,f,0,t,g,0,17,0,338,22223,1340,business,tier_3,0.0603,20883,27
a,53.27,15.0,u,g,c,v,5.36,t,t,14,f,g,0,2200,1,789,76278,1246,salaried,tier_3,0.0163,75032,75
b,27.65,2.25,u,g,i,bb,0.62,f,f,0,t,g,640,4000,0,394,34017,10485,self_employed,tier_2,0.3082,23532,9
b,43.19,5.0,u,g,i,bb,2.42,f,f,0,t,g,141,0,0,628,11693,1105,salaried,tier_2,0.0945,10588,35
b,24.7,0.665,u,g,c,v,0.45,f,f,0,f,g,100,0,1,689,47404,9154,business,tier_2,0.1931,38250,20
b,25.36,4.25,u,g,cc,v,3.97,t,t,1,t,g,120,0,1,739,36120,524,salaried,tier_2,0.0145,35596,67
b,27.74,13.0,u,g,e,dd,0.0,f,f,0,t,g,140,1110,0,544,45165,14511,salaried,tier_2,0.3213,30654,10
b,35.23,3.25,u,g,q,h,8.95,t,f,0,t,g,102,639,1,848,55053,11811,salaried,tier_1,0.2145,43242,123
b,32.43,2.5,u,g,cc,h,2.61,t,t,6,f,g,160,2072,1,900,114864,44019,salaried,tier_1,0.3832,70845,37
a,45.72,8.0,u,g,e,bb,6.98,t,t,6,f,g,375,51100,1,661,21419,5759,self_employed,tier_2,0.2689,15660,100
b,22.68,0.125,y,p,k,v,0.46,f,f,0,f,g,200,70,0,322,22096,940,self_employed,tier_2,0.0425,21156,25
b,28.85,0.125,y,p,k,v,0.06,f,f,0,f,g,216,2100,0,474,41313,12852,business,tier_2,0.3111,28461,6
b,43.76,0.205,u,g,i,h,5.5,t,f,0,f,g,400,0,1,686,27404,1030,salaried,tier_2,0.0376,26374,66
b,35.46,4.04,y,p,i,bb,8.35,t,t,7,t,g,195,0,1,766,32745,7976,salaried,tier_1,0.2436,24769,103
a,69.66,6.0,u,g,ff,ff,0.29,f,f,0,f,s,0,0,0,523,27652,7997,self_employed,tier_3,0.2892,19655,9
b,32.98,1.125,u,g,ff,ff,0.0,f,t,1,f,g,96,19,0,591,43443,11481,self_employed,tier_3,0.2643,31962,12
b,69.08,9.0,u,g,ff,ff,4.27,f,t,1,f,g,70,6,0,444,34676,935,self_employed,tier_3,0.027,33741,66
b,18.74,2.0,u,g,i,v,1.46,t,t,2,f,g,120,300,1,812,72061,17835,business,tier_1,0.2475,54226,31
b,27.96,2.04,y,p,aa,v,1.61,t,t,3,t,g,370,560,1,727,35060,8881,freelancer,tier_3,0.2533,26179,39
b,21.81,12.125,u,g,c,v,3.11,f,t,2,t,g,180,173,0,504,40724,6387,self_employed,tier_1,0.1568,34337,52
a,32.6,3.75,u,g,cc,h,0.53,t,t,9,t,g,181,0,1,877,80143,9294,salaried,tier_3,0.116,70849,19
b,25.74,1.5,y,p,w,v,0.62,t,f,0,t,g,260,1065,1,661,143468,15486,business,tier_2,0.1079,127982,20
b,32.22,1.75,y,p,e,h,0.0,t,f,0,t,g,393,0,1,669,25845,6960,salaried,tier_3,0.2693,18885,22
b,29.56,9.335,u,g,q,h,5.82,t,t,6,f,g,381,168,1,859,25640,5293,business,tier_3,0.2064,20347,85
a,45.95,0.0,u,g,c,v,2.72,t,f,0,f,g,0,0,1,691,152142,41611,salaried,tier_2,0.2735,110531,50
b,70.0,17.75,u,g,ff,ff,0.15,t,f,0,t,g,0,0,1,735,104214,20441,self_employed,tier_1,0.1961,83773,16
b,29.45,1.25,u,g,c,h,0.51,f,t,2,t,g,400,108,0,443,23195,2377,salaried,tier_2,0.1025,20818,26
a,25.15,0.67,u,g,aa,h,1.43,t,f,0,f,g,400,0,0,413,26261,3992,self_employed,tier_1,0.152,22269,19
b,26.25,14.585,u,g,i,bb,0.09,f,f,0,t,g,178,0,0,367,22144,3777,self_employed,tier_2,0.1706,18367,5
a,24.87,11.0,y,p,aa,v,4.94,t,f,0,f,g,120,0,0,541,11008,149,salaried,tier_3,0.0135,10859,65
a,30.05,3.5,u,g,w,v,0.95,t,f,0,f,s,280,0,1,889,50002,14480,freelancer,tier_1,0.2896,35522,27
a,31.22,1.085,y,p,x,v,1.11,f,f,0,f,g,280,13,0,424,19838,2297,business,tier_1,0.1158,17541,34
b,25.08,3.165,y,p,k,v,0.65,f,t,1,t,g,280,80,0,337,31811,10895,self_employed,tier_2,0.3425,20916,23
b,24.72,0.25,u,g,i,bb,0.0,t,f,0,t,g,0,0,1,705,81503,928,self_employed,tier_2,0.0114,80575,15
a,42.73,1.0,u,g,i,bb,2.45,t,f,0,t,g,0,300,1,719,71646,28781,business,tier_1,0.4017,42865,46
b,41.37,5.0,u,g,ff,ff,0.42,f,t,2,f,g,17,1,0,300,29141,8880,salaried,tier_3,0.3047,20261,7
b,19.52,0.25,u,g,q,v,0.0,f,f,0,f,g,200,0,0,326,38724,2280,salaried,tier_1,0.0589,36444,17
b,37.4,2.665,u,g,cc,v,0.54,f,f,0,t,g,0,501,0,672,22689,1816,salaried,tier_2,0.08,20873,27
b,28.12,1.5,y,p,w,v,0.09,t,f,0,t,g,260,1065,1,702,130254,18635,business,tier_2,0.1431,111619,17
b,31.25,2.085,u,g,c,v,0.04,f,f,0,f,g,300,0,0,588,41090,12436,business,tier_2,0.3027,28654,22
a,28.05,8.665,u,g,aa,v,1.77,t,f,0,f,g,160,150,1,874,40136,3344,freelancer,tier_2,0.0833,36792,42
b,26.57,2.0,u,g,d,v,1.07,f,f,0,t,g,80,0,0,597,36001,13016,salaried,tier_3,0.3615,22985,17
a,23.61,6.165,u,g,aa,v,0.56,f,f,0,f,g,220,1000,0,352,10368,2198,salaried,tier_2,0.212,8170,6
b,53.0,2.04,y,p,ff,ff,1.94,f,f,0,f,g,120,1,0,378,19509,7159,self_employed,tier_1,0.367,12350,45
a,29.98,5.29,u,g,e,dd,2.2,t,t,5,t,g,99,500,1,744,23144,9686,salaried,tier_2,0.4185,13458,43
a,22.51,5.0,y,p,ff,ff,0.16,f,f,0,f,g,0,0,0,655,32966,376,salaried,tier_2,0.0114,32590,16
b,28.01,1.54,u,g,w,v,3.64,t,t,5,t,g,100,3,1,650,159177,32838,self_employed,tier_1,0.2063,126339,59
b,22.65,0.625,y,p,aa,v,0.0,t,f,0,f,g,180,1,0,570,34011,4610,business,tier_3,0.1355,29401,10
b,30.51,4.0,u,g,m,v,2.43,t,f,0,t,g,360,0,1,714,48633,3970,salaried,tier_3,0.0816,44663,42
a,57.15,2.0,u,g,ff,ff,6.74,f,t,1,f,g,0,10,0,585,12583,2029,salaried,tier_2,0.1612,10554,80
b,22.44,11.5,u,g,i,v,0.5,t,f,0,t,g,100,68,0,336,29683,11243,self_employed,tier_1,0.3788,18440,6
a,48.36,0.46,u,g,cc,h,0.73,t,t,11,t,g,440,6,1,692,36371,1621,self_employed,tier_1,0.0446,34750,29
b,29.59,2.71,y,p,m,v,0.37,f,f,0,t,s,80,0,0,620,24621,3169,freelancer,tier_2,0.1287,21452,17
a,51.92,7.0,u,g,aa,h,2.52,f,f,0,f,g,0,0,0,509,10879,2383,salaried,tier_2,0.219,8496,44
a,18.0,0.5,u,g,i,v,0.3,f,t,6,t,g,240,35,0,326,25059,8642,salaried,tier_3,0.3449,16417,23
b,35.93,2.5,u,g,k,v,4.44,t,t,7,f,g,150,1270,1,826,50428,7166,salaried,tier_1,0.1421,43262,72
b,55.76,9.625,u,g,e,v,8.62,t,t,5,f,g,0,0,1,834,38261,12058,business,tier_1,0.3152,26203,124
b,32.64,4.0,u,g,m,v,2.82,t,f,0,t,g,360,0,1,718,53532,5169,salaried,tier_3,0.0966,48363,34
a,29.05,3.75,u,g,c,v,0.3,f,t,1,t,g,40,154,0,508,18884,6018,self_employed,tier_1,0.3187,12866,9
b,24.96,0.54,u,g,m,v,1.39,f,f,0,t,g,120,1,0,509,22100,9342,business,tier_3,0.4227,12758,24
b,18.0,4.085,u,g,i,h,0.63,f,f,0,t,g,120,0,0,300,26654,3909,self_employed,tier_2,0.1467,22745,23
b,30.09,3.5,u,g,w,v,3.55,t,t,3,t,g,329,0,0,498,40003,12247,salaried,tier_3,0.3062,27756,44
a,25.66,13.5,y,p,ff,ff,2.25,f,t,1,t,g,200,1,0,350,27955,3568,business,tier_2,0.1276,24387,30
a,27.23,2.54,y,p,ff,ff,0.0,f,f,0,t,g,180,60,0,665,28149,2034,salaried,tier_3,0.0723,26115,11
b,39.1,1.75,y,p,c,bb,0.0,t,f,0,t,g,164,400,0,656,25996,8791,self_employed,tier_2,0.3382,17205,21
a,70.0,6.0,u,g,ff,ff,0.0,f,f,0,f,s,0,0,0,542,32885,6913,self_employed,tier_3,0.2102,25972,2
b,21.79,0.415,u,g,c,v,0.06,f,f,0,f,g,0,44,0,519,10335,4040,salaried,tier_3,0.3909,6295,9
b,60.29,2.71,u,g,c,v,2.15,f,f,0,t,g,320,0,0,442,38406,17037,freelancer,tier_3,0.4436,21369,29
a,26.54,0.67,u,g,aa,h,2.23,t,f,0,f,g,400,0,0,415,30380,5121,self_employed,tier_1,0.1686,25259,44
b,23.91,0.835,u,g,i,h,0.13,f,f,0,t,g,220,5,0,413,26832,6599,salaried,tier_1,0.2459,20233,11
a,18.0,2.875,u,g,q,v,0.25,f,f,0,f,g,120,0,0,346,32216,9546,salaried,tier_1,0.2963,22670,11
b,23.17,1.5,u,g,c,h,1.19,t,f,0,f,g,422,200,1,900,42625,5890,salaried,tier_1,0.1382,36735,29
b,49.32,7.625,u,g,w,h,15.32,t,t,12,f,g,0,790,1,694,135086,9051,salaried,tier_1,0.067,126035,200
b,30.86,1.5,u,g,cc,h,5.34,t,t,3,t,g,0,0,1,868,76817,13432,freelancer,tier_1,0.1749,63385,78
b,34.56,3.79,u,g,w,v,1.36,t,f,0,t,g,200,0,0,543,42572,2072,salaried,tier_1,0.0487,40500,30
b,23.44,3.0,u,g,c,v,1.22,f,t,1,f,g,0,22,0,457,44999,5970,self_employed,tier_2,0.1327,39029,35
a,34.17,2.5,y,p,c,v,2.52,f,f,0,t,g,0,2,0,682,19109,1622,business,tier_1,0.0849,17487,34
b,34.08,6.5,u,g,aa,v,0.22,t,f,0,t,g,443,0,0,718,12618,4360,salaried,tier_1,0.3455,8258,8
b,31.9,2.165,y,p,k,ff,0.27,f,f,0,f,g,120,0,0,553,11619,2503,salaried,tier_3,0.2154,9116,25
b,22.34,0.585,y,p,cc,h,0.0,f,f,0,f,g,240,1,0,575,15306,7868,freelancer,tier_3,0.514,7438,14
a,48.35,3.0,u,g,x,v,14.15,t,t,2,t,g,519,1704,1,763,22151,2452,salaried,tier_1,0.1107,19699,173
b,50.7,0.04,u,g,x,h,0.1,t,f,0,f,g,0,3000,1,808,35362,847,business,tier_1,0.024,34515,5
b,51.56,6.5,u,g,k,v,6.46,t,t,15,f,g,0,11202,1,716,26313,8789,business,tier_2,0.334,17524,79
b,33.36,2.335,u,g,d,h,5.58,f,f,0,t,g,292,0,0,469,17554,6245,business,tier_2,0.3558,11309,88
b,38.41,10.125,u,g,x,v,2.41,t,t,6,f,g,520,196,1,891,37422,6002,salaried,tier_1,0.1604,31420,51
b,26.7,0.625,u,g,aa,v,0.19,t,f,0,t,g,200,0,0,393,12078,3727,salaried,tier_3,0.3086,8351,17
a,28.99,3.5,u,g,w,v,1.31,t,f,0,f,s,280,0,1,888,43612,17006,freelancer,tier_1,0.3899,26606,21
b,19.25,8.17,u,g,aa,v,1.96,t,t,14,f,g,60,158,1,853,136140,50340,business,tier_1,0.3698,85800,31
b,20.6,6.5,u,g,w,h,1.96,t,t,7,f,g,80,2954,1,895,38569,7377,freelancer,tier_2,0.1913,31192,41
a,39.92,2.04,y,p,q,h,0.11,t,t,23,t,g,455,1236,1,833,80060,15056,salaried,tier_1,0.1881,65004,7
b,18.0,0.085,y,p,c,v,0.0,f,f,0,f,g,140,722,0,552,33552,1424,business,tier_3,0.0424,32128,11
b,43.21,1.04,u,g,w,v,5.01,t,t,6,t,g,500,10000,1,861,132790,38983,salaried,tier_3,0.2936,93807,78
b,36.58,2.415,u,g,w,v,0.0,f,t,2,f,g,220,1,0,567,34412,6802,self_employed,tier_1,0.1977,27610,23
b,18.0,2.0,u,g,i,v,1.9,t,t,2,f,g,120,300,1,855,68461,23398,business,tier_1,0.3418,45063,30
b,18.46,0.0,u,g,d,v,0.82,f,f,0,f,g,144,0,0,427,34141,2324,self_employed,tier_1,0.0681,31817,19
b,35.35,5.5,y,p,c,v,1.73,f,f,0,t,g,60,0,0,536,45969,4746,self_employed,tier_1,0.1032,41223,42
b,23.94,3.0,u,g,m,v,1.4,t,t,1,f,g,260,800,1,813,93432,9524,self_employed,tier_1,0.1019,83908,17
a,40.48,6.5,u,g,q,v,0.58,t,t,3,t,g,145,0,1,897,105040,22572,business,tier_2,0.2149,82468,27
b,30.21,4.75,u,g,m,v,2.5,f,t,1,t,g,460,68,0,300,27090,3195,salaried,tier_3,0.1179,23895,35
a,59.42,5.0,u,g,aa,v,3.78,t,t,4,f,g,0,99,1,878,35842,947,freelancer,tier_2,0.0264,34895,49
a,30.03,5.29,u,g,e,dd,2.53,t,t,5,t,g,99,500,1,755,28030,8632,salaried,tier_2,0.308,19398,46
b,28.24,1.085,y,p,c,v,0.12,f,f,0,f,g,170,179,0,377,28381,5806,salaried,tier_1,0.2046,22575,18
b,33.74,2.75,u,g,i,bb,2.98,f,f,0,t,g,232,200,0,381,26276,8274,salaried,tier_3,0.3149,18002,35
b,25.72,12.5,u,g,aa,bb,0.58,f,f,0,t,g,720,0,0,417,27191,4246,self_employed,tier_1,0.1562,22945,13
a,41.48,1.04,u,g,aa,v,1.16,f,f,0,f,g,240,237,0,327,31123,11529,business,tier_3,0.3704,19594,33
a,40.86,6.5,u,g,q,v,0.59,t,t,3,t,g,145,0,1,858,95093,28408,business,tier_2,0.2987,66685,30
a,25.95,2.0,u,g,j,j,0.0,f,f,0,t,g,276,1,0,694,36534,11550,business,tier_1,0.3161,24984,1
b,24.51,13.0,u,g,e,dd,0.0,f,f,0,t,g,140,1110,0,519,37758,11501,salaried,tier_2,0.3046,26257,17
b,39.37,6.21,u,g,q,v,0.25,t,t,1,f,g,200,300,1,885,22591,2888,business,tier_2,0.1278,19703,3
b,32.95,4.46,u,g,cc,h,6.31,t,t,3,f,g,311,300,1,802,112057,17423,self_employed,tier_2,0.1555,94634,80
b,24.48,12.0,u,g,k,v,1.75,t,t,2,t,g,120,5,0,658,29074,1155,business,tier_2,0.0397,27919,31
a,18.19,9.5,u,g,aa,v,1.76,f,t,10,t,g,0,10,0,366,16624,4402,salaried,tier_1,0.2648,12222,26
b,50.81,10.0,u,g,i,bb,0.0,t,t,11,f,g,0,1249,1,789,49226,11850,business,tier_2,0.2407,37376,6
a,26.94,0.29,u,g,m,h,0.5,f,t,1,t,g,272,108,0,388,37846,8293,freelancer,tier_3,0.2191,29553,11
b,26.43,0.835,u,g,cc,v,0.82,f,f,0,f,g,100,0,0,632,12879,1132,freelancer,tier_3,0.0879,11747,25
a,51.88,12.54,u,g,aa,v,2.46,t,t,3,t,g,156,0,1,741,171204,38778,salaried,tier_2,0.2265,132426,41
a,23.77,2.085,u,g,c,h,2.52,t,f,0,t,g,360,1,0,344,24535,4100,salaried,tier_3,0.1671,20435,36
a,20.05,11.665,u,g,k,h,0.0,f,f,0,f,g,320,5,0,398,19949,2334,salaried,tier_3,0.117,17615,20
b,32.76,3.5,u,g,k,v,0.94,f,f,0,t,g,232,0,0,343,30592,8779,business,tier_3,0.287,21813,17
a,33.8,6.0,u,g,d,v,0.99,f,f,0,f,g,272,0,0,467,22429,2773,salaried,tier_3,0.1236,19656,26
b,36.88,5.0,u,g,x,h,7.1,t,t,6,t,g,0,1000,1,820,52859,7472,business,tier_1,0.1414,45387,91
b,34.86,2.5,u,g,w,v,0.0,t,f,0,t,g,239,200,1,721,75302,11601,salaried,tier_2,0.1541,63701,12
b,26.62,4.5,y,p,c,bb,2.5,f,f,0,f,g,200,1210,0,458,18813,2537,salaried,tier_1,0.1349,16276,39
b,22.41,11.0,u,g,x,v,0.43,t,t,6,f,g,121,0,1,686,55845,996,self_employed,tier_3,0.0178,54849,7
b,51.64,0.04,u,g,x,h,0.0,t,f,0,f,g,0,3000,1,826,34374,1114,business,tier_1,0.0324,33260,3
a,31.21,12.0,u,g,c,v,2.19,t,t,1,f,g,220,19,1,880,28008,10214,salaried,tier_2,0.3647,17794,48
b,43.5,0.205,u,g,i,h,4.69,t,f,0,f,g,400,0,1,681,26880,1159,salaried,tier_2,0.0431,25721,68
b,19.07,6.75,y,p,m,v,0.4,f,f,0,f,g,140,0,0,526,29897,9162,business,tier_2,0.3065,20735,17
a,22.66,7.0,u,g,c,v,0.48,f,f,0,f,g,160,0,0,531,12371,379,salaried,tier_2,0.0306,11992,22
b,18.0,0.75,u,g,c,v,2.24,t,t,5,t,g,352,690,1,707,142151,37806,freelancer,tier_1,0.266,104345,35
b,40.06,1.625,u,g,c,v,1.94,f,f,0,f,g,0,316,0,594,13740,4815,salaried,tier_2,0.3504,8925,27
b,44.82,8.5,u,g,cc,h,13.86,t,t,1,t,g,88,2000,1,788,36757,3432,salaried,tier_2,0.0934,33325,166
b,21.0,0.25,y,p,c,h,0.15,f,f,0,f,g,280,204,0,679,21578,4182,salaried,tier_3,0.1938,17396,5
a,22.9,4.5,u,g,w,v,1.25,f,f,0,t,g,360,6,0,380,11375,35,self_employed,tier_2,0.0031,11340,21
b,32.78,6.5,u,g,aa,v,0.0,t,f,0,t,g,443,0,0,703,12443,4374,salaried,tier_1,0.3515,8069,17
b,27.78,1.5,u,g,w,v,2.06,f,t,1,t,g,100,3,0,540,15604,5471,business,tier_2,0.3506,10133,33
a,19.21,10.21,u,g,ff,ff,0.0,f,f,0,f,g,0,50,0,614,10285,1353,salaried,tier_3,0.1316,8932,7
b,24.86,0.5,u,g,c,v,1.41,t,t,5,t,g,312,0,1,836,73875,7326,business,tier_1,0.0992,66549,22
a,32.01,3.125,u,g,ff,ff,3.09,f,t,2,t,g,200,4,0,346,23745,8383,salaried,tier_2,0.353,15362,44
b,20.96,0.79,y,p,cc,v,0.38,f,f,0,f,g,160,0,0,317,17666,4808,salaried,tier_3,0.2722,12858,14
a,37.0,5.0,u,g,cc,v,13.03,t,f,0,t,g,980,0,0,516,16718,1095,salaried,tier_2,0.0655,15623,170
b,40.08,10.125,y,p,k,v,0.34,f,f,0,f,g,160,0,0,667,26982,8258,self_employed,tier_3,0.3061,18724,27
b,18.0,0.04,u,g,c,v,0.0,f,f,0,f,g,0,0,1,830,36986,10650,business,tier_2,0.2879,26336,4
b,28.23,1.835,u,g,c,h,4.81,t,f,0,f,g,260,200,1,842,35152,10624,self_employed,tier_1,0.3022,24528,74
b,33.71,2.5,u,g,cc,h,2.47,t,t,6,f,g,160,2072,1,870,91004,32453,salaried,tier_1,0.3566,58551,29
b,32.06,9.0,y,p,w,h,5.41,t,f,0,t,g,154,0,1,714,141881,16309,salaried,tier_3,0.1149,125572,75
b,30.23,0.875,u,g,m,v,0.89,t,t,3,t,g,396,0,1,729,154131,42183,self_employed,tier_3,0.2737,111948,28
a,22.63,0.79,y,p,q,v,1.06,t,t,2,t,g,80,400,1,690,130750,11428,self_employed,tier_2,0.0874,119322,32
a,47.12,1.335,u,g,i,o,0.31,f,f,0,f,g,0,120,0,544,22355,7194,salaried,tier_3,0.3218,15161,24
b,19.1,3.54,y,p,ff,ff,0.02,f,f,0,t,g,180,1,0,477,26159,9930,salaried,tier_3,0.3796,16229,9
b,26.09,0.54,u,g,m,v,1.35,f,f,0,t,g,120,1,0,485,27342,8564,business,tier_3,0.3132,18778,39
b,31.94,1.0,u,g,x,v,0.98,t,t,7,t,g,340,4071,1,753,107572,30766,self_employed,tier_3,0.286,76806,25
b,53.17,1.375,y,p,c,h,9.04,t,f,0,t,g,200,100,0,682,43039,11166,salaried,tier_1,0.2594,31873,113
b,30.08,0.04,y,p,m,v,0.0,f,f,0,f,g,0,0,0,456,31946,3390,salaried,tier_2,0.1061,28556,0
b,21.85,8.17,u,g,aa,v,1.77,t,t,14,f,g,60,158,1,838,157622,35077,business,tier_1,0.2225,122545,28
b,32.4,6.5,u,g,aa,v,0.0,t,f,0,t,g,443,0,0,707,11917,3952,salaried,tier_1,0.3316,7965,0
b,27.24,0.335,u,g,k,h,3.46,f,f,0,t,g,340,0,0,378,18768,2235,salaried,tier_1,0.1191,16533,62
b,38.38,0.705,u,g,c,v,0.86,f,t,2,f,g,225,500,0,637,15507,1276,business,tier_2,0.0823,14231,25
b,32.12,7.5,u,g,e,bb,1.6,t,f,0,t,s,420,0,0,668,31093,1863,salaried,tier_2,0.0599,29230,22
a,24.31,5.665,u,g,q,v,2.83,t,t,7,f,g,129,3257,1,844,81252,15640,salaried,tier_2,0.1925,65612,36
b,36.38,4.25,u,g,i,bb,3.43,t,t,2,f,g,274,610,1,749,35003,13364,business,tier_3,0.3818,21639,62
b,26.77,12.5,y,p,k,h,1.6,f,f,0,t,g,0,17,0,338,23931,1234,business,tier_3,0.0516,22697,40
b,47.26,26.335,y,p,ff,ff,0.0,t,f,0,t,g,0,0,0,628,23330,5923,salaried,tier_1,0.2539,17407,11
b,22.6,10.04,u,g,x,v,0.29,t,t,9,f,g,60,396,1,852,78213,27624,business,tier_3,0.3532,50589,9
a,58.54,21.0,u,g,i,bb,10.38,t,t,13,f,g,0,6700,1,676,105784,82,self_employed,tier_3,0.0008,105702,143
b,39.56,1.625,u,g,c,v,1.17,f,f,0,f,g,0,316,0,556,13335,4404,salaried,tier_2,0.3303,8931,34
b,36.45,5.5,u,g,i,bb,4.85,f,f,0,f,g,210,687,0,551,38108,13419,self_employed,tier_2,0.3521,24689,76
b,32.74,1.08,u,g,m,v,1.64,f,f,0,f,s,28,0,0,698,12971,449,freelancer,tier_3,0.0346,12522,25
